yearID,name,park,BA LH,2B LH,3B LH,HR LH,BA RH,2B RH,3B RH,HR RH,BA Overall,2B Overall,3B Overall,HR Overall
1884,Altoona Mountain City,Columbia Park,1.04,1,1,1.04,1.04,1,1,1.04,1.04,1,1,1.04
1961,Los Angeles Angels,LA Wrigley Field 1961,1,1.12,0.76,1.33,1.03,1.02,1.19,1.62,1.02,1.05,0.9,1.49
1962,Los Angeles Angels,Dodger Stadium,1.03,1,0.94,0.73,0.98,0.97,0.94,0.81,1,0.98,0.94,0.77
1963,Los Angeles Angels,Dodger Stadium,1.01,0.97,0.89,0.75,0.99,0.95,0.93,0.77,1,0.96,0.92,0.76
1964,Los Angeles Angels,Dodger Stadium,0.98,0.94,0.81,0.74,0.99,0.92,0.96,0.76,0.99,0.93,0.89,0.75
1965,California Angels,Dodger Stadium,0.96,0.91,0.76,0.81,1.01,0.91,0.97,0.75,0.99,0.91,0.86,0.77
1966,California Angels,Anaheim Stadium,0.99,0.97,0.88,0.93,0.97,0.93,1.08,0.94,0.98,0.95,0.99,0.94
1967,California Angels,Anaheim Stadium,0.97,0.96,0.82,0.95,0.97,0.93,1.02,0.99,0.97,0.94,0.94,0.98
1968,California Angels,Anaheim Stadium,0.96,0.97,0.8,1.01,0.97,0.97,0.96,1.03,0.97,0.97,0.89,1.02
1969,California Angels,Anaheim Stadium,0.96,0.91,0.85,0.92,0.98,0.96,0.95,0.95,0.98,0.94,0.91,0.94
1970,California Angels,Anaheim Stadium,0.98,0.96,1,0.91,0.99,0.94,1.03,0.92,0.99,0.95,1.01,0.92
1971,California Angels,Anaheim Stadium,0.97,0.91,0.95,0.81,0.98,0.92,1.01,0.85,0.98,0.92,0.99,0.84
1972,California Angels,Anaheim Stadium,0.97,1,1.1,0.85,0.97,0.89,0.99,0.91,0.97,0.92,1.04,0.89
1973,California Angels,Anaheim Stadium,0.96,0.91,0.94,0.83,0.98,0.89,0.92,0.92,0.97,0.9,0.93,0.89
1974,California Angels,Anaheim Stadium,0.98,0.96,0.86,0.91,0.98,0.89,0.9,0.93,0.98,0.91,0.88,0.92
1975,California Angels,Anaheim Stadium,0.97,0.95,0.82,0.87,0.98,0.91,0.88,0.87,0.98,0.93,0.85,0.87
1976,California Angels,Anaheim Stadium,0.99,0.98,0.74,0.84,0.98,0.92,0.92,0.94,0.99,0.94,0.83,0.9
1977,California Angels,Anaheim Stadium,1,0.97,0.85,0.88,1,0.94,0.89,0.98,1,0.95,0.87,0.94
1978,California Angels,Anaheim Stadium,1,0.95,0.8,0.9,1.01,0.93,0.81,0.99,1.01,0.94,0.8,0.96
1979,California Angels,Anaheim Stadium,0.99,0.98,0.88,0.97,1.01,0.94,0.71,0.94,1,0.96,0.78,0.95
1980,California Angels,Anaheim Stadium,0.98,1.01,0.73,0.95,1,0.96,0.71,0.93,0.99,0.98,0.72,0.94
1981,California Angels,Anaheim Stadium,0.99,1.03,0.76,1.06,1.01,0.98,0.73,1,1,1,0.74,1.02
1982,California Angels,Anaheim Stadium,1,1.01,0.73,1.11,0.99,1,0.77,1.03,0.99,1,0.75,1.06
1983,California Angels,Anaheim Stadium,0.98,0.95,0.75,1.18,0.98,0.95,0.77,1.06,0.98,0.95,0.76,1.1
1984,California Angels,Anaheim Stadium,0.97,0.95,0.79,1.13,0.97,0.96,0.72,1.07,0.97,0.96,0.75,1.09
1985,California Angels,Anaheim Stadium,0.97,0.96,0.8,1.13,0.97,0.96,0.78,1.07,0.97,0.96,0.79,1.09
1986,California Angels,Anaheim Stadium,0.97,0.93,0.89,1.11,0.97,0.96,0.77,1.05,0.97,0.95,0.83,1.08
1987,California Angels,Anaheim Stadium,0.98,0.91,0.82,1.12,0.98,0.96,0.87,1.02,0.98,0.93,0.85,1.06
1988,California Angels,Anaheim Stadium,0.96,0.9,0.93,1.14,0.99,0.97,0.87,1.02,0.98,0.93,0.9,1.08
1989,California Angels,Anaheim Stadium,0.97,0.94,0.88,1.11,1,0.97,0.9,1.09,0.98,0.96,0.88,1.1
1990,California Angels,Anaheim Stadium,0.95,0.95,0.99,1.12,0.99,0.97,0.85,1.11,0.97,0.96,0.91,1.12
1991,California Angels,Anaheim Stadium,0.96,0.96,0.96,0.99,1,0.92,0.79,1.07,0.99,0.94,0.86,1.04
1992,California Angels,Anaheim Stadium,0.96,0.94,0.88,1.01,1,0.95,0.83,1.05,0.99,0.94,0.85,1.04
1993,California Angels,Anaheim Stadium,0.99,0.99,0.89,1.08,1.01,0.94,0.85,1.08,1,0.96,0.87,1.08
1994,California Angels,Anaheim Stadium,1,0.95,0.88,1.12,0.98,0.99,0.82,1.08,0.99,0.97,0.85,1.1
1995,California Angels,Anaheim Stadium,1,0.96,0.94,1.09,0.97,1,0.71,1.1,0.98,0.98,0.79,1.1
1996,California Angels,Anaheim Stadium,1,0.99,0.89,1.11,0.97,1,0.71,1.1,0.99,0.99,0.78,1.1
1997,Anaheim Angels,Edison International Field,1,0.99,0.95,1.03,0.98,0.99,0.8,1.1,0.99,0.99,0.87,1.07
1998,Anaheim Angels,Edison International Field,1,1.01,1.16,1.05,0.98,0.99,0.84,1.05,0.99,1,0.98,1.05
1999,Anaheim Angels,Edison International Field,1.01,0.99,1,0.99,0.99,0.98,0.84,1.04,1,0.99,0.93,1.02
2000,Anaheim Angels,Edison International Field,1.02,1.02,0.9,1.02,1,0.98,0.74,1.08,1.01,1,0.83,1.05
2001,Anaheim Angels,Edison International Field,1.02,1.01,0.84,0.94,1,0.96,0.83,1.04,1.01,0.98,0.84,0.99
2002,Anaheim Angels,Edison International Field,1,0.99,0.88,0.9,1.01,1,0.91,0.97,1,1,0.89,0.94
2003,Anaheim Angels,Edison International Field,0.98,0.98,0.87,0.94,1.01,0.97,0.88,0.93,1,0.98,0.88,0.93
2004,Anaheim Angels,Angel Stadium of Anaheim,0.97,1,0.89,0.95,1.02,0.97,0.87,0.96,0.99,0.98,0.88,0.96
2005,Los Angeles Angels of Anaheim,Angel Stadium of Anaheim,0.99,0.97,0.9,0.96,1.01,0.96,0.85,0.96,1,0.96,0.88,0.96
2006,Los Angeles Angels of Anaheim,Angel Stadium of Anaheim,1.01,1.03,0.94,0.89,1.01,1,0.86,0.95,1.01,1.01,0.9,0.93
2007,Los Angeles Angels of Anaheim,Angel Stadium of Anaheim,1.04,1.01,0.91,0.9,1.01,0.99,0.81,0.95,1.02,1,0.87,0.93
2008,Los Angeles Angels of Anaheim,Angel Stadium of Anaheim,1.02,1.02,0.88,0.97,1,0.99,0.79,1.02,1.01,1.01,0.84,1
2009,Los Angeles Angels of Anaheim,Angel Stadium of Anaheim,1,0.94,0.83,0.98,0.99,0.97,0.79,1,0.99,0.96,0.82,0.99
2010,Los Angeles Angels of Anaheim,Angel Stadium of Anaheim,0.98,0.91,0.81,0.97,0.99,0.98,0.78,0.98,0.99,0.95,0.8,0.97
2011,Los Angeles Angels of Anaheim,Angel Stadium of Anaheim,0.98,0.93,0.91,0.9,0.98,0.97,0.81,0.91,0.98,0.95,0.86,0.9
2012,Los Angeles Angels of Anaheim,Angel Stadium of Anaheim,0.98,0.98,1.13,0.92,1,0.96,0.85,0.91,0.99,0.97,0.95,0.91
2013,Los Angeles Angels of Anaheim,Angel Stadium of Anaheim,1,1.01,1.01,0.91,0.99,0.96,0.89,0.92,1,0.98,0.94,0.92
2014,Los Angeles Angels of Anaheim,Angel Stadium of Anaheim,1,0.98,0.83,0.94,1,0.97,0.93,0.95,1,0.97,0.89,0.95
2015,Los Angeles Angels of Anaheim,Angel Stadium of Anaheim,0.99,0.96,0.77,0.95,0.98,0.97,0.87,1,0.99,0.97,0.83,0.98
2016,Los Angeles Angels of Anaheim,Angel Stadium of Anaheim,0.99,0.94,0.93,0.97,0.98,0.95,0.82,1.01,0.98,0.95,0.86,1
2017,Los Angeles Angels of Anaheim,Angel Stadium of Anaheim,0.98,0.96,0.92,1.03,0.97,0.97,0.78,1.03,0.97,0.96,0.84,1.03
2018,Los Angeles Angels of Anaheim,Angel Stadium of Anaheim,0.98,0.96,0.89,1.06,0.98,1,0.85,1,0.98,0.98,0.87,1.02
2019,Los Angeles Angels of Anaheim,Angel Stadium of Anaheim,0.96,0.97,0.83,1.13,0.99,1.03,0.93,1.01,0.98,1.01,0.87,1.04
2020,Los Angeles Angels of Anaheim,Angel Stadium of Anaheim,1,0.98,0.91,1.07,1,0.98,0.91,1.07,1,0.98,0.91,1.07
2021,Los Angeles Angels of Anaheim,Angel Stadium of Anaheim,1.01,0.98,1.01,1.11,1.01,0.98,1.01,1.11,1.01,0.98,1.01,1.11
2022,Los Angeles Angels of Anaheim,Angel Stadium of Anaheim,1,0.96,1.03,1.08,1,0.96,1.03,1.08,1,0.96,1.03,1.08
1998,Arizona Diamondbacks,Bank One Ballpark,0.99,0.99,1.3,1,1,0.98,1.45,0.94,1,0.98,1.36,0.96
1999,Arizona Diamondbacks,Bank One Ballpark,1,0.99,1.2,0.97,1.01,0.98,1.45,0.94,1.01,0.99,1.29,0.95
2000,Arizona Diamondbacks,Bank One Ballpark,1.01,1.01,1.14,1.01,1.02,1,1.44,1,1.01,1.01,1.26,1
2001,Arizona Diamondbacks,Bank One Ballpark,1.03,1.01,1.14,1,1.04,1.01,1.43,1.04,1.03,1.01,1.25,1.02
2002,Arizona Diamondbacks,Bank One Ballpark,1.03,1.05,1.23,1.04,1.03,1.06,1.47,1.1,1.03,1.06,1.31,1.07
2003,Arizona Diamondbacks,Bank One Ballpark,1.02,1.08,1.23,1.06,1.02,1.06,1.41,1.06,1.02,1.07,1.29,1.06
2004,Arizona Diamondbacks,Bank One Ballpark,1.02,1.05,1.19,1.06,1.01,1.06,1.31,1.07,1.01,1.06,1.23,1.07
2005,Arizona Diamondbacks,Bank One Ballpark,1.01,1.01,1.14,1.13,1.02,1.03,1.34,1.06,1.01,1.02,1.22,1.09
2006,Arizona Diamondbacks,Chase Field,1.02,0.98,1.28,1.1,1.02,1.04,1.54,1.03,1.02,1.01,1.38,1.06
2007,Arizona Diamondbacks,Chase Field,1.01,1.02,1.26,1.14,1.03,1.04,1.42,1.02,1.02,1.03,1.33,1.07
2008,Arizona Diamondbacks,Chase Field,1.01,1.06,1.32,1.07,1.03,1.06,1.31,0.99,1.02,1.06,1.31,1.02
2009,Arizona Diamondbacks,Chase Field,1.03,1.05,1.35,1.01,1.02,1.06,1.19,1.02,1.02,1.06,1.28,1.02
2010,Arizona Diamondbacks,Chase Field,1.02,1.03,1.38,1.02,1.02,1.06,1.16,1.02,1.02,1.05,1.28,1.02
2011,Arizona Diamondbacks,Chase Field,1.03,1.04,1.38,1.01,1.01,1.03,1.05,1.07,1.02,1.04,1.22,1.05
2012,Arizona Diamondbacks,Chase Field,1,1.07,1.24,1.02,1.01,1.04,1.06,1.05,1.01,1.05,1.14,1.04
2013,Arizona Diamondbacks,Chase Field,1.02,1.07,1.15,1.07,1,1.03,1.28,1.05,1.01,1.04,1.23,1.06
2014,Arizona Diamondbacks,Chase Field,1.01,1.02,1.19,1.04,1.01,1.06,1.49,0.97,1.01,1.04,1.33,1
2015,Arizona Diamondbacks,Chase Field,1.04,1.03,1.19,1.04,1.02,1.04,1.59,1.04,1.03,1.03,1.39,1.04
2016,Arizona Diamondbacks,Chase Field,1.04,1.05,1.2,1.03,1.03,1.07,1.37,1.06,1.03,1.07,1.29,1.05
2017,Arizona Diamondbacks,Chase Field,1.04,1.05,1.24,1,1.02,1.03,1.42,1.09,1.02,1.03,1.34,1.06
2018,Arizona Diamondbacks,Chase Field,1.02,1.02,1.38,0.99,1.01,1.03,1.22,1,1.01,1.03,1.3,1
2019,Arizona Diamondbacks,Chase Field,1.02,0.97,1.57,0.95,1,0.98,1.25,0.96,1.01,0.98,1.41,0.95
2020,Arizona Diamondbacks,Chase Field,1.02,1.01,1.16,0.92,1.02,1.01,1.16,0.92,1.02,1.01,1.16,0.92
2021,Arizona Diamondbacks,Chase Field,1.04,1.02,1.07,0.91,1.04,1.02,1.07,0.91,1.04,1.02,1.07,0.91
2022,Arizona Diamondbacks,Chase Field,1.04,1.01,1.09,0.87,1.04,1.01,1.09,0.87,1.04,1.01,1.09,0.87
1876,Philadelphia Athletics,Jefferson Street Grounds,1.05,1,1,1.05,1.05,1,1,1.05,1.05,1,1,1.05
1876,Boston Red Caps,South End Grounds,1,1,1,1,1,1,1,1,1,1,1,1
1877,Boston Red Caps,South End Grounds,1,1,1,1,1,1,1,1,1,1,1,1
1878,Boston Red Caps,South End Grounds,1.02,1,1,1.02,1.02,1,1,1.02,1.02,1,1,1.02
1879,Boston Red Caps,South End Grounds,1,1,1,1,1,1,1,1,1,1,1,1
1880,Boston Red Caps,South End Grounds,0.98,1,1,0.98,0.98,1,1,0.98,0.98,1,1,0.98
1881,Boston Red Caps,South End Grounds,0.97,1,1,0.97,0.97,1,1,0.97,0.97,1,1,0.97
1882,Boston Red Caps,South End Grounds,0.99,1,1,0.99,0.99,1,1,0.99,0.99,1,1,0.99
1883,Boston Beaneaters,South End Grounds,1,1,1,1,1,1,1,1,1,1,1,1
1884,Boston Beaneaters,South End Grounds,0.98,1,1,0.98,0.98,1,1,0.98,0.98,1,1,0.98
1885,Boston Beaneaters,South End Grounds,0.97,1,1,0.97,0.97,1,1,0.97,0.97,1,1,0.97
1886,Boston Beaneaters,South End Grounds,0.98,1,1,0.98,0.98,1,1,0.98,0.98,1,1,0.98
1887,Boston Beaneaters,South End Grounds,0.99,1,1,0.99,0.99,1,1,0.99,0.99,1,1,0.99
1888,Boston Beaneaters,South End Grounds,1.01,1,1,1.01,1.01,1,1,1.01,1.01,1,1,1.01
1889,Boston Beaneaters,South End Grounds,1.02,1,1,1.02,1.02,1,1,1.02,1.02,1,1,1.02
1890,Boston Beaneaters,South End Grounds,1.03,1,1,1.03,1.03,1,1,1.03,1.03,1,1,1.03
1891,Boston Beaneaters,South End Grounds,1.06,1,1,1.06,1.06,1,1,1.06,1.06,1,1,1.06
1892,Boston Beaneaters,South End Grounds,1.04,1,1,1.04,1.04,1,1,1.04,1.04,1,1,1.04
1893,Boston Beaneaters,South End Grounds,1.04,1,1,1.04,1.04,1,1,1.04,1.04,1,1,1.04
1894,Boston Beaneaters,South End Grounds,1.03,1,1,1.03,1.03,1,1,1.03,1.03,1,1,1.03
1895,Boston Beaneaters,South End Grounds,1.03,1,1,1.03,1.03,1,1,1.03,1.03,1,1,1.03
1896,Boston Beaneaters,South End Grounds,1.03,1,1,1.03,1.03,1,1,1.03,1.03,1,1,1.03
1897,Boston Beaneaters,South End Grounds,1.03,1,1,1.03,1.03,1,1,1.03,1.03,1,1,1.03
1898,Boston Beaneaters,South End Grounds,1.02,1,1,1.02,1.02,1,1,1.02,1.02,1,1,1.02
1899,Boston Beaneaters,South End Grounds,1.06,1,1,1.06,1.06,1,1,1.06,1.06,1,1,1.06
1900,Boston Beaneaters,South End Grounds,1.07,1,1,1.07,1.07,1,1,1.07,1.07,1,1,1.07
1901,Boston Beaneaters,South End Grounds,1.01,0.94,0.75,1.57,1.01,0.94,0.75,1.57,1.01,0.94,0.75,1.57
1902,Boston Beaneaters,South End Grounds,1,0.99,0.73,1.37,1,0.99,0.73,1.37,1,0.99,0.73,1.37
1903,Boston Beaneaters,South End Grounds,0.99,1.01,0.71,1.22,0.99,1.01,0.71,1.22,0.99,1.01,0.71,1.22
1904,Boston Beaneaters,South End Grounds,0.98,1.07,0.74,1.06,0.98,1.07,0.74,1.06,0.98,1.07,0.74,1.06
1905,Boston Beaneaters,South End Grounds,0.98,1.06,0.88,0.92,0.96,1.09,0.8,1.72,0.98,1.04,0.78,1.12
1906,Boston Beaneaters,South End Grounds,0.98,0.95,0.92,0.93,0.98,1.07,0.84,1.93,0.98,1.03,0.85,1.33
1907,Boston Doves,South End Grounds,0.99,0.91,0.87,1.14,0.99,1,0.82,2.21,1,0.97,0.82,1.61
1908,Boston Doves,South End Grounds,0.98,0.96,0.85,1.13,1.02,1.04,0.74,1.68,1,1,0.78,1.42
1909,Boston Doves,South End Grounds,0.99,1.01,0.82,1.54,1.03,1.06,0.67,1.55,1.02,1.03,0.72,1.54
1910,Boston Doves,South End Grounds,0.98,1.07,0.83,1.35,1.03,1.08,0.7,1.6,1,1.08,0.75,1.47
1911,Boston Rustlers,South End Grounds,1.01,1.05,0.81,1.41,1.02,1.11,0.75,1.6,1.02,1.09,0.78,1.5
1912,Boston Braves,South End Grounds,1,1.15,0.79,1.25,1,1.13,0.74,1.15,1,1.14,0.77,1.19
1913,Boston Braves,South End Grounds,1.01,1.15,0.79,1.29,1,1.11,0.76,0.9,1.01,1.1,0.8,1.09
1914,Boston Braves,South End Grounds,0.99,1.19,0.85,1.22,0.98,1.12,0.73,0.81,0.99,1.1,0.79,1
1915,Boston Braves,Braves Field,0.97,0.97,1.02,0.63,0.98,1.02,0.96,0.67,0.97,0.98,1.01,0.68
1916,Boston Braves,Braves Field,0.98,0.95,1.07,0.73,0.98,1.03,1.07,0.71,0.98,0.98,1.09,0.74
1917,Boston Braves,Braves Field,0.97,0.95,1.24,0.73,0.97,0.99,1.03,0.73,0.97,0.99,1.1,0.73
1918,Boston Braves,Braves Field,0.98,0.86,1.24,0.92,0.97,0.98,1.1,0.75,0.97,0.94,1.16,0.81
1919,Boston Braves,Braves Field,0.98,0.85,1.23,0.71,0.97,0.9,1.06,0.74,0.97,0.88,1.16,0.74
1920,Boston Braves,Braves Field,0.97,0.83,1.29,0.69,0.97,0.9,1.09,0.78,0.97,0.88,1.18,0.75
1921,Boston Braves,Braves Field,0.96,0.87,1.16,0.65,0.98,0.9,1.03,0.73,0.97,0.89,1.12,0.71
1922,Boston Braves,Braves Field,0.97,0.9,1.18,0.7,0.98,0.93,0.99,0.73,0.98,0.92,1.09,0.73
1923,Boston Braves,Braves Field,0.98,1,1.01,0.7,0.98,1,1,0.67,0.98,1,1.05,0.69
1924,Boston Braves,Braves Field,0.98,1.02,1.14,0.69,0.98,1,1.04,0.7,0.98,1,1.09,0.7
1925,Boston Braves,Braves Field,0.97,0.98,0.99,0.65,0.97,1.01,1,0.65,0.97,0.99,1.02,0.65
1926,Boston Braves,Braves Field,0.98,0.97,1.04,0.63,0.97,0.96,1.01,0.64,0.98,0.96,1.02,0.64
1927,Boston Braves,Braves Field,1.01,1.01,0.92,0.7,0.97,0.97,0.93,0.92,0.98,0.99,0.93,0.81
1928,Boston Braves,Braves Field,1,1.1,0.98,0.74,0.97,0.97,0.96,0.96,0.98,1.02,0.97,0.85
1929,Boston Braves,Braves Field,0.98,1.1,0.96,0.77,0.98,0.97,1.08,1.05,0.98,1.02,1.04,0.92
1930,Boston Braves,Braves Field,0.96,1.06,1.01,0.72,0.99,0.96,1.1,0.94,0.98,0.99,1.06,0.84
1931,Boston Braves,Braves Field,0.95,1.05,0.98,0.68,0.99,0.99,1.06,0.97,0.98,1,1.03,0.86
1932,Boston Braves,Braves Field,0.96,1.1,0.94,0.65,0.98,0.99,0.93,1,0.97,1.01,0.93,0.88
1933,Boston Braves,Braves Field,0.95,1.1,0.97,0.65,0.95,0.99,0.91,1.02,0.96,1.02,0.94,0.88
1934,Boston Braves,Braves Field,0.96,1.03,0.92,0.68,0.97,0.94,0.93,1.12,0.97,0.97,0.92,0.93
1935,Boston Braves,Braves Field,0.99,0.95,0.92,0.67,0.97,0.93,0.88,1.05,0.97,0.94,0.9,0.87
1936,Boston Bees,Braves Field,0.98,0.9,0.88,0.66,0.98,0.93,0.84,1,0.98,0.92,0.85,0.83
1937,Boston Bees,Braves Field,0.97,0.91,0.9,0.61,0.96,0.94,0.79,0.87,0.97,0.93,0.85,0.74
1938,Boston Bees,Braves Field,0.96,0.93,0.87,0.57,0.97,0.92,0.79,0.81,0.97,0.93,0.83,0.7
1939,Boston Bees,Braves Field,0.98,1.01,0.98,0.59,0.98,0.98,0.83,0.83,0.98,0.99,0.9,0.72
1940,Boston Bees,Braves Field,0.99,1.03,1.01,0.69,0.99,1.01,0.81,0.82,0.99,1.01,0.91,0.76
1941,Boston Braves,Braves Field,0.97,1.05,1.08,0.8,0.99,1.07,0.8,0.92,0.98,1.06,0.92,0.86
1942,Boston Braves,Braves Field,0.98,1.05,0.94,0.94,0.99,1.1,0.79,0.93,0.98,1.08,0.86,0.94
1943,Boston Braves,Braves Field,0.95,1.07,0.81,1.13,0.98,1.15,0.8,1.07,0.97,1.11,0.81,1.1
1944,Boston Braves,Braves Field,0.98,1.06,0.8,1.37,0.99,1.18,0.78,1.2,0.99,1.12,0.79,1.29
1945,Boston Braves,Braves Field,0.99,1.01,0.77,1.23,0.99,1.15,0.77,1.07,0.99,1.09,0.77,1.17
1946,Boston Braves,Braves Field,1,0.96,0.88,1.1,1,1.12,0.8,0.88,1,1.05,0.83,0.99
1947,Boston Braves,Braves Field,0.99,0.94,0.96,0.88,0.99,1.08,0.86,0.76,0.99,1.02,0.9,0.82
1948,Boston Braves,Braves Field,0.97,0.95,1.06,0.94,1,1.09,0.86,0.73,0.99,1.03,0.94,0.81
1949,Boston Braves,Braves Field,0.97,0.96,1.01,0.93,0.99,1.06,0.88,0.75,0.98,1.02,0.94,0.81
1950,Boston Braves,Braves Field,0.96,0.96,0.99,0.99,0.99,1.06,0.85,0.75,0.98,1.02,0.91,0.83
1951,Boston Braves,Braves Field,0.96,0.94,0.84,1,0.99,1.04,0.8,0.77,0.97,1,0.82,0.85
1952,Boston Braves,Braves Field,0.97,0.96,0.83,1.03,1.01,1.05,0.76,0.8,0.99,1.01,0.79,0.88
1953,Milwaukee Braves,County Stadium,0.98,0.99,0.84,0.79,0.99,0.87,0.84,0.74,0.98,0.91,0.84,0.76
1954,Milwaukee Braves,County Stadium,0.98,1.01,0.81,0.81,0.99,0.89,0.89,0.77,0.99,0.93,0.85,0.79
1955,Milwaukee Braves,County Stadium,0.99,0.98,0.76,0.81,0.99,0.92,0.86,0.81,0.99,0.94,0.82,0.81
1956,Milwaukee Braves,County Stadium,0.98,0.97,0.8,0.8,0.98,0.95,0.93,0.87,0.98,0.96,0.87,0.84
1957,Milwaukee Braves,County Stadium,0.97,0.89,0.77,0.85,0.96,0.96,0.97,0.86,0.96,0.93,0.87,0.86
1958,Milwaukee Braves,County Stadium,0.95,0.87,0.8,0.92,0.96,0.94,0.96,0.86,0.96,0.91,0.87,0.88
1959,Milwaukee Braves,County Stadium,0.95,0.88,0.85,1.02,0.95,0.94,0.9,0.9,0.95,0.92,0.87,0.94
1960,Milwaukee Braves,County Stadium,0.95,0.93,0.85,0.94,0.95,0.96,0.85,0.98,0.95,0.95,0.85,0.96
1961,Milwaukee Braves,County Stadium,0.96,0.96,0.82,0.96,0.95,0.98,0.85,0.98,0.95,0.98,0.84,0.98
1962,Milwaukee Braves,County Stadium,0.98,1.02,0.82,0.95,0.97,1.02,0.83,1.01,0.97,1.02,0.83,0.99
1963,Milwaukee Braves,County Stadium,0.99,1.01,0.89,1.02,0.98,1.04,0.76,1.05,0.99,1.03,0.8,1.04
1964,Milwaukee Braves,County Stadium,1,1.01,0.88,1.02,0.99,1.06,0.73,1.08,0.99,1.04,0.78,1.06
1965,Milwaukee Braves,County Stadium,0.99,0.97,0.84,1.05,0.99,1.05,0.71,1.08,1,1.03,0.75,1.07
1966,Atlanta Braves,Atlanta Stadium,0.97,0.98,0.94,1.51,1,0.92,0.74,1.15,0.99,0.93,0.79,1.23
1967,Atlanta Braves,Atlanta Stadium,0.97,1.01,1.07,1.38,0.99,0.93,0.77,1.13,0.98,0.95,0.85,1.19
1968,Atlanta Braves,Atlanta Stadium,0.97,1.06,1.19,1.28,0.99,0.94,0.81,1.12,0.98,0.98,0.92,1.15
1969,Atlanta Braves,Atlanta Stadium,1,1.07,1.03,1.21,0.98,0.95,0.81,1.17,0.98,0.98,0.88,1.18
1970,Atlanta Braves,Atlanta Stadium,1,1.03,0.85,1.29,0.98,0.94,0.8,1.19,0.99,0.97,0.82,1.22
1971,Atlanta Braves,Atlanta Stadium,1,1.09,0.76,1.29,0.97,0.9,0.88,1.21,0.98,0.96,0.82,1.23
1972,Atlanta Braves,Atlanta Stadium,1.02,1.07,0.78,1.23,1,0.91,0.96,1.17,1.01,0.97,0.86,1.19
1973,Atlanta Braves,Atlanta Stadium,1.01,0.99,0.79,1.14,1.01,0.94,0.93,1.12,1.01,0.96,0.85,1.13
1974,Atlanta Braves,Atlanta Stadium,1.02,0.97,0.85,1.14,1.01,0.97,0.78,1.13,1.01,0.97,0.82,1.13
1975,Atlanta Braves,Atlanta Fulton County Stadium,1.01,0.98,0.82,1.12,1.01,0.99,0.76,1.1,1.01,0.98,0.79,1.11
1976,Atlanta Braves,Atlanta Fulton County Stadium,1.03,1.06,0.78,1.35,1.01,0.96,0.79,1.29,1.02,1,0.79,1.31
1977,Atlanta Braves,Atlanta Fulton County Stadium,1.03,1.01,0.76,1.36,1.03,0.97,0.82,1.47,1.03,0.99,0.8,1.44
1978,Atlanta Braves,Atlanta Fulton County Stadium,1.02,1,0.8,1.41,1.02,0.95,0.85,1.42,1.02,0.97,0.83,1.42
1979,Atlanta Braves,Atlanta Fulton County Stadium,0.99,0.95,0.8,1.37,1.01,0.95,0.79,1.3,1,0.95,0.79,1.32
1980,Atlanta Braves,Atlanta Fulton County Stadium,0.98,0.98,0.8,1.36,0.99,0.92,0.8,1.23,0.99,0.94,0.8,1.26
1981,Atlanta Braves,Atlanta Fulton County Stadium,0.99,0.98,0.81,1.33,0.97,0.94,0.74,1.38,0.98,0.96,0.77,1.37
1982,Atlanta Braves,Atlanta Fulton County Stadium,1.04,0.99,0.95,1.15,0.98,0.94,0.84,1.34,1,0.96,0.9,1.27
1983,Atlanta Braves,Atlanta Fulton County Stadium,1.04,0.98,0.99,1.17,1,1.03,0.79,1.17,1.01,1.01,0.87,1.17
1984,Atlanta Braves,Atlanta Fulton County Stadium,1.03,0.98,0.92,1.1,1.03,1.03,0.84,1.04,1.03,1.01,0.88,1.06
1985,Atlanta Braves,Atlanta Fulton County Stadium,0.99,1.01,0.85,1.23,1.03,1.04,0.86,1.04,1.01,1.03,0.86,1.1
1986,Atlanta Braves,Atlanta Fulton County Stadium,1,1.01,0.86,1.09,1.04,0.99,1,1.11,1.02,0.99,0.91,1.1
1987,Atlanta Braves,Atlanta Fulton County Stadium,1,1.04,0.91,1.11,1.03,0.98,1.12,1.1,1.02,1,0.99,1.1
1988,Atlanta Braves,Atlanta Fulton County Stadium,1.01,1.04,0.93,0.93,1.02,0.97,1.14,1.08,1.02,1,1.03,1.03
1989,Atlanta Braves,Atlanta Fulton County Stadium,1.02,1.03,0.86,1.02,1.01,0.98,0.94,1.02,1.01,1,0.9,1.02
1990,Atlanta Braves,Atlanta Fulton County Stadium,1.03,1,0.82,1.08,1.01,0.97,0.87,1.05,1.02,0.98,0.84,1.06
1991,Atlanta Braves,Atlanta Fulton County Stadium,1.03,1,0.81,1.17,1.02,0.96,0.79,1.06,1.03,0.98,0.8,1.1
1992,Atlanta Braves,Atlanta Fulton County Stadium,1.02,0.99,0.84,1.13,1.01,0.99,0.83,1.01,1.02,0.99,0.83,1.06
1993,Atlanta Braves,Atlanta Fulton County Stadium,1.01,0.98,0.87,1.03,1,0.97,0.82,0.93,1.01,0.97,0.85,0.98
1994,Atlanta Braves,Atlanta Fulton County Stadium,1,0.96,0.9,1.11,1,1,0.92,0.96,1,0.98,0.91,1.03
1995,Atlanta Braves,Atlanta Fulton County Stadium,0.98,0.99,0.95,1.14,1,0.97,1.01,1.03,0.99,0.98,0.99,1.08
1996,Atlanta Braves,Atlanta Fulton County Stadium,0.98,0.98,0.95,1.25,0.99,1,1.05,1.05,0.99,0.99,1,1.13
1997,Atlanta Braves,Turner Field,1.01,0.97,1.26,0.91,1.03,0.99,1.02,0.99,1.02,0.98,1.13,0.95
1998,Atlanta Braves,Turner Field,0.99,1.01,1.13,0.93,1.01,0.97,1.03,0.98,1,0.99,1.08,0.96
1999,Atlanta Braves,Turner Field,1,1.02,1.05,1,1.01,0.98,0.94,0.96,1.01,0.99,0.99,0.97
2000,Atlanta Braves,Turner Field,0.99,1.03,0.78,1.04,1,0.95,1.03,0.95,1,0.98,0.89,0.98
2001,Atlanta Braves,Turner Field,1.01,0.96,0.82,1.1,1,1,1.03,0.95,1,0.98,0.91,0.99
2002,Atlanta Braves,Turner Field,1,0.94,0.95,1.07,0.99,0.98,0.96,0.95,0.99,0.97,0.96,0.99
2003,Atlanta Braves,Turner Field,1,0.94,0.99,1.07,0.98,1,0.94,0.98,0.99,0.98,0.97,1.01
2004,Atlanta Braves,Turner Field,1.01,0.98,1.01,0.99,0.99,0.97,1,0.98,1,0.98,1.01,0.98
2005,Atlanta Braves,Turner Field,1.02,1,0.92,0.95,1.02,0.99,0.96,1.03,1.02,1,0.94,0.99
2006,Atlanta Braves,Turner Field,1.02,1,1,0.92,1,0.95,0.93,1.01,1.01,0.97,0.97,0.97
2007,Atlanta Braves,Turner Field,1,0.97,1.02,0.93,1.01,0.96,0.88,1.04,1.01,0.96,0.96,0.99
2008,Atlanta Braves,Turner Field,0.99,0.96,1.06,0.97,1,0.95,1.02,0.98,0.99,0.95,1.04,0.98
2009,Atlanta Braves,Turner Field,0.98,0.96,1,0.98,1.02,0.97,1.09,0.99,1,0.97,1.03,0.98
2010,Atlanta Braves,Turner Field,0.99,0.96,0.87,1.02,1.01,0.97,1.07,0.95,1,0.96,0.95,0.98
2011,Atlanta Braves,Turner Field,1.02,1,0.9,1.02,1.02,1.01,0.95,0.95,1.02,1.01,0.92,0.98
2012,Atlanta Braves,Turner Field,1.03,1.02,0.92,1.04,1.01,1,1.01,0.91,1.02,1.01,0.96,0.97
2013,Atlanta Braves,Turner Field,1.02,1.02,1.03,1.02,1.01,0.97,0.92,0.98,1.01,0.99,0.98,1
2014,Atlanta Braves,Turner Field,1,1.02,0.9,0.95,1,0.94,0.98,0.99,1,0.97,0.94,0.97
2015,Atlanta Braves,Turner Field,1,0.97,0.9,0.91,1,0.95,0.89,0.96,1,0.96,0.89,0.94
2016,Atlanta Braves,Turner Field,1,0.98,0.89,0.88,0.99,0.97,0.97,0.87,1,0.98,0.91,0.88
2018,Atlanta Braves,SunTrust Park,1,1.02,0.87,0.99,1.01,1.01,0.92,0.94,1.01,1.02,0.89,0.96
2017,Atlanta Braves,SunTrust Park,1.01,0.98,0.85,0.96,1.01,1,0.87,0.91,1.01,0.99,0.86,0.93
2019,Atlanta Braves,SunTrust Park,0.99,1.05,0.87,0.96,1.02,0.99,0.98,0.97,1.01,1.02,0.91,0.96
2020,Atlanta Braves,SunTrust Park,1.01,1.02,0.96,1.01,1.01,1.02,0.96,1.01,1.01,1.02,0.96,1.01
2021,Atlanta Braves,Truist Park,1,0.93,0.84,1.06,1,0.93,0.84,1.06,1,0.93,0.84,1.06
2022,Atlanta Braves,Truist Park,1.01,0.98,1,1.02,1.01,0.98,1,1.02,1.01,0.98,1,1.02
1901,Milwaukee Brewers,Lloyd Street Grounds,0.94,1.01,1.04,0.96,0.94,1.01,1.04,0.96,0.94,1.01,1.04,0.96
1902,St. Louis Browns,Sportsmans Park,0.97,1.06,0.88,0.97,0.97,1.06,0.88,0.97,0.97,1.06,0.88,0.97
1903,St. Louis Browns,Sportsmans Park,0.97,1.05,0.87,0.95,0.97,1.05,0.87,0.95,0.97,1.05,0.87,0.95
1904,St. Louis Browns,Sportsmans Park,0.95,1.08,0.83,0.9,0.95,1.08,0.83,0.9,0.95,1.08,0.83,0.9
1905,St. Louis Browns,Sportsmans Park,0.94,1.24,0.8,1.09,0.95,1.1,0.8,0.89,0.96,1.09,0.81,0.98
1906,St. Louis Browns,Sportsmans Park,0.95,1.26,0.78,1.16,0.96,1.11,0.8,0.98,0.96,1.16,0.78,1.09
1907,St. Louis Browns,Sportsmans Park,0.99,1.23,0.77,1.39,0.97,1.09,0.87,1.25,0.97,1.15,0.81,1.32
1908,St. Louis Browns,Sportsmans Park,1,1.26,0.77,1.11,0.96,1.13,0.86,1.19,0.98,1.18,0.81,1.16
1909,St. Louis Browns,Sportsmans Park,0.97,1.03,0.97,0.69,0.94,0.97,0.93,0.77,0.96,0.98,0.97,0.73
1910,St. Louis Browns,Sportsmans Park,0.98,1.04,0.92,0.75,0.95,0.96,0.86,0.77,0.96,0.99,0.89,0.77
1911,St. Louis Browns,Sportsmans Park,0.99,1.07,0.87,0.82,0.97,0.99,0.88,0.79,0.98,1.01,0.87,0.81
1912,St. Louis Browns,Sportsmans Park,0.99,1.09,0.83,1.07,0.97,0.97,0.84,0.84,0.98,1.01,0.83,0.97
1913,St. Louis Browns,Sportsmans Park,0.99,1.1,0.83,1.5,0.98,1.01,0.92,0.96,0.99,1.04,0.87,1.2
1914,St. Louis Browns,Sportsmans Park,0.98,1.14,0.78,1.46,0.98,1.08,0.89,0.83,0.98,1.09,0.84,1.09
1915,St. Louis Browns,Sportsmans Park,0.99,1.15,0.73,1.47,0.99,1.09,0.93,0.87,0.99,1.12,0.82,1.05
1916,St. Louis Browns,Sportsmans Park,0.98,1.15,0.74,1.23,0.99,1.05,0.91,0.8,0.98,1.09,0.81,0.94
1917,St. Louis Browns,Sportsmans Park,0.99,1.14,0.78,1.57,0.97,1,1.02,0.92,0.98,1.06,0.88,1.13
1918,St. Louis Browns,Sportsmans Park,0.99,1.08,0.93,1.71,0.97,0.99,1.01,0.82,0.98,1.03,0.98,1.24
1919,St. Louis Browns,Sportsmans Park,1.01,1.02,1.06,1.85,1,1.03,0.99,0.82,1,1.03,1.07,1.33
1920,St. Louis Browns,Sportsmans Park,1.01,0.99,1.04,1.61,1.01,1.02,0.93,0.95,1.01,1.01,1,1.3
1921,St. Louis Browns,Sportsmans Park,1.02,0.96,1.1,1.9,1.01,1.03,0.99,0.95,1.01,1,1.05,1.36
1922,St. Louis Browns,Sportsmans Park,0.99,0.97,0.97,1.92,1.01,1,0.96,1.02,1,0.99,0.96,1.42
1923,St. Louis Browns,Sportsmans Park,1.01,1.01,0.92,2.05,1.01,0.98,0.9,1.06,1.01,0.99,0.91,1.49
1924,St. Louis Browns,Sportsmans Park,1,1,0.86,1.87,1,0.95,0.86,1.17,1,0.96,0.86,1.55
1925,St. Louis Browns,Sportsmans Park,1.01,1.03,1.03,2.05,0.99,0.96,0.93,1.25,1,0.98,0.97,1.67
1926,St. Louis Browns,Sportsmans Park,1,1.01,1.13,2.12,0.99,0.98,0.99,1.31,0.99,0.99,1.05,1.75
1927,St. Louis Browns,Sportsmans Park,1,1.07,1.09,2.4,0.98,1.02,0.99,1.34,0.99,1.03,1.02,1.88
1928,St. Louis Browns,Sportsmans Park,0.99,1.07,0.92,1.92,0.97,1.04,0.94,1.11,0.98,1.05,0.92,1.53
1929,St. Louis Browns,Sportsmans Park,0.99,1.04,0.92,1.48,0.99,1.07,0.91,0.99,0.99,1.07,0.9,1.24
1930,St. Louis Browns,Sportsmans Park,1.02,1.03,0.94,1.23,1.01,1.07,0.89,0.95,1.01,1.06,0.9,1.09
1931,St. Louis Browns,Sportsmans Park,1.02,1.01,0.95,1.31,1.02,1.05,0.91,1.01,1.02,1.04,0.92,1.14
1932,St. Louis Browns,Sportsmans Park,1.04,1.08,0.95,1.45,1.02,1.05,0.9,1.21,1.03,1.05,0.91,1.3
1933,St. Louis Browns,Sportsmans Park,1.02,1.1,0.93,1.45,1.02,1.04,0.9,1.32,1.02,1.06,0.91,1.36
1934,St. Louis Browns,Sportsmans Park,1.03,1.11,0.93,1.22,1.02,1.02,0.89,1.24,1.02,1.06,0.91,1.23
1935,St. Louis Browns,Sportsmans Park,1.01,1.07,0.9,1.13,1.02,1.03,0.88,1.12,1.02,1.04,0.89,1.13
1936,St. Louis Browns,Sportsmans Park,1.02,1.05,0.93,1.07,1.03,0.99,0.83,1.06,1.02,1.02,0.87,1.07
1937,St. Louis Browns,Sportsmans Park,1.04,1.09,0.97,1.17,1.02,1.02,0.82,1.02,1.03,1.04,0.87,1.06
1938,St. Louis Browns,Sportsmans Park,1.04,1.07,0.97,1.16,1.01,1.02,0.88,1.02,1.02,1.04,0.92,1.07
1939,St. Louis Browns,Sportsmans Park,1.06,1.08,0.91,1.23,1,1.1,0.92,1.06,1.02,1.09,0.92,1.12
1940,St. Louis Browns,Sportsmans Park,1.05,1.03,0.9,1.19,1,1.08,0.91,1.09,1.02,1.06,0.91,1.13
1941,St. Louis Browns,Sportsmans Park,1.03,1.1,0.9,1.2,1.01,1.04,0.87,1.08,1.02,1.06,0.88,1.13
1942,St. Louis Browns,Sportsmans Park,0.99,1.09,0.94,1.29,1.01,1.01,0.9,1.09,1,1.04,0.92,1.17
1943,St. Louis Browns,Sportsmans Park,0.99,1.16,1.03,1.4,1.01,0.99,0.91,1.11,1,1.05,0.95,1.22
1944,St. Louis Browns,Sportsmans Park,1.02,1.09,1.09,1.39,1.02,1.02,0.88,1.1,1.02,1.05,0.96,1.21
1945,St. Louis Browns,Sportsmans Park,1.03,1.17,0.98,1.19,1.03,1,0.88,0.97,1.03,1.07,0.93,1.05
1946,St. Louis Browns,Sportsmans Park,1.03,1.13,0.93,1.17,1.02,1.01,0.9,1,1.02,1.06,0.92,1.08
1947,St. Louis Browns,Sportsmans Park,1.04,1.16,0.87,1.18,1,1.02,0.9,1.02,1.02,1.08,0.89,1.09
1948,St. Louis Browns,Sportsmans Park,1.06,1.13,0.91,1.21,1,1.03,0.92,1.04,1.02,1.07,0.92,1.12
1949,St. Louis Browns,Sportsmans Park,1.06,1.1,0.85,1.24,1.01,1.05,1,1,1.03,1.07,0.93,1.09
1950,St. Louis Browns,Sportsmans Park,1.06,1.06,0.91,1.14,1.02,1.07,1.02,0.95,1.03,1.07,0.97,1.03
1951,St. Louis Browns,Sportsmans Park,1.05,1,0.93,1.09,1,1.07,0.97,0.96,1.02,1.04,0.96,1.01
1952,St. Louis Browns,Sportsmans Park,1.05,1.04,0.97,1.07,1,1.09,0.82,1.02,1.02,1.07,0.9,1.04
1953,St. Louis Browns,Busch Stadium,1.02,1.06,0.99,1.14,0.99,1.07,0.82,1.07,1,1.07,0.9,1.1
1954,Baltimore Orioles,Memorial Stadium,0.98,0.92,1.11,0.74,0.99,0.97,0.85,0.77,0.98,0.95,0.95,0.76
1955,Baltimore Orioles,Memorial Stadium,0.98,0.93,1.12,0.73,0.98,0.95,0.92,0.82,0.98,0.94,1.01,0.78
1956,Baltimore Orioles,Memorial Stadium,0.98,0.92,1.11,0.75,0.98,0.93,1.04,0.82,0.98,0.93,1.07,0.8
1957,Baltimore Orioles,Memorial Stadium,0.99,0.96,1.09,0.79,0.97,0.96,1.02,0.81,0.98,0.96,1.05,0.81
1958,Baltimore Orioles,Memorial Stadium,0.98,0.97,1.03,0.83,0.97,0.98,1.05,0.85,0.97,0.98,1.04,0.84
1959,Baltimore Orioles,Memorial Stadium,0.99,1.02,1.04,0.88,0.99,1,0.95,0.87,0.99,1.01,0.98,0.87
1960,Baltimore Orioles,Memorial Stadium,0.99,0.99,1.21,0.84,1,1.01,1.07,0.92,1,1.01,1.11,0.89
1961,Baltimore Orioles,Memorial Stadium,1.01,1.03,1.29,0.85,1,1.01,0.95,0.89,1,1.02,1.05,0.87
1962,Baltimore Orioles,Memorial Stadium,1,1.03,1.14,0.87,1,1,0.98,0.91,1,1.01,1.04,0.89
1963,Baltimore Orioles,Memorial Stadium,1,1.09,0.92,0.9,1.01,1.01,0.9,0.95,1.01,1.04,0.9,0.93
1964,Baltimore Orioles,Memorial Stadium,1.03,1.08,0.84,0.98,1.01,1,0.91,1.02,1.02,1.02,0.89,1.01
1965,Baltimore Orioles,Memorial Stadium,1.02,1.09,0.89,0.99,1.01,1,0.93,1.08,1.01,1.03,0.91,1.05
1966,Baltimore Orioles,Memorial Stadium,1.02,1.02,0.99,0.98,1,0.98,0.88,1.07,1.01,0.99,0.92,1.04
1967,Baltimore Orioles,Memorial Stadium,1.02,1.02,0.88,0.94,1.02,1.01,0.9,1.02,1.02,1.01,0.89,0.99
1968,Baltimore Orioles,Memorial Stadium,1.04,1.01,0.79,0.91,1,1.05,0.87,0.97,1.01,1.04,0.84,0.95
1969,Baltimore Orioles,Memorial Stadium,1.02,1.01,0.76,0.96,1,1.03,0.96,0.92,1,1.02,0.89,0.94
1970,Baltimore Orioles,Memorial Stadium,0.99,0.98,0.93,0.93,0.99,0.98,0.97,0.98,0.99,0.98,0.96,0.96
1971,Baltimore Orioles,Memorial Stadium,0.98,0.94,1.23,0.98,1,0.97,0.94,0.96,0.99,0.96,0.99,0.97
1972,Baltimore Orioles,Memorial Stadium,0.99,0.95,1.11,0.95,1,0.98,0.91,1.02,1,0.97,0.96,1
1973,Baltimore Orioles,Memorial Stadium,0.98,0.95,1.04,1.01,0.99,1.02,0.83,0.92,0.99,1,0.89,0.94
1974,Baltimore Orioles,Memorial Stadium,0.98,0.99,1,0.92,0.97,0.97,0.89,0.91,0.97,0.98,0.92,0.92
1975,Baltimore Orioles,Memorial Stadium,0.97,0.96,0.84,0.89,0.97,0.99,0.92,0.91,0.97,0.98,0.89,0.9
1976,Baltimore Orioles,Memorial Stadium,0.98,0.98,0.79,0.9,0.96,1.01,0.96,0.97,0.97,1,0.9,0.95
1977,Baltimore Orioles,Memorial Stadium,0.99,0.98,0.71,0.93,0.97,1.08,0.89,0.98,0.98,1.04,0.81,0.96
1978,Baltimore Orioles,Memorial Stadium,0.98,1.02,0.7,0.93,0.97,1.07,0.85,0.91,0.97,1.05,0.78,0.92
1979,Baltimore Orioles,Memorial Stadium,0.99,1,0.72,0.95,0.98,1.02,0.84,0.95,0.98,1.01,0.78,0.95
1980,Baltimore Orioles,Memorial Stadium,0.99,1,0.75,0.99,0.98,0.99,0.8,1,0.98,1,0.78,0.99
1981,Baltimore Orioles,Memorial Stadium,0.99,0.98,0.79,1.11,0.97,0.97,0.83,1.09,0.98,0.98,0.81,1.1
1982,Baltimore Orioles,Memorial Stadium,0.99,0.93,0.76,1.06,0.97,1,0.89,1.05,0.98,0.97,0.83,1.06
1983,Baltimore Orioles,Memorial Stadium,1,0.95,0.79,0.99,0.97,0.98,0.9,1.02,0.98,0.97,0.85,1.01
1984,Baltimore Orioles,Memorial Stadium,1,0.98,0.71,0.94,0.98,0.96,0.82,1.02,0.98,0.97,0.76,0.99
1985,Baltimore Orioles,Memorial Stadium,0.98,1,0.69,1.04,0.99,0.92,0.71,1.03,0.99,0.95,0.7,1.03
1986,Baltimore Orioles,Memorial Stadium,0.96,1.02,0.68,1.08,1.01,0.97,0.71,1.06,0.99,0.99,0.69,1.07
1987,Baltimore Orioles,Memorial Stadium,0.96,0.98,0.75,1.11,1,1,0.72,1.05,0.98,0.99,0.73,1.08
1988,Baltimore Orioles,Memorial Stadium,0.98,1.01,0.77,1.01,1,1.01,0.77,1.04,0.99,1.01,0.77,1.03
1989,Baltimore Orioles,Memorial Stadium,0.99,0.99,0.82,1.02,0.98,0.99,0.81,1.02,0.99,0.99,0.82,1.02
1990,Baltimore Orioles,Memorial Stadium,1,0.98,0.8,1.01,0.98,0.98,0.84,1,0.99,0.98,0.82,1
1991,Baltimore Orioles,Memorial Stadium,0.98,0.98,0.8,1.13,0.97,1,0.84,0.98,0.97,0.99,0.83,1.03
1992,Baltimore Orioles,Oriole Park at Camden Yards,1.01,0.97,0.86,1.05,0.97,0.97,1.12,1.07,0.99,0.97,0.98,1.07
1993,Baltimore Orioles,Oriole Park at Camden Yards,1.01,0.97,0.82,1.11,0.98,0.96,1.07,1.06,0.99,0.96,0.94,1.08
1994,Baltimore Orioles,Oriole Park at Camden Yards,1.05,1.03,0.81,1.05,0.99,0.95,0.85,1.12,1.01,0.98,0.83,1.09
1995,Baltimore Orioles,Oriole Park at Camden Yards,1.01,0.98,0.81,1.05,0.99,0.94,0.93,1.05,1,0.96,0.86,1.05
1996,Baltimore Orioles,Oriole Park at Camden Yards,1,0.96,0.79,1.03,0.99,0.93,0.83,1.08,0.99,0.95,0.81,1.05
1997,Baltimore Orioles,Oriole Park at Camden Yards,0.97,0.94,0.82,1,0.99,0.93,0.83,1.05,0.98,0.93,0.83,1.03
1998,Baltimore Orioles,Oriole Park at Camden Yards,0.98,0.9,0.73,0.97,0.99,0.93,0.88,1.08,0.99,0.92,0.8,1.03
1999,Baltimore Orioles,Oriole Park at Camden Yards,0.97,0.89,0.84,0.95,0.99,0.92,0.86,1.06,0.98,0.91,0.85,1.01
2000,Baltimore Orioles,Oriole Park at Camden Yards,0.96,0.86,0.86,0.94,1,0.93,0.91,1.04,0.98,0.9,0.89,0.99
2001,Baltimore Orioles,Oriole Park at Camden Yards,0.95,0.9,0.9,1,0.99,0.91,0.79,1.05,0.97,0.91,0.84,1.03
2002,Baltimore Orioles,Oriole Park at Camden Yards,0.96,0.97,0.76,1.01,0.99,0.92,0.86,1.03,0.98,0.94,0.82,1.02
2003,Baltimore Orioles,Oriole Park at Camden Yards,0.97,1.01,0.74,1.04,0.99,0.94,0.84,1.04,0.98,0.97,0.79,1.04
2004,Baltimore Orioles,Oriole Park at Camden Yards,0.97,1,0.77,1,0.99,0.96,0.9,1,0.98,0.98,0.83,1
2005,Baltimore Orioles,Oriole Park at Camden Yards,0.96,0.94,0.79,0.99,1,0.98,0.89,1.04,0.99,0.96,0.83,1.02
2006,Baltimore Orioles,Oriole Park at Camden Yards,0.99,0.95,0.86,0.99,0.99,0.93,0.95,1.08,0.99,0.94,0.91,1.04
2007,Baltimore Orioles,Oriole Park at Camden Yards,0.99,0.97,0.85,1.05,1.01,0.95,0.9,1.15,1,0.96,0.87,1.1
2008,Baltimore Orioles,Oriole Park at Camden Yards,1.01,0.99,0.88,1.07,1.02,0.93,1,1.13,1.01,0.96,0.93,1.1
2009,Baltimore Orioles,Oriole Park at Camden Yards,0.99,1,0.85,1.12,1.03,0.94,0.86,1.1,1.01,0.97,0.85,1.11
2010,Baltimore Orioles,Oriole Park at Camden Yards,1.02,1.04,0.86,1.1,1,0.95,0.93,1.05,1.01,0.99,0.89,1.08
2011,Baltimore Orioles,Oriole Park at Camden Yards,1.01,1.07,0.87,1.14,1,0.97,0.82,1.08,1.01,1.01,0.85,1.1
2012,Baltimore Orioles,Oriole Park at Camden Yards,1.01,1.04,0.79,1.16,0.99,0.98,0.91,1.08,1,1,0.85,1.12
2013,Baltimore Orioles,Oriole Park at Camden Yards,0.99,0.97,0.82,1.16,1.01,0.97,0.84,1.03,1,0.97,0.83,1.08
2014,Baltimore Orioles,Oriole Park at Camden Yards,0.99,0.94,0.82,1.17,1,0.98,0.86,1.03,1,0.96,0.84,1.09
2015,Baltimore Orioles,Oriole Park at Camden Yards,0.98,0.93,0.84,1.06,1,0.97,0.89,1.02,1,0.95,0.86,1.04
2016,Baltimore Orioles,Oriole Park at Camden Yards,0.99,0.93,0.8,1.05,0.99,0.96,0.95,1.09,0.99,0.95,0.88,1.08
2017,Baltimore Orioles,Oriole Park at Camden Yards,0.98,0.93,0.82,1.01,0.98,0.95,0.92,1.07,0.98,0.94,0.87,1.05
2018,Baltimore Orioles,Oriole Park at Camden Yards,1,1,0.97,1.05,0.98,0.97,0.83,1.1,0.98,0.98,0.89,1.08
2019,Baltimore Orioles,Oriole Park at Camden Yards,0.99,1.03,1.04,1.05,0.98,0.97,0.8,1.1,0.99,0.99,0.91,1.08
2020,Baltimore Orioles,Oriole Park at Camden Yards,0.99,1,0.92,1.15,0.99,1,0.92,1.15,0.99,1,0.92,1.15
2021,Baltimore Orioles,Oriole Park at Camden Yards,0.99,0.96,0.89,1.19,0.99,0.96,0.89,1.19,0.99,0.96,0.89,1.19
2022,Baltimore Orioles,Oriole Park at Camden Yards,1,0.93,0.92,1.03,1,0.93,0.92,1.03,1,0.93,0.92,1.03
1890,Buffalo Bisons,Olympic Park II,0.98,1,1,0.98,0.98,1,1,0.98,0.98,1,1,0.98
1914,Buffalo Buffeds,International Fair Association Grounds,1.01,1,1,1.01,1.01,1,1,1.01,1.01,1,1,1.01
1915,Buffalo Blues,International Fair Association Grounds,1.02,1,1,1.02,1.02,1,1,1.02,1.02,1,1,1.02
1872,Baltimore Canaries,Newington Park,1.02,1,1,1.02,1.02,1,1,1.02,1.02,1,1,1.02
1873,Baltimore Canaries,Newington Park,1.01,1,1,1.01,1.01,1,1,1.01,1.01,1,1,1.01
1874,Baltimore Canaries,Newington Park,1.02,1,1,1.02,1.02,1,1,1.02,1.02,1,1,1.02
1882,Baltimore Orioles,Newington Park,0.98,1,1,0.98,0.98,1,1,0.98,0.98,1,1,0.98
1883,Baltimore Orioles,Oriole Park,1.03,1,1,1.03,1.03,1,1,1.03,1.03,1,1,1.03
1884,Baltimore Orioles,Oriole Park,1.04,1,1,1.04,1.04,1,1,1.04,1.04,1,1,1.04
1885,Baltimore Orioles,Oriole Park,1,1,1,1,1,1,1,1,1,1,1,1
1886,Baltimore Orioles,Oriole Park,0.99,1,1,0.99,0.99,1,1,0.99,0.99,1,1,0.99
1887,Baltimore Orioles,Oriole Park,0.96,1,1,0.96,0.96,1,1,0.96,0.96,1,1,0.96
1888,Baltimore Orioles,Oriole Park,0.97,1,1,0.97,0.97,1,1,0.97,0.97,1,1,0.97
1889,Baltimore Orioles,Oriole Park,1.03,1,1,1.03,1.03,1,1,1.03,1.03,1,1,1.03
1890,Baltimore Orioles,Oriole Park,1.03,1,1,1.03,1.03,1,1,1.03,1.03,1,1,1.03
1891,Baltimore Orioles,Union Park,1.05,1,1,1.05,1.05,1,1,1.05,1.05,1,1,1.05
1892,Baltimore Orioles,Union Park,1.03,1,1,1.03,1.03,1,1,1.03,1.03,1,1,1.03
1893,Baltimore Orioles,Union Park,1.02,1,1,1.02,1.02,1,1,1.02,1.02,1,1,1.02
1894,Baltimore Orioles,Union Park,1.02,1,1,1.02,1.02,1,1,1.02,1.02,1,1,1.02
1895,Baltimore Orioles,Union Park,1,1,1,1,1,1,1,1,1,1,1,1
1896,Baltimore Orioles,Union Park,0.99,1,1,0.99,0.99,1,1,0.99,0.99,1,1,0.99
1897,Baltimore Orioles,Union Park,0.99,1,1,0.99,0.99,1,1,0.99,0.99,1,1,0.99
1898,Baltimore Orioles,Union Park,1,1,1,1,1,1,1,1,1,1,1,1
1899,Baltimore Orioles,Union Park,1.02,1,1,1.02,1.02,1,1,1.02,1.02,1,1,1.02
1914,Baltimore Terrapins,Terrapin Park,1.03,1,1,1.03,1.03,1,1,1.03,1.03,1,1,1.03
1915,Baltimore Terrapins,Terrapin Park,1.04,1,1,1.04,1.04,1,1,1.04,1.04,1,1,1.04
1884,Baltimore Monumentals,Belair Lot,1.05,1,1,1.05,1.05,1,1,1.05,1.05,1,1,1.05
1871,Boston Red Stockings,South End Grounds I,1.02,1,1,1.02,1.02,1,1,1.02,1.02,1,1,1.02
1872,Boston Red Stockings,South End Grounds I,1.02,1,1,1.02,1.02,1,1,1.02,1.02,1,1,1.02
1873,Boston Red Stockings,South End Grounds I,1.02,1,1,1.02,1.02,1,1,1.02,1.02,1,1,1.02
1874,Boston Red Stockings,South End Grounds I,1.01,1,1,1.01,1.01,1,1,1.01,1.01,1,1,1.01
1875,Boston Red Stockings,South End Grounds I,1,1,1,1,1,1,1,1,1,1,1,1
1901,Boston Americans,Huntington Avenue Grounds,1,0.82,1.28,1.14,1,0.82,1.28,1.14,1,0.82,1.28,1.14
1902,Boston Americans,Huntington Avenue Grounds,1.02,0.84,1.31,1.25,1.02,0.84,1.31,1.25,1.02,0.84,1.31,1.25
1903,Boston Americans,Huntington Avenue Grounds,1.03,0.87,1.34,1.31,1.03,0.87,1.34,1.31,1.03,0.87,1.34,1.31
1904,Boston Americans,Huntington Avenue Grounds,1.02,0.89,1.36,1.48,1.02,0.89,1.36,1.48,1.02,0.89,1.36,1.48
1905,Boston Americans,Huntington Avenue Grounds,0.97,0.99,1.15,1.2,0.97,0.9,1.12,1.58,0.99,0.9,1.25,1.41
1906,Boston Americans,Huntington Avenue Grounds,0.98,0.98,1.04,1.15,0.98,0.88,1.18,1.45,0.98,0.9,1.12,1.35
1907,Boston Americans,Huntington Avenue Grounds,1,1.04,1.06,1.07,1,0.82,1.11,1.26,1,0.89,1.09,1.2
1908,Boston Red Sox,Huntington Avenue Grounds,1.02,1.01,0.96,1.43,1.01,0.86,1.1,1.39,1.01,0.92,1.04,1.43
1909,Boston Red Sox,Huntington Avenue Grounds,1,1.04,0.99,1.73,0.99,0.97,0.97,1.71,1,1.01,0.99,1.73
1910,Boston Red Sox,Huntington Avenue Grounds,0.98,1.04,0.94,1.94,0.97,1.04,0.93,1.64,0.98,1.05,0.94,1.77
1911,Boston Red Sox,Huntington Avenue Grounds,0.96,1.06,1,1.75,0.95,1.05,0.88,1.48,0.96,1.06,0.93,1.58
1912,Boston Red Sox,Fenway Park,1,0.98,1.2,0.69,0.99,1.14,1,0.78,0.99,1.08,1.09,0.73
1913,Boston Red Sox,Fenway Park,0.99,1.02,1.1,0.68,0.98,1.1,1,0.73,0.99,1.08,1.04,0.7
1914,Boston Red Sox,Fenway Park,0.98,1,1.04,0.65,0.99,1.1,1,0.64,0.99,1.07,1.02,0.64
1915,Boston Red Sox,Fenway Park,0.96,1.04,0.95,0.66,0.98,1.08,0.89,0.64,0.97,1.06,0.91,0.64
1916,Boston Red Sox,Fenway Park,0.97,0.99,0.97,0.74,1.01,1.08,0.84,0.58,0.99,1.05,0.9,0.65
1917,Boston Red Sox,Fenway Park,0.97,1.01,1.02,0.67,1.01,1.06,0.81,0.55,1,1.05,0.89,0.61
1918,Boston Red Sox,Fenway Park,0.97,1,1,0.7,1.01,1.06,0.82,0.59,1,1.04,0.92,0.67
1919,Boston Red Sox,Fenway Park,0.95,1,0.94,0.67,1.01,1.14,0.88,0.7,0.99,1.07,0.92,0.68
1920,Boston Red Sox,Fenway Park,0.95,1.03,0.92,0.69,1.01,1.19,0.77,0.68,0.99,1.11,0.85,0.7
1921,Boston Red Sox,Fenway Park,0.96,0.99,0.9,0.65,1.02,1.14,0.81,0.7,0.99,1.08,0.86,0.69
1922,Boston Red Sox,Fenway Park,0.98,1.02,0.97,0.64,1.02,1.12,0.85,0.72,1,1.09,0.9,0.7
1923,Boston Red Sox,Fenway Park,0.99,0.97,1,0.67,1.02,1.13,0.94,0.77,1,1.07,0.97,0.72
1924,Boston Red Sox,Fenway Park,1,0.97,0.94,0.72,1.02,1.15,0.86,0.79,1.01,1.07,0.9,0.75
1925,Boston Red Sox,Fenway Park,1,0.96,0.99,0.74,1.02,1.14,0.79,0.79,1.01,1.06,0.87,0.76
1926,Boston Red Sox,Fenway Park,0.98,0.96,0.96,0.78,1.02,1.09,0.77,0.78,1,1.03,0.86,0.78
1927,Boston Red Sox,Fenway Park,0.98,1,0.91,0.75,1.02,1.08,0.81,0.79,1,1.05,0.87,0.76
1928,Boston Red Sox,Fenway Park,0.98,1.01,0.87,0.75,1.03,1.07,0.85,0.83,1,1.06,0.88,0.77
1929,Boston Red Sox,Fenway Park,0.98,1.02,0.83,0.72,1.01,1.09,0.82,0.86,1,1.07,0.85,0.77
1930,Boston Red Sox,Fenway Park,0.95,1.04,0.88,0.77,1,1.12,0.82,0.84,0.99,1.08,0.87,0.8
1931,Boston Red Sox,Fenway Park,0.94,1.13,0.85,0.77,0.99,1.11,0.77,0.8,0.98,1.12,0.83,0.8
1932,Boston Red Sox,Fenway Park,0.96,1.15,0.85,0.83,1,1.11,0.8,0.83,0.98,1.12,0.84,0.84
1933,Boston Red Sox,Fenway Park,0.98,1.13,0.98,0.78,1.02,1.12,0.9,0.88,1,1.13,0.94,0.84
1934,Boston Red Sox,Fenway Park,1.01,1,1.02,0.72,1.02,1.11,1.02,0.92,1.01,1.07,1.02,0.85
1935,Boston Red Sox,Fenway Park,1.01,0.97,1.11,0.6,1.03,1.07,1.05,0.94,1.02,1.04,1.08,0.83
1936,Boston Red Sox,Fenway Park,1,0.94,1.01,0.58,1.03,1.04,1.02,1.03,1.02,1.01,1.02,0.91
1937,Boston Red Sox,Fenway Park,1,1.01,1.02,0.63,1.02,1.04,1.01,1.19,1.01,1.03,1.02,1.04
1938,Boston Red Sox,Fenway Park,1.02,1.01,1.07,0.71,1.01,1.05,1.08,1.19,1.02,1.04,1.08,1.07
1939,Boston Red Sox,Fenway Park,1.01,1.03,0.96,0.82,1.02,1.06,1,1.14,1.02,1.05,0.98,1.04
1940,Boston Red Sox,Fenway Park,1,1.04,0.92,0.92,1.04,1.08,0.99,1.1,1.02,1.06,0.95,1.04
1941,Boston Red Sox,Fenway Park,0.97,1.09,0.89,0.95,1.05,1.12,0.94,1.13,1.02,1.11,0.9,1.06
1942,Boston Red Sox,Fenway Park,0.99,1.09,1,0.89,1.04,1.12,0.93,1.19,1.02,1.11,0.96,1.05
1943,Boston Red Sox,Fenway Park,0.99,1.07,0.99,0.79,1.03,1.14,0.92,1.31,1.02,1.12,0.95,1.06
1944,Boston Red Sox,Fenway Park,0.98,1.1,0.93,0.68,1.02,1.11,0.87,1.34,1.01,1.11,0.89,1.04
1945,Boston Red Sox,Fenway Park,1,1.04,0.82,0.81,1.05,1.12,0.85,1.38,1.03,1.09,0.84,1.1
1946,Boston Red Sox,Fenway Park,1.02,0.99,0.92,0.83,1.07,1.09,0.85,1.22,1.05,1.05,0.88,1.03
1947,Boston Red Sox,Fenway Park,1.03,0.95,0.97,0.86,1.08,1.14,0.87,1.19,1.06,1.05,0.91,1.03
1948,Boston Red Sox,Fenway Park,1.03,1.06,0.92,0.88,1.05,1.18,0.86,1.14,1.05,1.12,0.88,1.03
1949,Boston Red Sox,Fenway Park,1.03,1.15,0.85,0.91,1.04,1.17,0.86,1.23,1.04,1.16,0.86,1.1
1950,Boston Red Sox,Fenway Park,1.04,1.15,0.88,1.05,1.04,1.13,0.85,1.34,1.04,1.14,0.86,1.23
1951,Boston Red Sox,Fenway Park,1.02,1.11,1.1,0.99,1.05,1.1,0.94,1.34,1.04,1.1,1,1.21
1952,Boston Red Sox,Fenway Park,1,1.08,1.11,1.05,1.03,1.13,0.9,1.3,1.02,1.11,0.97,1.22
1953,Boston Red Sox,Fenway Park,1.01,1.14,0.98,0.93,1.03,1.14,0.91,1.25,1.02,1.14,0.93,1.14
1954,Boston Red Sox,Fenway Park,1.04,1.12,0.9,1.04,1.04,1.15,0.88,1.3,1.04,1.14,0.89,1.21
1955,Boston Red Sox,Fenway Park,1.05,1.14,0.87,0.96,1.05,1.13,0.84,1.2,1.05,1.13,0.85,1.11
1956,Boston Red Sox,Fenway Park,1.05,1.11,0.95,0.97,1.07,1.13,0.91,1.11,1.06,1.12,0.92,1.06
1957,Boston Red Sox,Fenway Park,1.03,1.12,0.96,0.89,1.06,1.11,0.94,1.05,1.05,1.11,0.94,0.99
1958,Boston Red Sox,Fenway Park,1.02,1.08,1.06,0.9,1.07,1.12,1.08,1.03,1.05,1.11,1.06,0.99
1959,Boston Red Sox,Fenway Park,1.03,1.06,0.91,0.92,1.05,1.11,0.94,1.04,1.04,1.1,0.92,0.99
1960,Boston Red Sox,Fenway Park,1.02,1.08,0.94,0.96,1.04,1.1,0.93,1.07,1.03,1.09,0.93,1.02
1961,Boston Red Sox,Fenway Park,1.03,1.07,0.84,0.99,1.03,1.07,0.91,1.05,1.03,1.07,0.88,1.02
1962,Boston Red Sox,Fenway Park,1.02,1.11,0.94,0.96,1.05,1.07,0.98,1.07,1.04,1.09,0.96,1.03
1963,Boston Red Sox,Fenway Park,1.03,1.16,1.07,0.92,1.04,1.11,0.99,1.07,1.04,1.13,1.02,1.01
1964,Boston Red Sox,Fenway Park,1.01,1.18,1.14,0.92,1.04,1.14,0.95,1.14,1.02,1.15,1.02,1.06
1965,Boston Red Sox,Fenway Park,1.03,1.21,1.08,0.96,1.04,1.19,0.84,1.16,1.03,1.2,0.93,1.09
1966,Boston Red Sox,Fenway Park,1.05,1.18,0.93,1.09,1.06,1.16,0.85,1.2,1.05,1.17,0.88,1.16
1967,Boston Red Sox,Fenway Park,1.05,1.19,0.92,1.09,1.05,1.16,0.91,1.14,1.05,1.17,0.91,1.12
1968,Boston Red Sox,Fenway Park,1.04,1.13,0.92,1.01,1.04,1.14,1.2,1.12,1.04,1.14,1.07,1.08
1969,Boston Red Sox,Fenway Park,1.04,1.09,0.91,0.93,1.04,1.15,1.16,1.1,1.04,1.13,1.05,1.03
1970,Boston Red Sox,Fenway Park,1.05,1.14,0.87,0.94,1.06,1.14,1.02,1.15,1.06,1.14,0.96,1.06
1971,Boston Red Sox,Fenway Park,1.04,1.18,0.84,0.93,1.05,1.16,0.95,1.18,1.05,1.17,0.92,1.07
1972,Boston Red Sox,Fenway Park,1.03,1.19,0.85,0.94,1.03,1.16,0.92,1.19,1.03,1.17,0.9,1.09
1973,Boston Red Sox,Fenway Park,1.04,1.15,0.95,0.93,1.01,1.15,1,1.15,1.02,1.15,0.98,1.07
1974,Boston Red Sox,Fenway Park,1.05,1.07,1.01,0.98,1.02,1.15,0.92,1.16,1.03,1.12,0.95,1.09
1975,Boston Red Sox,Fenway Park,1.05,1.1,1.11,0.98,1.03,1.14,1,1.16,1.03,1.12,1.05,1.09
1976,Boston Red Sox,Fenway Park,1.07,1.1,0.97,1.04,1.04,1.13,1.01,1.23,1.05,1.11,1,1.15
1977,Boston Red Sox,Fenway Park,1.05,1.12,0.91,1,1.05,1.11,1.16,1.21,1.05,1.11,1.04,1.12
1978,Boston Red Sox,Fenway Park,1.04,1.11,0.81,1.04,1.05,1.1,1.03,1.2,1.05,1.11,0.94,1.13
1979,Boston Red Sox,Fenway Park,1.01,1.08,0.97,0.99,1.04,1.15,1.01,1.14,1.03,1.12,1,1.07
1980,Boston Red Sox,Fenway Park,1.03,1.11,1.06,1.05,1.03,1.17,0.91,1.11,1.03,1.15,0.95,1.09
1981,Boston Red Sox,Fenway Park,1.04,1.09,1.12,0.98,1.04,1.19,0.97,1.1,1.04,1.15,1.02,1.05
1982,Boston Red Sox,Fenway Park,1.03,1.14,1.15,0.91,1.07,1.13,0.92,1.05,1.05,1.14,0.99,1.01
1983,Boston Red Sox,Fenway Park,1.04,1.09,1.13,0.99,1.06,1.13,0.98,1.02,1.06,1.11,1.03,1.01
1984,Boston Red Sox,Fenway Park,1.06,1.07,1.11,0.97,1.05,1.1,0.99,0.99,1.06,1.09,1.04,0.99
1985,Boston Red Sox,Fenway Park,1.08,1.05,1.08,0.95,1.03,1.11,0.98,0.99,1.05,1.08,1.02,0.98
1986,Boston Red Sox,Fenway Park,1.06,1.07,1.06,0.82,1.02,1.07,0.97,0.98,1.04,1.07,1.02,0.92
1987,Boston Red Sox,Fenway Park,1.05,1.13,0.98,0.85,1.02,1.08,0.91,1,1.03,1.1,0.95,0.94
1988,Boston Red Sox,Fenway Park,1.04,1.18,0.94,0.87,1.03,1.06,1.03,1.04,1.04,1.11,0.99,0.97
1989,Boston Red Sox,Fenway Park,1.06,1.19,0.83,0.96,1.03,1.06,1.03,1.09,1.04,1.11,0.93,1.04
1990,Boston Red Sox,Fenway Park,1.06,1.16,0.83,0.98,1.03,1.05,0.96,1.07,1.04,1.09,0.91,1.04
1991,Boston Red Sox,Fenway Park,1.06,1.08,0.86,0.98,1.03,1.06,0.89,1.03,1.04,1.07,0.88,1.02
1992,Boston Red Sox,Fenway Park,1.06,1.11,0.94,0.92,1.04,1.07,0.87,0.97,1.05,1.09,0.91,0.96
1993,Boston Red Sox,Fenway Park,1.06,1.03,1.02,0.96,1.06,1.08,0.86,0.94,1.06,1.06,0.94,0.95
1994,Boston Red Sox,Fenway Park,1.04,1.08,1.06,0.9,1.06,1.05,0.86,0.94,1.05,1.06,0.96,0.92
1995,Boston Red Sox,Fenway Park,1.03,1.08,1.28,0.98,1.05,1.03,0.78,0.99,1.04,1.05,0.99,0.99
1996,Boston Red Sox,Fenway Park,1.04,1.1,1.3,0.94,1.03,1.06,0.81,0.98,1.03,1.08,1.01,0.96
1997,Boston Red Sox,Fenway Park,1.05,1.08,1.17,0.96,1.03,1.05,0.9,0.99,1.04,1.06,1,0.98
1998,Boston Red Sox,Fenway Park,1.05,1.02,1.01,0.89,1.03,1.05,0.92,0.96,1.04,1.04,0.97,0.93
1999,Boston Red Sox,Fenway Park,1.05,1.01,1,0.85,1.05,0.99,1.01,0.97,1.05,1,1,0.91
2000,Boston Red Sox,Fenway Park,1.05,1.01,1.12,0.88,1.03,1,0.91,0.97,1.04,1.01,1.02,0.92
2001,Boston Red Sox,Fenway Park,1.03,1.04,1.11,0.88,1.03,1.02,0.85,0.97,1.03,1.03,0.97,0.92
2002,Boston Red Sox,Fenway Park,1.03,1.04,1.1,0.88,1.02,1.06,0.84,1.03,1.03,1.05,0.95,0.95
2003,Boston Red Sox,Fenway Park,1.04,1.07,0.98,0.87,1.03,1.07,0.79,1.02,1.04,1.07,0.88,0.94
2004,Boston Red Sox,Fenway Park,1.04,1.07,1.01,0.88,1.01,1.12,0.85,1.03,1.03,1.1,0.92,0.95
2005,Boston Red Sox,Fenway Park,1.05,1.13,1.01,0.88,1.01,1.14,0.78,0.97,1.03,1.13,0.88,0.93
2006,Boston Red Sox,Fenway Park,1.03,1.14,1.08,0.86,1.03,1.11,0.79,0.95,1.03,1.13,0.94,0.91
2007,Boston Red Sox,Fenway Park,1.05,1.22,1.02,0.87,1.04,1.09,0.82,0.92,1.04,1.14,0.94,0.9
2008,Boston Red Sox,Fenway Park,1.04,1.24,0.97,0.92,1.04,1.11,0.96,0.97,1.04,1.16,0.97,0.95
2009,Boston Red Sox,Fenway Park,1.03,1.2,0.86,0.93,1.02,1.13,0.99,0.96,1.02,1.16,0.91,0.95
2010,Boston Red Sox,Fenway Park,1.03,1.11,0.95,0.9,1.04,1.09,0.89,0.99,1.04,1.1,0.92,0.95
2011,Boston Red Sox,Fenway Park,1.06,1.07,0.99,0.89,1.05,1.09,0.85,1.02,1.05,1.08,0.92,0.95
2012,Boston Red Sox,Fenway Park,1.06,1.1,1.27,0.87,1.04,1.06,0.82,1.05,1.05,1.08,1.06,0.95
2013,Boston Red Sox,Fenway Park,1.06,1.18,1.16,0.86,1.03,1.08,0.83,1.01,1.04,1.13,1.02,0.94
2014,Boston Red Sox,Fenway Park,1.06,1.19,1.14,0.85,1.03,1.04,0.8,1,1.04,1.11,0.98,0.92
2015,Boston Red Sox,Fenway Park,1.08,1.19,1.1,0.86,1.03,1.07,0.87,1.03,1.05,1.12,0.99,0.95
2016,Boston Red Sox,Fenway Park,1.07,1.15,1.13,0.88,1.04,1,0.87,1.02,1.05,1.06,0.98,0.96
2017,Boston Red Sox,Fenway Park,1.05,1.2,1.09,0.88,1.04,1.02,0.97,1.01,1.04,1.08,1.03,0.96
2018,Boston Red Sox,Fenway Park,1.03,1.22,1.04,0.89,1.03,1.04,0.94,0.97,1.03,1.1,1.01,0.93
2019,Boston Red Sox,Fenway Park,1.02,1.25,1.1,0.9,1.02,1.09,1.04,0.99,1.02,1.15,1.1,0.95
2020,Boston Red Sox,Fenway Park,1.04,1.12,1.03,0.95,1.04,1.12,1.03,0.95,1.04,1.12,1.03,0.95
2021,Boston Red Sox,Fenway Park,1.05,1.05,1.22,1,1.05,1.05,1.22,1,1.05,1.05,1.22,1
2022,Boston Red Sox,Fenway Park,1.05,1.03,1.24,0.99,1.05,1.03,1.24,0.99,1.05,1.03,1.24,0.99
1872,Brooklyn Atlantics,Capitoline Grounds,1.14,1,1,1.14,1.14,1,1,1.14,1.14,1,1,1.14
1873,Brooklyn Atlantics,Union Grounds,0.94,1,1,0.94,0.94,1,1,0.94,0.94,1,1,0.94
1874,Brooklyn Atlantics,Union Grounds,0.94,1,1,0.94,0.94,1,1,0.94,0.94,1,1,0.94
1875,Brooklyn Atlantics,Union Grounds,0.94,1,1,0.94,0.94,1,1,0.94,0.94,1,1,0.94
1884,Boston Reds,Dartmouth Grounds,0.99,1,1,0.99,0.99,1,1,0.99,0.99,1,1,0.99
1890,Brooklyn Gladiators,Ridgewood Park,1,1,1,1,1,1,1,1,1,1,1,1
1890,Boston Reds,Congress Street Grounds,1.03,1,1,1.03,1.03,1,1,1.03,1.03,1,1,1.03
1891,Boston Reds,Congress Street Grounds,0.97,1,1,0.97,0.97,1,1,0.97,0.97,1,1,0.97
1914,Brooklyn Tip-Tops,Washington Park IV,1,1,1,1,1,1,1,1,1,1,1,1
1915,Brooklyn Tip-Tops,Washington Park IV,1.01,1,1,1.01,1.01,1,1,1.01,1.01,1,1,1.01
1879,Buffalo Bisons,Riverside Park,1.02,1,1,1.02,1.02,1,1,1.02,1.02,1,1,1.02
1880,Buffalo Bisons,Riverside Park,1.02,1,1,1.02,1.02,1,1,1.02,1.02,1,1,1.02
1881,Buffalo Bisons,Riverside Park,1,1,1,1,1,1,1,1,1,1,1,1
1882,Buffalo Bisons,Riverside Park,1.01,1,1,1.01,1.01,1,1,1.01,1.01,1,1,1.01
1883,Buffalo Bisons,Riverside Park,1.02,1,1,1.02,1.02,1,1,1.02,1.02,1,1,1.02
1884,Buffalo Bisons,Olympic Park I,1.04,1,1,1.04,1.04,1,1,1.04,1.04,1,1,1.04
1885,Buffalo Bisons,Olympic Park I,1.04,1,1,1.04,1.04,1,1,1.04,1.04,1,1,1.04
1890,Brooklyn Ward's Wonders,Eastern Park,1.04,1,1,1.04,1.04,1,1,1.04,1.04,1,1,1.04
1883,Columbus Buckeyes,Recreation Park I,0.95,1,1,0.95,0.95,1,1,0.95,0.95,1,1,0.95
1884,Columbus Buckeyes,Recreation Park I,0.95,1,1,0.95,0.95,1,1,0.95,0.95,1,1,0.95
1879,Cleveland Blues,League Park I,0.99,1,1,0.99,0.99,1,1,0.99,0.99,1,1,0.99
1880,Cleveland Blues,League Park I,0.98,1,1,0.98,0.98,1,1,0.98,0.98,1,1,0.98
1881,Cleveland Blues,League Park I,0.96,1,1,0.96,0.96,1,1,0.96,0.96,1,1,0.96
1882,Cleveland Blues,League Park I,0.96,1,1,0.96,0.96,1,1,0.96,0.96,1,1,0.96
1883,Cleveland Blues,League Park I,0.99,1,1,0.99,0.99,1,1,0.99,0.99,1,1,0.99
1884,Cleveland Blues,League Park I,1.02,1,1,1.02,1.02,1,1,1.02,1.02,1,1,1.02
1875,Philadelphia Centennials,Centennial Grounds,0.99,1,1,0.99,0.99,1,1,0.99,0.99,1,1,0.99
1871,Cleveland Forest Citys,National Association Grounds,0.99,1,1,0.99,0.99,1,1,0.99,0.99,1,1,0.99
1872,Cleveland Forest Citys,National Association Grounds,0.99,1,1,0.99,0.99,1,1,0.99,0.99,1,1,0.99
1876,Chicago White Stockings,23rd Street Grounds,1.07,1,1,1.07,1.07,1,1,1.07,1.07,1,1,1.07
1877,Chicago White Stockings,23rd Street Grounds,1.07,1,1,1.07,1.07,1,1,1.07,1.07,1,1,1.07
1878,Chicago White Stockings,Lake Front Park,1.04,1,1,1.04,1.04,1,1,1.04,1.04,1,1,1.04
1879,Chicago White Stockings,Lake Front Park,1.03,1,1,1.03,1.03,1,1,1.03,1.03,1,1,1.03
1880,Chicago White Stockings,Lake Front Park,1.02,1,1,1.02,1.02,1,1,1.02,1.02,1,1,1.02
1881,Chicago White Stockings,Lake Front Park,1.01,1,1,1.01,1.01,1,1,1.01,1.01,1,1,1.01
1882,Chicago White Stockings,Lake Front Park,1.03,1,1,1.03,1.03,1,1,1.03,1.03,1,1,1.03
1883,Chicago White Stockings,Lake Front Park,1.03,1,1,1.03,1.03,1,1,1.03,1.03,1,1,1.03
1884,Chicago White Stockings,Lake Front Park,1.05,1,1,1.05,1.05,1,1,1.05,1.05,1,1,1.05
1885,Chicago White Stockings,West Side Park,1.07,1,1,1.07,1.07,1,1,1.07,1.07,1,1,1.07
1886,Chicago White Stockings,West Side Park,1.08,1,1,1.08,1.08,1,1,1.08,1.08,1,1,1.08
1887,Chicago White Stockings,West Side Park,1.08,1,1,1.08,1.08,1,1,1.08,1.08,1,1,1.08
1888,Chicago White Stockings,West Side Park,1.05,1,1,1.05,1.05,1,1,1.05,1.05,1,1,1.05
1889,Chicago White Stockings,West Side Park,1.03,1,1,1.03,1.03,1,1,1.03,1.03,1,1,1.03
1890,Chicago Colts,West Side Park,1.02,1,1,1.02,1.02,1,1,1.02,1.02,1,1,1.02
1891,Chicago Colts,South Side Park,0.98,1,1,0.98,0.98,1,1,0.98,0.98,1,1,0.98
1892,Chicago Colts,South Side Park,0.98,1,1,0.98,0.98,1,1,0.98,0.98,1,1,0.98
1893,Chicago Colts,South Side Park,1.04,1,1,1.04,1.04,1,1,1.04,1.04,1,1,1.04
1894,Chicago Colts,West Side Grounds,1.03,1,1,1.03,1.03,1,1,1.03,1.03,1,1,1.03
1895,Chicago Colts,West Side Grounds,1.04,1,1,1.04,1.04,1,1,1.04,1.04,1,1,1.04
1896,Chicago Colts,West Side Grounds,1.03,1,1,1.03,1.03,1,1,1.03,1.03,1,1,1.03
1897,Chicago Colts,West Side Grounds,1.03,1,1,1.03,1.03,1,1,1.03,1.03,1,1,1.03
1898,Chicago Orphans,West Side Grounds,1,1,1,1,1,1,1,1,1,1,1,1
1899,Chicago Orphans,West Side Grounds,0.98,1,1,0.98,0.98,1,1,0.98,0.98,1,1,0.98
1900,Chicago Orphans,West Side Grounds,0.98,1,1,0.98,0.98,1,1,0.98,0.98,1,1,0.98
1901,Chicago Orphans,West Side Grounds,1,1.03,0.88,0.76,1,1.03,0.88,0.76,1,1.03,0.88,0.76
1902,Chicago Orphans,West Side Grounds,0.99,1.02,0.86,0.77,0.99,1.02,0.86,0.77,0.99,1.02,0.86,0.77
1903,Chicago Cubs,West Side Grounds,0.98,1.03,0.86,0.81,0.98,1.03,0.86,0.81,0.98,1.03,0.86,0.81
1904,Chicago Cubs,West Side Grounds,0.98,1.04,0.9,0.84,0.98,1.04,0.9,0.84,0.98,1.04,0.9,0.84
1905,Chicago Cubs,West Side Grounds,1.03,1.11,0.96,0.79,0.97,1.06,0.93,0.9,0.99,1.1,0.96,0.85
1906,Chicago Cubs,West Side Grounds,1.02,1.07,0.97,0.77,0.98,1.02,0.91,0.85,1,1.04,0.96,0.8
1907,Chicago Cubs,West Side Grounds,1.02,1.18,1.11,0.92,0.98,1.01,1.07,0.97,1,1.07,1.09,0.94
1908,Chicago Cubs,West Side Grounds,1.01,1.06,1.14,0.84,0.98,1.01,0.96,0.97,0.99,1.02,1.03,0.9
1909,Chicago Cubs,West Side Grounds,0.98,1.07,1.13,1.06,0.98,1.04,0.91,0.99,0.98,1.05,0.97,1.02
1910,Chicago Cubs,West Side Grounds,0.97,1.06,0.92,1.04,0.98,1.05,0.84,0.83,0.98,1.05,0.86,0.93
1911,Chicago Cubs,West Side Grounds,0.97,1.1,0.92,1.18,1,1.04,0.89,0.89,0.98,1.07,0.89,1.01
1912,Chicago Cubs,West Side Grounds,0.99,1.05,0.87,1.25,0.99,1.02,0.98,0.92,0.99,1.04,0.93,1.06
1913,Chicago Cubs,West Side Grounds,0.99,1.05,0.95,1.34,0.99,1.01,1.14,0.96,0.99,1.03,1.05,1.12
1914,Chicago Cubs,West Side Grounds,0.99,0.99,0.9,1.36,0.99,1.02,1.12,0.98,0.99,1.01,1.02,1.16
1915,Chicago Cubs,West Side Grounds,0.99,1.05,0.95,1.31,1,1.03,1.12,0.96,0.99,1.04,1.05,1.13
1916,Chicago Cubs,Weeghman Park,1.02,1.31,0.79,1.48,1.03,1.3,0.78,1.2,1.03,1.28,0.79,1.33
1917,Chicago Cubs,Weeghman Park,1.02,1.2,0.83,1.29,1.03,1.23,0.77,1.02,1.03,1.21,0.8,1.14
1918,Chicago Cubs,Weeghman Park,1.01,1.16,0.82,0.9,1.02,1.15,0.77,0.93,1.02,1.15,0.79,0.92
1919,Chicago Cubs,Weeghman Park,1.01,1.16,0.86,0.81,1.01,1.09,0.77,0.96,1.01,1.12,0.8,0.91
1920,Chicago Cubs,Weeghman Park,1.03,1.24,0.81,0.87,1.01,1.1,0.77,1.26,1.02,1.17,0.78,1.06
1921,Chicago Cubs,Weeghman Park,1.04,1.22,0.76,0.87,0.99,1.13,0.79,1.2,1.01,1.17,0.77,1.05
1922,Chicago Cubs,Weeghman Park,1.03,1.18,0.73,0.93,0.99,1.15,0.77,1.51,1,1.17,0.74,1.26
1923,Chicago Cubs,Cubs Park,0.99,1.09,0.77,1,0.97,1.12,0.84,1.56,0.98,1.11,0.8,1.34
1924,Chicago Cubs,Cubs Park,0.97,1,0.78,1.06,0.99,1.08,0.83,1.72,0.98,1.05,0.8,1.45
1925,Chicago Cubs,Cubs Park,0.99,0.97,0.86,1.14,1.01,1.05,0.85,1.36,1,1.02,0.84,1.27
1926,Chicago Cubs,Cubs Park,0.99,1,0.94,1.11,1.04,1.1,0.81,1.1,1.02,1.07,0.85,1.1
1927,Chicago Cubs,Cubs Park,0.99,1.06,1.02,1,1.03,1.08,0.87,0.85,1.02,1.08,0.92,0.89
1928,Chicago Cubs,Wrigley Field,0.98,0.98,1.18,1.02,1.01,1.08,0.86,0.93,1,1.05,0.96,0.96
1929,Chicago Cubs,Wrigley Field,0.98,0.97,1.06,1.07,1,1.07,0.87,1.02,1,1.03,0.93,1.03
1930,Chicago Cubs,Wrigley Field,1,1.01,1.03,1.13,1.01,1.05,0.86,1.05,1,1.03,0.92,1.06
1931,Chicago Cubs,Wrigley Field,1,1.06,0.88,1.07,1.01,1.02,0.88,1,1,1.03,0.89,1.02
1932,Chicago Cubs,Wrigley Field,1,1.06,0.86,1.11,0.99,0.98,0.93,0.92,1,1,0.92,1.01
1933,Chicago Cubs,Wrigley Field,1,0.99,0.81,1.23,0.99,1.02,0.94,0.93,0.99,1,0.9,1.07
1934,Chicago Cubs,Wrigley Field,0.98,0.96,0.8,1.24,1,1.01,0.9,0.92,0.99,0.99,0.85,1.06
1935,Chicago Cubs,Wrigley Field,0.98,0.95,0.83,1.22,1.01,1.06,0.86,0.88,1,1.01,0.85,1.02
1936,Chicago Cubs,Wrigley Field,0.99,1.01,0.88,1.09,1.01,1.02,1.01,0.92,1,1.01,0.94,0.99
1937,Chicago Cubs,Wrigley Field,1,1,1.02,1.01,1.01,1.06,1.16,1,1.01,1.03,1.09,0.99
1938,Chicago Cubs,Wrigley Field,1,1.01,0.97,0.88,1,1.04,1.01,1.06,1,1.03,1,0.98
1939,Chicago Cubs,Wrigley Field,1.01,0.97,1.01,0.83,1,0.99,0.89,1.03,1,0.98,0.95,0.94
1940,Chicago Cubs,Wrigley Field,1.02,1.03,0.94,0.78,0.99,0.97,0.84,0.97,1,0.99,0.89,0.88
1941,Chicago Cubs,Wrigley Field,1.03,1.02,0.95,0.78,1.01,0.94,0.9,0.94,1.02,0.98,0.93,0.86
1942,Chicago Cubs,Wrigley Field,1.02,1.01,0.95,0.77,1.01,0.99,0.96,0.92,1.02,1,0.96,0.84
1943,Chicago Cubs,Wrigley Field,1.02,0.97,0.91,0.8,1.02,1,0.97,1.12,1.02,0.99,0.93,0.92
1944,Chicago Cubs,Wrigley Field,1,0.94,0.91,0.77,1.02,1.03,0.95,1.11,1.01,0.99,0.93,0.9
1945,Chicago Cubs,Wrigley Field,0.99,0.93,0.92,0.77,1.01,0.99,0.97,1.16,1,0.97,0.94,0.93
1946,Chicago Cubs,Wrigley Field,1,0.95,0.96,0.81,1,0.98,1.02,0.97,1,0.97,0.99,0.9
1947,Chicago Cubs,Wrigley Field,1,1.01,1.01,0.81,0.99,0.99,1.08,0.98,1,0.99,1.05,0.9
1948,Chicago Cubs,Wrigley Field,1,1.08,0.98,0.8,1,0.99,0.98,0.95,1,1.02,0.98,0.89
1949,Chicago Cubs,Wrigley Field,1,1.01,1.09,0.8,1.02,1.01,0.99,0.97,1.01,1.01,1.02,0.91
1950,Chicago Cubs,Wrigley Field,1.01,1.03,0.96,0.85,1.02,1.01,1,0.97,1.02,1.02,0.98,0.94
1951,Chicago Cubs,Wrigley Field,1.03,0.95,1.03,0.81,1.02,1.03,1.16,0.98,1.03,1,1.1,0.93
1952,Chicago Cubs,Wrigley Field,1.01,1.03,0.92,0.86,1.01,1.05,1.02,0.99,1.02,1.04,0.98,0.94
1953,Chicago Cubs,Wrigley Field,1,1.04,0.9,0.85,1.02,1.04,1.05,1.02,1.01,1.04,0.99,0.96
1954,Chicago Cubs,Wrigley Field,1.01,1.09,0.87,0.87,1.02,1.05,0.97,1,1.02,1.07,0.93,0.96
1955,Chicago Cubs,Wrigley Field,1.01,1.02,0.88,0.84,1.03,1.04,1.07,1.03,1.02,1.03,0.98,0.96
1956,Chicago Cubs,Wrigley Field,1.01,0.98,1,0.89,1.03,1.01,1.03,1.03,1.02,1,1.02,0.97
1957,Chicago Cubs,Wrigley Field,0.99,1.03,0.94,0.91,1.02,1.02,1.04,1.12,1.01,1.02,1,1.03
1958,Chicago Cubs,Wrigley Field,0.97,1.05,0.87,0.98,0.99,1.01,1.14,1.09,0.98,1.02,1.02,1.05
1959,Chicago Cubs,Wrigley Field,0.98,1.09,0.78,0.92,0.98,1.07,1.07,1.08,0.98,1.08,0.93,1.02
1960,Chicago Cubs,Wrigley Field,0.98,1.05,0.86,0.96,0.98,1.03,1.09,1.06,0.98,1.04,0.97,1.02
1961,Chicago Cubs,Wrigley Field,1,1.02,0.9,0.95,1,1.03,0.97,1.13,1,1.03,0.94,1.06
1962,Chicago Cubs,Wrigley Field,0.99,0.96,0.92,1.04,1.01,1.03,0.98,1.13,1,1,0.95,1.1
1963,Chicago Cubs,Wrigley Field,0.99,0.96,0.83,1.11,1.02,1.05,1.07,1.18,1.01,1.01,0.96,1.16
1964,Chicago Cubs,Wrigley Field,0.98,0.98,0.85,1.24,1.01,1.03,1.1,1.14,1,1.01,0.98,1.18
1965,Chicago Cubs,Wrigley Field,0.98,1.05,0.87,1.23,1.01,1.01,1.11,1.16,1,1.02,1.01,1.18
1966,Chicago Cubs,Wrigley Field,0.97,1.02,0.84,1.11,1.01,1.02,0.89,1.19,1,1.02,0.87,1.16
1967,Chicago Cubs,Wrigley Field,0.99,1.07,0.93,1.06,1.02,1.03,0.89,1.24,1.01,1.04,0.91,1.18
1968,Chicago Cubs,Wrigley Field,1.01,1.04,0.97,1.12,1.02,1.01,0.86,1.23,1.02,1.02,0.9,1.2
1969,Chicago Cubs,Wrigley Field,1.04,1.02,1.08,1.27,1.04,0.96,0.99,1.22,1.04,0.98,1.03,1.24
1970,Chicago Cubs,Wrigley Field,1.05,1.02,1.02,1.12,1.02,0.95,0.96,1.19,1.03,0.98,0.99,1.17
1971,Chicago Cubs,Wrigley Field,1.05,1,1.09,1.1,1.03,0.98,0.96,1.26,1.04,0.99,1.02,1.19
1972,Chicago Cubs,Wrigley Field,1.04,1.01,1.16,1.03,1.01,0.98,0.91,1.24,1.03,0.99,1.02,1.14
1973,Chicago Cubs,Wrigley Field,1.04,0.99,1.05,1.1,1.01,0.93,0.93,1.26,1.02,0.95,0.99,1.19
1974,Chicago Cubs,Wrigley Field,1.03,0.98,0.9,1.09,1.01,0.9,0.88,1.2,1.02,0.94,0.89,1.15
1975,Chicago Cubs,Wrigley Field,1.02,0.97,0.87,1.19,1,0.97,0.97,1.31,1.01,0.97,0.92,1.26
1976,Chicago Cubs,Wrigley Field,1.02,0.96,0.84,1.28,1.01,1.04,0.96,1.29,1.02,1.01,0.9,1.29
1977,Chicago Cubs,Wrigley Field,1.03,0.95,0.91,1.28,1.03,1.09,1,1.38,1.03,1.03,0.96,1.33
1978,Chicago Cubs,Wrigley Field,1.03,1.01,0.95,1.14,1.05,1.05,0.95,1.26,1.04,1.03,0.95,1.21
1979,Chicago Cubs,Wrigley Field,1.02,0.99,0.9,0.99,1.05,1.05,0.94,1.21,1.04,1.03,0.92,1.13
1980,Chicago Cubs,Wrigley Field,1,1.01,0.89,1.09,1.05,1.04,0.99,1.17,1.03,1.03,0.94,1.15
1981,Chicago Cubs,Wrigley Field,0.99,1.01,0.85,1.13,1.02,1.08,1.03,1.04,1.01,1.05,0.93,1.08
1982,Chicago Cubs,Wrigley Field,0.99,1.03,0.93,1.16,0.99,1.07,1.14,1.04,0.99,1.05,1.01,1.09
1983,Chicago Cubs,Wrigley Field,1,1.01,0.95,1.19,0.99,1.06,1.14,1.15,0.99,1.04,1.03,1.16
1984,Chicago Cubs,Wrigley Field,1.02,0.96,0.95,1.38,1,0.99,1.19,1.3,1.01,0.98,1.07,1.33
1985,Chicago Cubs,Wrigley Field,1.04,0.96,0.93,1.44,1.02,0.96,1.11,1.27,1.02,0.96,1.03,1.32
1986,Chicago Cubs,Wrigley Field,1.02,0.98,0.95,1.21,1.02,0.97,1.09,1.2,1.02,0.97,1.01,1.2
1987,Chicago Cubs,Wrigley Field,1.02,0.94,0.98,1.11,1.02,0.95,1.05,1.13,1.02,0.94,1.02,1.12
1988,Chicago Cubs,Wrigley Field,1.02,0.94,1.01,1.1,1.02,0.93,1.07,1.13,1.02,0.93,1.04,1.12
1989,Chicago Cubs,Wrigley Field,1.05,0.94,0.94,1.16,1.04,0.91,1.03,1.11,1.04,0.92,0.99,1.12
1990,Chicago Cubs,Wrigley Field,1.04,1.02,0.93,1.15,1.03,0.94,0.94,1.15,1.03,0.97,0.93,1.15
1991,Chicago Cubs,Wrigley Field,1.03,1.01,0.96,1.06,1.01,0.98,1.08,1.17,1.02,1,1.02,1.13
1992,Chicago Cubs,Wrigley Field,1.02,1.01,1.08,0.96,0.99,1.02,1.08,1.24,1,1.02,1.09,1.1
1993,Chicago Cubs,Wrigley Field,1.02,0.95,1.09,0.97,0.97,1.04,1.11,1.09,0.99,1,1.1,1.03
1994,Chicago Cubs,Wrigley Field,1.02,0.99,0.93,1,0.98,0.99,1.01,1.07,1,0.99,0.97,1.04
1995,Chicago Cubs,Wrigley Field,1.01,0.97,0.83,1,0.98,0.97,1.04,1.04,0.99,0.97,0.93,1.03
1996,Chicago Cubs,Wrigley Field,1.02,0.99,0.85,0.97,0.99,0.94,1.02,1.16,1.01,0.96,0.93,1.1
1997,Chicago Cubs,Wrigley Field,1.02,1.01,0.95,0.99,0.99,0.94,0.94,1.13,1.01,0.97,0.95,1.08
1998,Chicago Cubs,Wrigley Field,1.03,1.03,1.03,1.03,1,0.95,0.82,1.12,1.02,0.98,0.93,1.09
1999,Chicago Cubs,Wrigley Field,1.02,1.04,0.96,0.96,1,0.95,0.83,1.02,1.01,0.98,0.9,1
2000,Chicago Cubs,Wrigley Field,1.01,0.97,0.89,0.89,0.99,0.97,0.82,1.05,1,0.97,0.86,0.99
2001,Chicago Cubs,Wrigley Field,0.98,0.95,0.79,0.91,0.98,0.97,0.85,1.08,0.98,0.96,0.82,1.01
2002,Chicago Cubs,Wrigley Field,1,0.93,0.91,0.94,0.98,1.04,0.83,1.11,0.99,0.99,0.87,1.04
2003,Chicago Cubs,Wrigley Field,0.98,0.98,0.89,1.01,0.99,1.02,0.96,1.16,0.99,1,0.92,1.1
2004,Chicago Cubs,Wrigley Field,1,1,0.9,1.02,1,1.01,1.1,1.07,1,1.01,0.98,1.06
2005,Chicago Cubs,Wrigley Field,0.99,1.05,0.99,1.09,1,1.01,1.18,1.09,1,1.03,1.07,1.09
2006,Chicago Cubs,Wrigley Field,1,1.04,1.05,1.11,1.01,1.05,1.08,1.04,1.01,1.05,1.06,1.06
2007,Chicago Cubs,Wrigley Field,1.01,1.03,0.97,1.12,1.02,1.03,0.98,1.07,1.02,1.03,0.97,1.09
2008,Chicago Cubs,Wrigley Field,1,1.03,0.93,1.13,1.03,1.01,0.88,1.02,1.02,1.02,0.89,1.05
2009,Chicago Cubs,Wrigley Field,1.02,1,1.05,1.1,1.02,0.98,0.86,1.02,1.02,0.99,0.94,1.04
2010,Chicago Cubs,Wrigley Field,1.02,0.97,1.2,1.06,1.01,0.98,0.96,0.99,1.01,0.98,1.06,1.01
2011,Chicago Cubs,Wrigley Field,1.01,0.99,1.09,0.96,1,0.99,1.03,1.03,1.01,0.99,1.05,1.01
2012,Chicago Cubs,Wrigley Field,1.02,1,0.93,0.98,1,1,1.09,1.03,1.01,1,1.01,1.01
2013,Chicago Cubs,Wrigley Field,1.04,1.03,0.89,0.94,0.99,1.04,1.05,1.06,1.01,1.03,0.97,1.01
2014,Chicago Cubs,Wrigley Field,1.04,0.98,0.92,0.99,0.98,1.01,1.14,1.12,1,1,1.01,1.06
2015,Chicago Cubs,Wrigley Field,1.01,0.98,0.99,0.91,0.97,1,1.16,1.08,0.98,0.99,1.06,1.01
2016,Chicago Cubs,Wrigley Field,1.01,1.01,0.98,0.95,0.98,0.96,1.23,1.07,0.99,0.98,1.09,1.01
2017,Chicago Cubs,Wrigley Field,1.02,1.04,1,0.91,1,0.99,1.2,1.04,1.01,1.01,1.09,0.98
2018,Chicago Cubs,Wrigley Field,1.03,1.02,1.09,0.94,1,0.99,1.19,1.02,1.01,1,1.14,0.98
2019,Chicago Cubs,Wrigley Field,1.02,0.97,1.12,0.92,1,1,1.19,1.02,1.01,0.99,1.15,0.98
2020,Chicago Cubs,Wrigley Field,1,0.96,1.2,0.99,1,0.96,1.2,0.99,1,0.96,1.2,0.99
2021,Chicago Cubs,Wrigley Field,1.01,0.95,1.16,0.98,1.01,0.95,1.16,0.98,1.01,0.95,1.16,0.98
2022,Chicago Cubs,Wrigley Field,1.01,0.95,1.11,1.02,1.01,0.95,1.11,1.02,1.01,0.95,1.11,1.02
1914,Chicago Chi-Feds,Wrigley Field,0.93,1,1,0.93,0.93,1,1,0.93,0.93,1,1,0.93
1915,Chicago Whales,Wrigley Field,0.95,1,1,0.95,0.95,1,1,0.95,0.95,1,1,0.95
1890,Chicago Pirates,South Side Park II,1.01,1,1,1.01,1.01,1,1,1.01,1.01,1,1,1.01
1901,Chicago White Sox,South Side Park,0.97,1.02,0.86,0.72,0.97,1.02,0.86,0.72,0.97,1.02,0.86,0.72
1902,Chicago White Sox,South Side Park,0.97,1.04,0.82,0.69,0.97,1.04,0.82,0.69,0.97,1.04,0.82,0.69
1903,Chicago White Sox,South Side Park,0.97,1.05,0.79,0.59,0.97,1.05,0.79,0.59,0.97,1.05,0.79,0.59
1904,Chicago White Sox,South Side Park,0.97,1.09,0.8,0.6,0.97,1.09,0.8,0.6,0.97,1.09,0.8,0.6
1905,Chicago White Sox,South Side Park,1,1.11,0.87,0.64,0.94,1.04,0.84,0.62,0.97,1.08,0.83,0.59
1906,Chicago White Sox,South Side Park,0.99,1.11,0.89,0.68,0.95,1.02,0.79,0.62,0.97,1.07,0.84,0.63
1907,Chicago White Sox,South Side Park,0.98,1.12,0.86,0.7,0.96,1.01,0.72,0.65,0.97,1.06,0.79,0.66
1908,Chicago White Sox,South Side Park,0.97,1.11,0.9,0.71,0.95,1.06,0.72,0.72,0.96,1.07,0.8,0.71
1909,Chicago White Sox,South Side Park,0.96,1.14,0.88,0.69,0.94,1.1,0.71,0.84,0.95,1.1,0.79,0.77
1910,Chicago White Sox,White Sox Park,0.96,0.92,1.1,0.89,0.98,0.95,1.11,0.84,0.99,0.94,1.19,0.92
1911,Chicago White Sox,White Sox Park,0.96,0.91,1.09,0.89,0.98,0.96,1.16,0.97,0.98,0.94,1.18,0.99
1912,Chicago White Sox,White Sox Park,0.95,0.9,1.11,0.84,0.98,0.97,1.2,0.96,0.97,0.95,1.17,0.9
1913,Chicago White Sox,Comiskey Park,0.98,0.92,1.27,0.72,0.98,0.97,1.14,0.91,0.97,0.94,1.2,0.81
1914,Chicago White Sox,Comiskey Park,0.99,0.91,1.35,0.63,0.98,0.98,1.03,0.78,0.98,0.94,1.16,0.72
1915,Chicago White Sox,Comiskey Park,1.01,0.88,1.43,0.64,1,0.97,1.06,0.88,1.01,0.92,1.21,0.78
1916,Chicago White Sox,Comiskey Park,1,0.89,1.25,0.67,0.99,1.01,1.06,0.87,0.99,0.95,1.14,0.8
1917,Chicago White Sox,Comiskey Park,1.01,0.91,1.19,0.75,0.99,0.99,1.2,0.94,1,0.95,1.19,0.89
1918,Chicago White Sox,Comiskey Park,0.99,0.91,1.1,0.75,0.99,1,1.16,0.82,1,0.96,1.12,0.79
1919,Chicago White Sox,Comiskey Park,0.99,0.96,1.25,0.76,0.99,0.95,1.18,0.78,1,0.95,1.19,0.78
1920,Chicago White Sox,Comiskey Park,1,0.95,1.07,0.76,1,0.98,1.04,0.74,1,0.96,1.05,0.77
1921,Chicago White Sox,Comiskey Park,1,0.98,0.99,0.72,0.99,1.02,0.95,0.77,1,1,0.96,0.75
1922,Chicago White Sox,Comiskey Park,1,0.95,0.92,0.75,0.99,1.05,0.9,0.81,1,1,0.9,0.78
1923,Chicago White Sox,Comiskey Park,0.99,1,0.86,0.71,0.99,1.02,0.89,0.88,1,1.01,0.88,0.79
1924,Chicago White Sox,Comiskey Park,0.98,1,0.88,0.74,0.98,0.98,0.96,1,0.98,0.98,0.93,0.85
1925,Chicago White Sox,Comiskey Park,0.98,1.02,0.82,0.71,0.99,0.95,0.93,0.98,0.98,0.98,0.88,0.81
1926,Chicago White Sox,Comiskey Park,0.99,1.01,0.92,0.76,1,0.94,0.98,0.87,1,0.96,0.95,0.79
1927,Chicago White Sox,Comiskey Park,1.01,1,0.98,0.8,1.01,0.97,0.94,0.82,1.01,0.97,0.96,0.79
1928,Chicago White Sox,Comiskey Park,1.02,1,0.99,0.8,0.99,0.98,0.98,0.99,1.01,0.97,1,0.86
1929,Chicago White Sox,Comiskey Park,1.01,1.01,1.07,0.83,0.99,0.97,1.05,1.11,1,0.98,1.08,0.94
1930,Chicago White Sox,Comiskey Park,1,1.03,0.99,0.85,0.97,0.94,1.07,1.16,0.98,0.97,1.05,1
1931,Chicago White Sox,Comiskey Park,0.98,1.02,1.1,0.89,0.97,0.95,1.07,0.95,0.98,0.98,1.1,0.91
1932,Chicago White Sox,Comiskey Park,0.97,0.96,0.93,0.86,0.98,0.98,1.06,0.95,0.98,0.98,1.03,0.91
1933,Chicago White Sox,Comiskey Park,0.97,0.94,0.9,0.91,0.99,0.98,1.07,1.08,0.98,0.97,1.04,1.01
1934,Chicago White Sox,Comiskey Park,0.99,0.96,0.87,1.01,1,1,1.08,1.27,1,0.98,1.01,1.18
1935,Chicago White Sox,Comiskey Park,1.01,0.99,0.97,1.04,0.99,0.96,1.09,1.24,1,0.97,1.05,1.17
1936,Chicago White Sox,Comiskey Park,1,1.01,1.07,1.01,1,0.97,1.17,1.18,1,0.98,1.13,1.12
1937,Chicago White Sox,Comiskey Park,0.99,0.96,1.07,0.86,1,0.94,1.1,1.05,1,0.95,1.09,0.97
1938,Chicago White Sox,Comiskey Park,0.99,0.95,1.1,0.88,1.01,0.96,1.02,1.12,1,0.95,1.05,1.02
1939,Chicago White Sox,Comiskey Park,1,0.93,1.11,0.89,1.01,0.95,0.98,1.1,1,0.94,1.03,1
1940,Chicago White Sox,Comiskey Park,1,0.95,1.04,0.93,0.99,0.97,1.02,1.11,0.99,0.96,1.03,1.02
1941,Chicago White Sox,Comiskey Park,1.01,0.97,0.93,0.87,0.98,0.96,1.07,1.02,0.99,0.96,1.01,0.95
1942,Chicago White Sox,Comiskey Park,1.01,0.96,0.8,0.87,0.98,0.99,1.02,0.92,0.99,0.98,0.91,0.9
1943,Chicago White Sox,Comiskey Park,1.03,0.96,0.86,0.9,0.98,1.01,1.07,0.87,1,0.99,0.96,0.88
1944,Chicago White Sox,Comiskey Park,1.03,0.93,0.87,0.99,0.99,1.04,0.92,0.91,1.01,0.99,0.9,0.94
1945,Chicago White Sox,Comiskey Park,1.03,0.93,0.99,0.92,0.98,1,1,0.97,1,0.97,1,0.95
1946,Chicago White Sox,Comiskey Park,1.02,0.97,0.98,0.91,0.98,0.99,0.94,0.99,0.99,0.99,0.96,0.96
1947,Chicago White Sox,Comiskey Park,1,0.95,1.18,0.89,0.97,0.96,1.24,0.9,0.98,0.96,1.21,0.89
1948,Chicago White Sox,Comiskey Park,1.01,0.92,1.22,0.89,0.98,0.94,1.18,0.84,0.99,0.93,1.2,0.86
1949,Chicago White Sox,Comiskey Park,1,0.9,1.32,0.98,0.98,0.92,1.2,0.91,0.99,0.91,1.25,0.93
1950,Chicago White Sox,Comiskey Park,0.99,0.96,1.1,0.92,0.99,0.93,1.1,0.91,0.99,0.94,1.1,0.92
1951,Chicago White Sox,Comiskey Park,0.97,1.03,1.04,0.97,1,1,1.03,0.91,0.99,1.01,1.03,0.94
1952,Chicago White Sox,Comiskey Park,0.98,1.05,1,0.92,1.02,1.01,1.09,0.88,1,1.03,1.04,0.89
1953,Chicago White Sox,Comiskey Park,1.01,1.02,1.1,0.95,1.01,1.04,1.09,0.94,1.01,1.03,1.1,0.95
1954,Chicago White Sox,Comiskey Park,1.02,0.96,1.2,0.84,1.01,1.02,1.15,0.97,1.01,1,1.17,0.92
1955,Chicago White Sox,Comiskey Park,1.01,0.9,1.24,0.85,1.02,1.03,1.13,0.97,1.01,0.98,1.17,0.93
1956,Chicago White Sox,Comiskey Park,1,0.98,1.12,0.89,1.02,1.01,1.04,0.92,1.01,1,1.07,0.91
1957,Chicago White Sox,Comiskey Park,1,0.97,1.04,0.95,1,1,1.02,0.9,1,0.99,1.03,0.92
1958,Chicago White Sox,Comiskey Park,1.02,1.01,1.05,0.96,1,0.98,0.91,0.9,1,0.99,0.97,0.92
1959,Chicago White Sox,Comiskey Park,1.02,0.97,1,0.93,1,0.99,0.99,0.94,1.01,0.98,1,0.93
1960,Chicago White Sox,Comiskey Park,1.03,1.04,0.99,0.97,1,0.98,0.91,0.92,1.01,1,0.94,0.94
1961,Chicago White Sox,Comiskey Park,1,1.04,0.92,0.9,0.99,1,0.96,0.92,0.99,1.02,0.94,0.92
1962,Chicago White Sox,Comiskey Park,1,0.99,0.92,0.94,0.99,1.01,0.92,0.94,0.99,1.01,0.92,0.94
1963,Chicago White Sox,Comiskey Park,1,0.96,0.89,0.83,0.99,0.96,1.02,0.92,0.99,0.96,0.95,0.88
1964,Chicago White Sox,Comiskey Park,0.99,0.9,0.92,0.81,1,0.97,1.01,0.89,1,0.94,0.97,0.86
1965,Chicago White Sox,Comiskey Park,0.98,0.89,0.96,0.75,0.98,0.9,1.06,0.82,0.98,0.89,1.02,0.79
1966,Chicago White Sox,Comiskey Park,0.95,0.87,0.96,0.79,0.96,0.96,1.02,0.83,0.96,0.93,1,0.82
1967,Chicago White Sox,Comiskey Park,0.95,0.95,0.95,0.85,0.97,0.93,1.02,0.84,0.96,0.93,0.99,0.85
1968,Chicago White Sox,Comiskey Park,0.96,0.99,1.04,0.94,0.99,0.98,0.92,0.99,0.98,0.97,0.97,0.97
1969,Chicago White Sox,Comiskey Park,0.99,0.98,1.16,1.02,1.02,0.99,0.88,1.16,1.01,0.98,0.96,1.11
1970,Chicago White Sox,Comiskey Park,1,0.97,0.99,1.05,1.01,1.03,0.85,1.11,1.01,1.01,0.89,1.09
1971,Chicago White Sox,Comiskey Park,1.02,0.97,1.04,1.06,1.01,1.02,0.9,1.08,1.02,1,0.95,1.08
1972,Chicago White Sox,Comiskey Park,1.02,1.01,0.95,1.02,1.01,1.01,1.02,1.01,1.01,1.01,0.99,1.01
1973,Chicago White Sox,Comiskey Park,1.04,0.99,1.19,0.94,1.02,0.96,1.1,1.04,1.03,0.97,1.14,1
1974,Chicago White Sox,Comiskey Park,1.04,0.98,1.1,0.89,1.02,1,1.06,1.01,1.02,0.99,1.08,0.96
1975,Chicago White Sox,Comiskey Park,1.04,0.96,1.27,0.85,1.01,1.02,0.97,0.95,1.02,0.99,1.1,0.91
1976,Chicago White Sox,Comiskey Park,1.02,0.94,1.08,0.87,1,1.04,1.12,0.91,1.01,0.99,1.1,0.89
1977,Chicago White Sox,Comiskey Park,1.01,0.96,1.04,0.95,1,1,1.19,0.86,1.01,0.98,1.11,0.9
1978,Chicago White Sox,Comiskey Park,1.01,0.99,0.96,1.02,1,0.96,1.44,0.89,1.01,0.97,1.16,0.94
1979,Chicago White Sox,Comiskey Park,1,1.05,1.04,1,0.99,0.97,1.41,0.89,1,1,1.21,0.93
1980,Chicago White Sox,Comiskey Park,0.99,1.03,1.07,0.94,0.99,0.97,1.34,0.9,0.99,0.99,1.22,0.91
1981,Chicago White Sox,Comiskey Park,0.98,0.96,1.11,0.77,0.99,0.95,1.22,0.91,0.98,0.96,1.18,0.86
1982,Chicago White Sox,Comiskey Park,1,0.92,1.26,0.84,1,0.97,1.02,1,1,0.95,1.1,0.94
1983,Chicago White Sox,Comiskey Park,0.99,0.97,1.29,0.97,1.01,1,1.09,1.02,1,0.99,1.17,1
1984,Chicago White Sox,Comiskey Park,1.01,1,1.33,1.15,0.99,1.03,1.22,1.03,1,1.02,1.27,1.07
1985,Chicago White Sox,Comiskey Park,1.01,0.99,1.29,1.08,0.99,1.02,1.49,0.97,1,1.01,1.38,1.01
1986,Chicago White Sox,Comiskey Park,1.04,0.96,1.3,0.98,1.01,0.99,1.29,0.91,1.02,0.98,1.3,0.94
1987,Chicago White Sox,Comiskey Park,1.02,0.97,1.18,0.87,1.02,1.02,1.2,0.91,1.02,1,1.19,0.89
1988,Chicago White Sox,Comiskey Park,1.01,0.94,1.27,0.85,1.01,1,1.19,0.9,1.01,0.97,1.23,0.88
1989,Chicago White Sox,Comiskey Park,0.99,0.93,1.22,0.79,1,1.01,1.3,0.94,0.99,0.97,1.26,0.87
1990,Chicago White Sox,Comiskey Park,0.99,0.88,1.4,0.81,0.99,0.98,1.24,0.9,0.99,0.94,1.31,0.87
1991,Chicago White Sox,Comiskey Park,1,0.95,0.87,1.06,0.98,0.94,1.06,1,0.99,0.95,0.95,1.02
1992,Chicago White Sox,Comiskey Park,1,0.91,0.87,1.06,0.99,0.96,1.13,1.03,0.99,0.94,0.96,1.04
1993,Chicago White Sox,Comiskey Park,0.97,0.91,0.83,0.98,0.99,0.95,1.18,1.01,0.98,0.93,0.93,1
1994,Chicago White Sox,Comiskey Park,0.98,0.9,1.13,0.88,1.01,1,1.02,1,0.99,0.95,1.09,0.96
1995,Chicago White Sox,Comiskey Park,0.97,0.92,1.19,0.84,1,0.94,0.85,0.96,0.98,0.93,1.05,0.91
1996,Chicago White Sox,Comiskey Park,0.98,0.95,1.33,0.83,0.98,0.95,0.95,0.96,0.98,0.95,1.17,0.9
1997,Chicago White Sox,Comiskey Park,0.98,0.99,1.04,0.91,0.99,0.95,1.05,0.96,0.99,0.97,1.04,0.94
1998,Chicago White Sox,Comiskey Park,0.98,1,1.13,0.93,1,1,0.98,0.98,0.99,1,1.05,0.96
1999,Chicago White Sox,Comiskey Park,0.99,0.97,1.07,1,1,1.01,0.95,1.05,0.99,0.99,1,1.03
2000,Chicago White Sox,Comiskey Park,0.98,0.98,1.03,1.02,0.99,0.99,0.87,1.11,0.99,0.99,0.94,1.08
2001,Chicago White Sox,Comiskey Park,1,1.01,0.94,1.07,0.99,0.97,0.91,1.15,0.99,0.99,0.93,1.12
2002,Chicago White Sox,Comiskey Park,0.99,1.02,0.96,1.12,0.98,0.98,0.85,1.13,0.99,0.99,0.9,1.13
2003,Chicago White Sox,U.S. Cellular Field,1.01,0.98,1,1.12,0.99,0.99,0.88,1.17,1,0.99,0.93,1.15
2004,Chicago White Sox,U.S. Cellular Field,1.01,0.99,0.98,1.21,0.98,1,0.97,1.18,0.99,0.99,0.97,1.19
2005,Chicago White Sox,U.S. Cellular Field,1,1,0.85,1.21,0.99,0.97,0.93,1.16,0.99,0.98,0.89,1.18
2006,Chicago White Sox,U.S. Cellular Field,0.98,1.01,0.78,1.21,0.99,0.97,0.87,1.12,0.99,0.99,0.82,1.15
2007,Chicago White Sox,U.S. Cellular Field,0.98,1,0.78,1.14,0.99,0.97,0.8,1.14,0.98,0.98,0.79,1.14
2008,Chicago White Sox,U.S. Cellular Field,0.98,0.98,0.84,1.12,0.98,1,0.77,1.14,0.98,0.99,0.81,1.13
2009,Chicago White Sox,U.S. Cellular Field,1,1.01,0.85,1.1,0.97,1.03,0.9,1.24,0.98,1.02,0.88,1.19
2010,Chicago White Sox,U.S. Cellular Field,1,1,0.89,1.12,0.98,1.03,0.9,1.2,0.99,1.02,0.9,1.17
2011,Chicago White Sox,U.S. Cellular Field,1.01,1.07,0.92,1.1,1,1.01,0.89,1.25,1,1.03,0.9,1.2
2012,Chicago White Sox,U.S. Cellular Field,0.99,1.03,0.96,1.11,1,0.94,0.76,1.16,0.99,0.97,0.84,1.14
2013,Chicago White Sox,U.S. Cellular Field,0.99,1.03,1.02,1.08,1.01,0.95,0.81,1.13,1,0.98,0.91,1.11
2014,Chicago White Sox,U.S. Cellular Field,0.97,0.98,1.1,1.06,1,0.95,0.79,1.07,0.99,0.96,0.91,1.07
2015,Chicago White Sox,U.S. Cellular Field,0.97,0.99,1.15,1.08,1.01,0.97,0.91,1.04,0.99,0.98,1.02,1.05
2016,Chicago White Sox,Guaranteed Rate Field,0.95,0.97,1.16,1.13,0.99,0.98,0.89,1.06,0.98,0.98,0.98,1.08
2017,Chicago White Sox,Guaranteed Rate Field,0.96,0.94,1.08,1.09,1.01,0.97,0.88,1.04,0.99,0.96,0.96,1.05
2018,Chicago White Sox,Guaranteed Rate Field,0.96,0.89,1.03,1.13,0.99,0.99,0.77,1.05,0.98,0.95,0.86,1.08
2019,Chicago White Sox,Guaranteed Rate Field,0.97,0.88,1.03,1.11,1,0.98,0.67,1.04,0.98,0.94,0.81,1.06
2020,Chicago White Sox,Guaranteed Rate Field,0.96,0.97,0.79,1.15,0.96,0.97,0.79,1.15,0.96,0.97,0.79,1.15
2021,Chicago White Sox,Guaranteed Rate Field,0.97,0.98,0.85,1.14,0.97,0.98,0.85,1.14,0.97,0.98,0.85,1.14
2022,Chicago White Sox,Guaranteed Rate Field,0.98,0.97,0.83,1.08,0.98,0.97,0.83,1.08,0.98,0.97,0.83,1.08
1882,Cincinnati Red Stockings,Bank Street Grounds,1,1,1,1,1,1,1,1,1,1,1,1
1883,Cincinnati Red Stockings,Bank Street Grounds,1,1,1,1,1,1,1,1,1,1,1,1
1884,Cincinnati Red Stockings,League Park,1.02,1,1,1.02,1.02,1,1,1.02,1.02,1,1,1.02
1885,Cincinnati Red Stockings,League Park,1.01,1,1,1.01,1.01,1,1,1.01,1.01,1,1,1.01
1886,Cincinnati Red Stockings,League Park,1.02,1,1,1.02,1.02,1,1,1.02,1.02,1,1,1.02
1887,Cincinnati Red Stockings,League Park,1.01,1,1,1.01,1.01,1,1,1.01,1.01,1,1,1.01
1888,Cincinnati Red Stockings,League Park,1.02,1,1,1.02,1.02,1,1,1.02,1.02,1,1,1.02
1889,Cincinnati Red Stockings,League Park,1.01,1,1,1.01,1.01,1,1,1.01,1.01,1,1,1.01
1890,Cincinnati Reds,League Park,0.99,1,1,0.99,0.99,1,1,0.99,0.99,1,1,0.99
1891,Cincinnati Reds,League Park,1,1,1,1,1,1,1,1,1,1,1,1
1892,Cincinnati Reds,League Park,0.99,1,1,0.99,0.99,1,1,0.99,0.99,1,1,0.99
1893,Cincinnati Reds,League Park,1.01,1,1,1.01,1.01,1,1,1.01,1.01,1,1,1.01
1894,Cincinnati Reds,League Park II,1.03,1,1,1.03,1.03,1,1,1.03,1.03,1,1,1.03
1895,Cincinnati Reds,League Park II,1.02,1,1,1.02,1.02,1,1,1.02,1.02,1,1,1.02
1896,Cincinnati Reds,League Park II,1.03,1,1,1.03,1.03,1,1,1.03,1.03,1,1,1.03
1897,Cincinnati Reds,League Park II,1.03,1,1,1.03,1.03,1,1,1.03,1.03,1,1,1.03
1898,Cincinnati Reds,League Park II,1.04,1,1,1.04,1.04,1,1,1.04,1.04,1,1,1.04
1899,Cincinnati Reds,League Park II,1.01,1,1,1.01,1.01,1,1,1.01,1.01,1,1,1.01
1900,Cincinnati Reds,League Park II,0.99,1,1,0.99,0.99,1,1,0.99,0.99,1,1,0.99
1901,Cincinnati Reds,League Park II,0.98,1.18,0.97,1.34,0.98,1.18,0.97,1.34,0.98,1.18,0.97,1.34
1902,Cincinnati Reds,Palace of the Fans,1.03,0.94,1.18,0.98,1.03,0.94,1.18,0.98,1.03,0.94,1.18,0.98
1903,Cincinnati Reds,Palace of the Fans,1.03,0.94,1.31,1,1.03,0.94,1.31,1,1.03,0.94,1.31,1
1904,Cincinnati Reds,Palace of the Fans,1.03,0.95,1.27,0.82,1.03,0.95,1.27,0.82,1.03,0.95,1.27,0.82
1905,Cincinnati Reds,Palace of the Fans,1.01,0.91,1.27,0.83,1.07,1.04,1.18,0.89,1.02,0.96,1.35,0.92
1906,Cincinnati Reds,Palace of the Fans,1,0.89,1.28,0.84,1.03,1.06,1.08,0.75,1.02,0.99,1.18,0.8
1907,Cincinnati Reds,Palace of the Fans,1,0.92,1.53,0.92,1.03,1.05,1.14,0.89,1.02,0.99,1.26,0.91
1908,Cincinnati Reds,Palace of the Fans,0.98,0.88,1.3,0.7,1,0.98,1.1,0.76,1.01,0.95,1.18,0.74
1909,Cincinnati Reds,Palace of the Fans,1,0.93,1.31,0.69,1.03,0.92,1.25,0.77,1.04,0.93,1.31,0.74
1910,Cincinnati Reds,Palace of the Fans,1.02,0.88,1.23,0.66,1.01,0.87,1.24,0.63,1.07,0.88,1.26,0.65
1911,Cincinnati Reds,Palace of the Fans,1.03,0.88,1.28,0.67,1.01,0.87,1.27,0.6,1.06,0.87,1.3,0.65
1912,Cincinnati Reds,Redland Field,0.97,0.9,1.22,0.74,1.01,0.95,1.17,0.74,1.05,0.92,1.2,0.74
1913,Cincinnati Reds,Redland Field,1,0.88,1.35,0.72,1.02,0.94,1.14,0.69,1.05,0.91,1.2,0.7
1914,Cincinnati Reds,Redland Field,0.99,0.94,1.25,0.77,1.01,0.95,1.17,0.71,1.05,0.94,1.19,0.74
1915,Cincinnati Reds,Redland Field,1.02,0.95,1.32,0.67,1,0.93,1.24,0.7,1.03,0.94,1.26,0.68
1916,Cincinnati Reds,Redland Field,1,0.98,1.26,0.71,0.99,0.93,1.28,0.7,1.04,0.95,1.27,0.71
1917,Cincinnati Reds,Redland Field,1.01,0.97,1.27,0.72,0.99,0.92,1.24,0.72,1.05,0.94,1.25,0.72
1918,Cincinnati Reds,Redland Field,1.01,0.95,1.24,0.86,0.99,0.96,1.2,0.66,1.06,0.95,1.21,0.75
1919,Cincinnati Reds,Redland Field,0.99,0.97,1.15,0.74,1,0.92,1.18,0.65,1.04,0.93,1.15,0.7
1920,Cincinnati Reds,Redland Field,0.99,0.95,1.2,0.64,1.02,0.91,1.34,0.61,1.03,0.92,1.24,0.63
1921,Cincinnati Reds,Redland Field,0.98,0.91,1.32,0.62,1.01,0.91,1.45,0.59,1.03,0.91,1.34,0.61
1922,Cincinnati Reds,Redland Field,0.99,0.86,1.35,0.62,1,0.92,1.54,0.59,1.03,0.9,1.43,0.6
1923,Cincinnati Reds,Redland Field,0.98,0.85,1.47,0.64,0.98,0.94,1.41,0.57,1.02,0.91,1.43,0.6
1924,Cincinnati Reds,Redland Field,0.99,0.92,1.41,0.6,0.99,0.93,1.29,0.57,1.03,0.92,1.32,0.58
1925,Cincinnati Reds,Redland Field,0.99,0.97,1.58,0.6,0.99,0.93,1.28,0.61,1.02,0.94,1.38,0.6
1926,Cincinnati Reds,Redland Field,1.02,0.96,1.51,0.62,0.98,0.94,1.43,0.64,1.01,0.94,1.43,0.63
1927,Cincinnati Reds,Redland Field,1.02,0.94,1.39,0.63,0.98,0.94,1.53,0.65,1.01,0.93,1.46,0.64
1928,Cincinnati Reds,Redland Field,1.02,0.94,1.08,0.66,0.99,0.99,1.52,0.64,1.01,0.97,1.32,0.65
1929,Cincinnati Reds,Redland Field,0.97,0.99,0.99,0.67,0.99,0.99,1.43,0.67,1.03,0.98,1.24,0.67
1930,Cincinnati Reds,Redland Field,0.99,0.95,1.12,0.63,1,1.02,1.36,0.67,1.02,0.99,1.26,0.66
1931,Cincinnati Reds,Redland Field,0.98,0.95,1.26,0.61,0.99,1,1.45,0.66,1.04,0.98,1.37,0.64
1932,Cincinnati Reds,Redland Field,1,0.93,1.41,0.58,0.99,1.01,1.36,0.63,1.03,0.97,1.39,0.6
1933,Cincinnati Reds,Redland Field,0.98,0.97,1.39,0.6,1,0.96,1.41,0.71,1.03,0.96,1.38,0.65
1934,Cincinnati Reds,Crosley Field,0.99,0.99,1.35,0.59,1,0.95,1.23,0.76,1.02,0.97,1.27,0.68
1935,Cincinnati Reds,Crosley Field,0.98,1.02,1.09,0.65,1.01,0.95,1.28,0.8,1.03,0.98,1.16,0.72
1936,Cincinnati Reds,Crosley Field,0.98,1.02,1.06,0.66,1,0.98,1.24,0.72,1.03,1,1.12,0.69
1937,Cincinnati Reds,Crosley Field,0.98,1.03,0.99,0.78,0.99,1.04,1.18,0.76,1.03,1.03,1.06,0.77
1938,Cincinnati Reds,Crosley Field,0.98,1.02,1.09,0.86,0.99,1.01,1.14,0.81,1.03,1.01,1.12,0.83
1939,Cincinnati Reds,Crosley Field,0.95,1.01,0.98,1,1,1.06,1.03,0.92,1.04,1.04,1,0.94
1940,Cincinnati Reds,Crosley Field,0.97,0.99,0.89,0.98,1,1.03,1.03,0.92,1.03,1.01,0.96,0.94
1941,Cincinnati Reds,Crosley Field,0.96,0.98,0.82,0.94,1.01,1.09,0.92,0.94,1.03,1.04,0.87,0.94
1942,Cincinnati Reds,Crosley Field,1,0.96,0.97,0.83,0.99,1.07,0.87,0.9,1.01,1.03,0.9,0.88
1943,Cincinnati Reds,Crosley Field,0.98,0.94,1.09,0.76,1,1.03,0.81,0.88,1.02,1,0.9,0.84
1944,Cincinnati Reds,Crosley Field,0.97,0.92,0.99,0.7,0.98,0.99,0.79,0.85,1.02,0.97,0.85,0.79
1945,Cincinnati Reds,Crosley Field,0.96,0.96,0.76,0.87,0.99,0.99,0.77,0.9,1.02,0.98,0.77,0.88
1946,Cincinnati Reds,Crosley Field,0.95,0.96,0.74,1.06,0.99,1.03,0.8,0.89,1.03,1,0.77,0.96
1947,Cincinnati Reds,Crosley Field,0.98,0.97,0.77,1.38,1,1.08,0.87,0.92,0.98,1.03,0.82,1.09
1948,Cincinnati Reds,Crosley Field,0.97,0.96,0.8,1.35,0.99,1.05,0.84,0.89,0.97,1.01,0.81,1.03
1949,Cincinnati Reds,Crosley Field,1,1.02,0.79,1.37,1,1.03,0.88,0.95,0.96,1.02,0.83,1.08
1950,Cincinnati Reds,Crosley Field,0.99,1.07,0.78,1.19,1.01,0.98,0.91,0.9,0.95,1.01,0.85,0.98
1951,Cincinnati Reds,Crosley Field,1,1.06,0.8,1.07,1.02,0.96,1.07,0.86,0.95,1,0.92,0.92
1952,Cincinnati Reds,Crosley Field,0.99,1.02,0.78,1.08,1.01,0.99,0.92,0.85,0.95,1,0.86,0.93
1953,Cincinnati Reds,Crosley Field,1.01,0.93,0.81,1.26,1.01,1.06,0.86,0.94,0.96,1.01,0.84,1.06
1954,Cincinnati Redlegs,Crosley Field,1.02,0.95,0.82,1.29,1,1.09,0.76,1.05,0.96,1.04,0.78,1.15
1955,Cincinnati Redlegs,Crosley Field,1.02,0.93,0.87,1.35,1.01,1.08,0.77,1.05,0.98,1.03,0.81,1.18
1956,Cincinnati Redlegs,Crosley Field,0.99,0.99,0.75,1.3,1.02,1.07,0.71,1.05,0.98,1.04,0.72,1.16
1957,Cincinnati Redlegs,Crosley Field,1,1,0.73,1.36,1.02,1.07,0.75,1.05,0.98,1.04,0.74,1.18
1958,Cincinnati Redlegs,Crosley Field,1.02,0.98,0.72,1.29,1.01,1.09,0.72,1.11,0.98,1.04,0.72,1.19
1959,Cincinnati Redlegs,Crosley Field,1.02,0.99,0.74,1.21,1.01,1.08,0.79,1.07,0.97,1.04,0.77,1.13
1960,Cincinnati Reds,Crosley Field,1,0.98,0.79,1.1,1.02,1.07,0.74,1,0.97,1.03,0.76,1.05
1961,Cincinnati Reds,Crosley Field,0.98,1,0.72,1.06,1.01,1.06,0.76,0.97,0.97,1.03,0.74,1.01
1962,Cincinnati Reds,Crosley Field,1.01,0.97,0.81,1,1.03,1.06,0.76,0.97,0.98,1.02,0.79,0.98
1963,Cincinnati Reds,Crosley Field,1.01,0.95,0.78,1.03,1.03,1.01,0.86,0.97,0.99,0.98,0.82,0.99
1964,Cincinnati Reds,Crosley Field,1.02,0.96,0.88,1.07,1.05,1.05,0.83,0.99,0.98,1.01,0.85,1.02
1965,Cincinnati Reds,Crosley Field,1.01,1,0.81,1.22,1.04,1.07,0.82,1.08,0.99,1.04,0.82,1.13
1966,Cincinnati Reds,Crosley Field,1.03,1.13,0.79,1.3,1.04,1.13,0.84,1.14,0.99,1.13,0.82,1.19
1967,Cincinnati Reds,Crosley Field,1.04,1.21,0.76,1.35,1.04,1.1,0.95,1.12,0.99,1.13,0.85,1.19
1968,Cincinnati Reds,Crosley Field,1.02,1.27,0.85,1.26,1.02,1.07,1.02,1.05,1,1.13,0.92,1.11
1969,Cincinnati Reds,Crosley Field,1.02,1.24,0.94,1.23,1.01,1.03,1.01,1.02,1,1.09,0.96,1.08
1970,Cincinnati Reds,Riverfront Stadium,1,1.06,1.09,0.81,0.98,1.05,0.97,0.98,1,1.02,1.01,0.9
1971,Cincinnati Reds,Riverfront Stadium,0.99,1.04,1.26,0.9,0.97,1.06,1.04,0.95,1,1.03,1.13,0.91
1972,Cincinnati Reds,Riverfront Stadium,0.99,1.02,1.21,0.95,0.96,1.1,1.11,0.91,0.99,1.07,1.16,0.92
1973,Cincinnati Reds,Riverfront Stadium,0.98,1.07,1.14,0.99,0.97,1.1,1.18,0.94,0.98,1.08,1.16,0.95
1974,Cincinnati Reds,Riverfront Stadium,0.98,1.09,1.1,0.98,0.99,1.08,1.15,0.98,0.97,1.08,1.11,0.98
1975,Cincinnati Reds,Riverfront Stadium,0.99,1.1,1.16,0.99,1,1.05,1.12,1.04,0.98,1.07,1.13,1.03
1976,Cincinnati Reds,Riverfront Stadium,0.99,1.11,1.21,0.99,1.01,1.07,1.06,1,0.99,1.09,1.13,1
1977,Cincinnati Reds,Riverfront Stadium,0.98,1.08,1.09,0.97,1.01,1.1,1.04,1.03,0.99,1.09,1.06,1.01
1978,Cincinnati Reds,Riverfront Stadium,0.98,1.1,0.93,1.01,1,1.11,0.95,1.06,0.99,1.11,0.94,1.04
1979,Cincinnati Reds,Riverfront Stadium,0.98,1.1,0.99,1.21,0.98,1.12,0.99,1.1,1,1.11,0.99,1.13
1980,Cincinnati Reds,Riverfront Stadium,1,1.11,1.08,1.32,0.96,1.11,0.98,1.07,1.01,1.11,1.03,1.14
1981,Cincinnati Reds,Riverfront Stadium,1,1.09,1.24,1.13,0.98,1.12,1.09,1.01,1.01,1.11,1.16,1.05
1982,Cincinnati Reds,Riverfront Stadium,1.02,1.12,1.21,0.91,1,1.1,1.05,0.96,1,1.11,1.14,0.94
1983,Cincinnati Reds,Riverfront Stadium,1.02,1.09,1.1,0.96,1,1.09,0.88,1,1.02,1.09,0.98,0.98
1984,Cincinnati Reds,Riverfront Stadium,1.01,1.09,1.11,1,1.02,1.08,0.93,0.98,1.02,1.09,1.01,0.99
1985,Cincinnati Reds,Riverfront Stadium,1.01,1.04,1.09,1.03,1.03,1.06,0.96,1.06,1.02,1.05,1.03,1.05
1986,Cincinnati Reds,Riverfront Stadium,1.01,1.09,1.09,1.01,1.03,1.08,1.12,1.04,1,1.08,1.1,1.03
1987,Cincinnati Reds,Riverfront Stadium,1.01,1.08,1.03,1.16,1.01,1.05,1.03,1.1,1.01,1.06,1.03,1.12
1988,Cincinnati Reds,Riverfront Stadium,1.03,1.1,0.85,1.21,1,1.05,1.03,1.03,1.01,1.07,0.94,1.09
1989,Cincinnati Reds,Riverfront Stadium,1.02,1.06,0.78,1.24,0.99,1.01,1.03,1.09,1.01,1.03,0.9,1.14
1990,Cincinnati Reds,Riverfront Stadium,1.02,1.06,0.88,1.21,0.99,1.04,0.95,1.14,1.01,1.05,0.92,1.16
1991,Cincinnati Reds,Riverfront Stadium,1,1.06,1.01,1.19,0.97,1.03,0.87,1.26,1.02,1.04,0.93,1.24
1992,Cincinnati Reds,Riverfront Stadium,1,1.12,0.98,1.23,0.98,1.01,0.84,1.14,1,1.05,0.9,1.17
1993,Cincinnati Reds,Riverfront Stadium,1,1.12,0.88,1.06,0.97,1,0.89,1.06,1,1.04,0.89,1.06
1994,Cincinnati Reds,Riverfront Stadium,0.98,1.12,0.81,1.07,0.99,1,0.95,0.94,0.98,1.04,0.88,0.98
1995,Cincinnati Reds,Riverfront Stadium,1,1.15,0.93,1.01,0.98,1,1.07,0.94,0.99,1.05,1,0.96
1996,Cincinnati Reds,Cinergy Field,1.01,1.13,0.92,1.1,0.99,1,1.13,0.93,1,1.05,1.02,0.98
1997,Cincinnati Reds,Cinergy Field,0.99,1.09,0.95,1.07,0.99,1.06,1.17,0.97,1.03,1.08,1.05,1
1998,Cincinnati Reds,Cinergy Field,0.97,1.07,0.88,1.06,0.99,1.07,1.04,1.03,1.03,1.07,0.97,1.04
1999,Cincinnati Reds,Cinergy Field,0.98,1.07,0.91,0.99,1,1.04,0.99,1.07,1.03,1.05,0.96,1.04
2000,Cincinnati Reds,Cinergy Field,1.01,1.09,0.8,0.97,0.99,1.01,0.9,1.1,1.01,1.04,0.85,1.04
2001,Cincinnati Reds,Cinergy Field,1.03,1.11,0.77,1,1.01,1.03,0.83,1.13,1,1.06,0.8,1.06
2002,Cincinnati Reds,Cinergy Field,1.01,1.13,0.71,1.01,1.01,1.05,0.71,1.14,1,1.08,0.71,1.07
2003,Cincinnati Reds,Great American Ball Park,0.96,1,0.72,1.07,0.97,1.03,0.72,1.08,1,1.01,0.72,1.07
2004,Cincinnati Reds,Great American Ball Park,0.98,1,0.72,1.09,0.98,1.06,0.74,1.08,0.99,1.04,0.73,1.08
2005,Cincinnati Reds,Great American Ball Park,0.99,0.99,0.76,1.09,0.99,1.03,0.76,1.1,0.99,1.01,0.76,1.1
2006,Cincinnati Reds,Great American Ball Park,1.01,1.02,0.72,1.14,0.98,1.05,0.86,1.14,1,1.04,0.8,1.14
2007,Cincinnati Reds,Great American Ball Park,1,0.98,0.85,1.11,0.98,1.04,0.94,1.17,1.01,1.02,0.89,1.14
2008,Cincinnati Reds,Great American Ball Park,1,1.02,0.99,1.11,0.98,1.05,1.02,1.15,1.01,1.04,1.01,1.13
2009,Cincinnati Reds,Great American Ball Park,0.99,1,1,1.06,1.01,1.01,1.05,1.13,1,1,1.03,1.1
2010,Cincinnati Reds,Great American Ball Park,0.99,1,0.86,1.05,1.01,0.97,1.05,1.17,0.99,0.98,0.97,1.12
2011,Cincinnati Reds,Great American Ball Park,0.99,0.96,0.87,1.11,1.01,0.95,1.09,1.22,0.99,0.95,1,1.18
2012,Cincinnati Reds,Great American Ball Park,0.99,0.96,0.97,1.17,1,1,0.98,1.26,0.99,0.98,0.98,1.22
2013,Cincinnati Reds,Great American Ball Park,0.98,0.99,1.22,1.28,1.01,1,0.94,1.18,0.99,1,1.05,1.22
2014,Cincinnati Reds,Great American Ball Park,0.99,0.99,0.98,1.17,1.01,1.04,0.8,1.1,1.02,1.01,0.86,1.13
2015,Cincinnati Reds,Great American Ball Park,0.99,0.97,0.91,1.16,1,1.01,0.79,1.07,1.03,0.99,0.84,1.1
2016,Cincinnati Reds,Great American Ball Park,0.99,0.97,0.88,1.1,0.99,1.06,0.88,1.05,1.04,1.01,0.88,1.07
2017,Cincinnati Reds,Great American Ball Park,0.99,0.97,1.08,1.14,0.99,1.09,1.02,1.1,1.02,1.03,1.05,1.12
2018,Cincinnati Reds,Great American Ball Park,1,0.98,0.98,1.11,1,1.08,0.98,1.11,1.01,1.03,0.96,1.11
2019,Cincinnati Reds,Great American Ball Park,1.02,0.98,0.92,1.12,1.01,1.06,0.85,1.15,1,1.02,0.87,1.13
2020,Cincinnati Reds,Great American Ball Park,1.02,1.02,0.72,1.17,1.02,1.02,0.72,1.17,1.02,1.02,0.72,1.17
2021,Cincinnati Reds,Great American Ball Park,1.03,1.02,0.8,1.26,1.03,1.02,0.8,1.26,1.03,1.02,0.8,1.26
2022,Cincinnati Reds,Great American Ball Park,1.01,1,0.83,1.2,1.01,1,0.83,1.2,1.01,1,0.83,1.2
1891,Cincinnati Kelly's Killers,East End Park,1.06,1,1,1.06,1.06,1,1,1.06,1.06,1,1,1.06
1901,Cleveland Blues,League Park,1.02,1.07,0.91,0.81,1.02,1.07,0.91,0.81,1.02,1.07,0.91,0.81
1902,Cleveland Bronchos,League Park,1.02,1.04,0.92,0.78,1.02,1.04,0.92,0.78,1.02,1.04,0.92,0.78
1903,Cleveland Naps,League Park,1,1.07,0.88,0.81,1,1.07,0.88,0.81,1,1.07,0.88,0.81
1904,Cleveland Naps,League Park,1.01,1,0.88,0.84,1.01,1,0.88,0.84,1.01,1,0.88,0.84
1905,Cleveland Naps,League Park,1.07,0.95,0.99,0.78,1.03,1.02,0.94,0.86,1.02,0.91,0.88,1
1906,Cleveland Naps,League Park,1.02,0.93,0.97,0.9,1.02,1.01,0.94,0.88,0.98,0.95,0.92,0.93
1907,Cleveland Naps,League Park,1.01,0.92,1.03,1,1.03,1,1.02,0.83,1.02,0.98,1.02,0.92
1908,Cleveland Naps,League Park,0.99,0.86,1.11,0.97,1.03,0.96,0.98,0.78,1.01,0.93,1.02,0.83
1909,Cleveland Naps,League Park,1.02,0.87,1.27,0.86,1.05,0.95,1.01,0.72,1.04,0.92,1.09,0.76
1910,Cleveland Naps,League Park,1.06,1.1,0.91,0.76,1.08,1.03,0.95,0.71,1.07,1.05,0.92,0.73
1911,Cleveland Naps,League Park,1.06,1.14,0.86,0.82,1.06,1.05,0.94,0.68,1.06,1.07,0.9,0.75
1912,Cleveland Naps,League Park,1.04,1.14,0.89,0.75,1.05,1.08,0.96,0.75,1.05,1.09,0.93,0.76
1913,Cleveland Naps,League Park,1.03,1.1,0.91,0.74,1.06,1.09,1.05,0.78,1.05,1.08,0.99,0.78
1914,Cleveland Naps,League Park,1.02,1.11,0.93,0.72,1.06,1.06,1.07,0.91,1.05,1.08,1,0.79
1915,Cleveland Indians,League Park,1.02,1.14,0.93,0.79,1.05,1.03,1.11,0.88,1.03,1.08,1.02,0.82
1916,Cleveland Indians,League Park,1.05,1.24,0.91,0.87,1.04,1.03,1.01,0.86,1.04,1.12,0.97,0.85
1917,Cleveland Indians,League Park,1.07,1.22,0.95,0.92,1.05,1.05,0.99,0.72,1.05,1.13,0.98,0.82
1918,Cleveland Indians,League Park,1.09,1.2,0.94,0.92,1.05,1.04,0.97,0.71,1.06,1.11,0.95,0.81
1919,Cleveland Indians,League Park,1.07,1.13,0.89,1.11,1.02,1.07,0.96,0.64,1.04,1.1,0.92,0.84
1920,Cleveland Indians,League Park,1.05,1.12,0.93,0.9,1.02,1.06,1.02,0.64,1.04,1.09,0.96,0.79
1921,Cleveland Indians,League Park,1.04,1.11,0.94,0.92,1.02,1.08,0.94,0.61,1.03,1.1,0.93,0.78
1922,Cleveland Indians,League Park,1.04,1.16,1.01,0.88,1.03,1.06,1.02,0.62,1.04,1.1,1.02,0.76
1923,Cleveland Indians,League Park,1.04,1.15,1.05,0.96,1,1.07,0.97,0.6,1.02,1.11,1.01,0.79
1924,Cleveland Indians,League Park,1.05,1.16,1.04,0.97,1.01,1.07,0.96,0.66,1.03,1.11,1.02,0.84
1925,Cleveland Indians,League Park,1.04,1.12,1.03,0.93,1,1.06,0.85,0.66,1.02,1.08,0.94,0.84
1926,Cleveland Indians,League Park,1.04,1.12,0.92,0.92,0.99,1.06,0.86,0.69,1.01,1.09,0.89,0.82
1927,Cleveland Indians,League Park,1.03,1.08,0.91,0.83,1,1.06,0.92,0.63,1.02,1.07,0.91,0.75
1928,Cleveland Indians,League Park,1.02,1.09,0.82,0.9,1,1.06,0.94,0.64,1.01,1.07,0.88,0.77
1929,Cleveland Indians,League Park,1.03,1.11,0.87,1.04,1.02,1.02,0.93,0.71,1.03,1.06,0.89,0.86
1930,Cleveland Indians,League Park,1.02,1.15,0.8,1.2,1.01,1.02,0.93,0.77,1.02,1.08,0.86,0.97
1931,Cleveland Indians,League Park,1.05,1.15,0.84,1.27,1.03,1.05,1.03,0.82,1.04,1.1,0.89,1.08
1932,Cleveland Indians,Cleveland Stadium,1.04,1.11,0.88,1.1,1.02,1.06,1.21,0.86,1.03,1.08,0.99,1.01
1933,Cleveland Indians,Cleveland Stadium,1.05,1.09,0.9,1.08,1.02,1.04,1.1,0.8,1.03,1.06,0.95,0.98
1934,Cleveland Indians,League Park,1.04,1.13,0.89,1.14,1.01,0.99,1.08,0.8,1.02,1.04,0.99,0.95
1935,Cleveland Indians,League Park,1.05,1.15,0.8,1.37,1.01,1.02,0.9,0.74,1.03,1.07,0.85,1.02
1936,Cleveland Indians,League Park,1.05,1.12,0.8,1.38,1.01,1.01,0.87,0.73,1.03,1.06,0.83,1.01
1937,Cleveland Indians,League Park,1.04,1.11,0.82,1.27,1.02,1.03,0.8,0.71,1.03,1.08,0.8,0.98
1938,Cleveland Indians,League Park,1.02,1.09,0.82,1.12,1.03,1.01,0.83,0.73,1.03,1.07,0.83,0.95
1939,Cleveland Indians,League Park,1.01,1.1,0.84,1.1,1.04,1.07,0.92,0.75,1.04,1.11,0.88,0.99
1940,Cleveland Indians,League Park,1.01,1.12,0.82,1.11,1.03,1.13,0.95,0.75,1.03,1.15,0.87,1
1941,Cleveland Indians,League Park,1.01,1.13,0.87,1.13,1.01,1.16,0.91,0.79,1.03,1.17,0.87,1.05
1942,Cleveland Indians,Cleveland Stadium,0.99,1.12,0.81,1.14,0.99,1.11,0.88,0.81,1.01,1.14,0.84,1.09
1943,Cleveland Indians,Cleveland Stadium,1.01,1.12,0.76,1.16,0.99,1.03,0.78,0.68,1.02,1.09,0.78,1.04
1944,Cleveland Indians,Cleveland Stadium,1.01,1.08,0.75,1.18,1,0.99,0.86,0.65,1.02,1.06,0.82,1.02
1945,Cleveland Indians,Cleveland Stadium,1.01,1,0.85,1.18,1.01,0.99,0.91,0.67,1.02,1.03,0.86,1
1946,Cleveland Indians,Cleveland Stadium,0.99,0.96,0.96,1.11,1.02,1,1.02,0.69,1.03,1.02,0.95,0.99
1947,Cleveland Indians,Cleveland Stadium,0.99,1.03,0.89,0.96,0.97,0.96,0.77,1.04,0.98,0.99,0.83,1.01
1948,Cleveland Indians,Cleveland Stadium,0.97,1.01,0.89,0.94,0.97,0.98,0.77,1.11,0.97,0.99,0.83,1.03
1949,Cleveland Indians,Cleveland Stadium,0.96,1.02,0.83,1.02,0.96,0.99,0.77,1.15,0.96,1,0.8,1.09
1950,Cleveland Indians,Cleveland Stadium,0.95,0.96,0.8,1.04,0.95,1,0.8,1.17,0.95,0.99,0.8,1.11
1951,Cleveland Indians,Cleveland Stadium,0.96,0.96,0.68,1.05,0.94,0.98,0.84,1.1,0.95,0.97,0.75,1.07
1952,Cleveland Indians,Cleveland Stadium,0.95,0.94,0.66,0.98,0.94,0.98,0.74,1.12,0.95,0.96,0.7,1.05
1953,Cleveland Indians,Cleveland Stadium,0.96,0.99,0.63,1.02,0.96,0.98,0.76,1.12,0.96,0.99,0.69,1.07
1954,Cleveland Indians,Cleveland Stadium,0.95,1.04,0.68,1.12,0.97,0.98,0.71,1.12,0.96,1,0.7,1.12
1955,Cleveland Indians,Cleveland Stadium,0.97,1.06,0.73,1.15,0.98,0.97,0.77,1.04,0.98,1,0.76,1.08
1956,Cleveland Indians,Cleveland Stadium,0.96,0.97,0.77,1.08,0.99,0.98,0.77,1.06,0.98,0.98,0.77,1.07
1957,Cleveland Indians,Cleveland Stadium,0.98,0.93,0.69,0.98,0.99,1,0.76,1.03,0.98,0.97,0.73,1.01
1958,Cleveland Indians,Cleveland Stadium,1,0.94,0.67,1,0.97,1.01,0.71,1.02,0.98,0.98,0.69,1.01
1959,Cleveland Indians,Cleveland Stadium,1,0.93,0.7,0.96,0.96,0.95,0.75,1.01,0.97,0.94,0.73,0.99
1960,Cleveland Indians,Cleveland Stadium,0.98,0.92,0.8,1.07,0.97,0.96,0.71,1,0.97,0.95,0.74,1.03
1961,Cleveland Indians,Cleveland Stadium,0.96,0.91,0.76,1.04,0.98,0.94,0.67,1.07,0.97,0.93,0.71,1.06
1962,Cleveland Indians,Cleveland Stadium,0.98,0.95,0.73,1.09,0.98,0.97,0.64,1.03,0.97,0.96,0.68,1.06
1963,Cleveland Indians,Cleveland Stadium,0.99,0.97,0.71,1.11,0.99,0.97,0.69,1.03,0.99,0.97,0.7,1.06
1964,Cleveland Indians,Cleveland Stadium,0.99,0.99,0.72,1.09,0.98,0.99,0.72,1,0.98,0.99,0.72,1.04
1965,Cleveland Indians,Cleveland Stadium,0.98,1.01,0.67,1.06,1,1.03,0.7,1.03,0.99,1.02,0.69,1.04
1966,Cleveland Indians,Cleveland Stadium,0.97,1.02,0.69,1.01,1,1.01,0.75,1.14,0.99,1.01,0.73,1.09
1967,Cleveland Indians,Cleveland Stadium,0.98,1,0.86,1.03,1,1,0.8,1.16,0.99,1,0.82,1.11
1968,Cleveland Indians,Cleveland Stadium,0.99,0.95,0.88,0.98,1.01,0.96,0.88,1.09,1,0.96,0.88,1.05
1969,Cleveland Indians,Cleveland Stadium,1,0.92,1,1.12,1,0.96,0.85,1.19,1,0.94,0.9,1.17
1970,Cleveland Indians,Cleveland Stadium,1,0.98,0.85,1.18,1.01,0.97,0.83,1.22,1,0.97,0.84,1.21
1971,Cleveland Indians,Cleveland Stadium,1,1,0.93,1.3,0.99,1.01,0.71,1.53,0.99,1,0.79,1.42
1972,Cleveland Indians,Cleveland Stadium,0.99,1.05,0.92,1.26,0.98,1.02,0.67,1.31,0.98,1.04,0.76,1.29
1973,Cleveland Indians,Cleveland Stadium,0.97,1.03,0.83,1.25,0.98,1.03,0.67,1.33,0.97,1.03,0.72,1.3
1974,Cleveland Indians,Cleveland Stadium,0.96,1.02,0.86,1.18,0.98,1,0.75,1.23,0.97,1.01,0.79,1.21
1975,Cleveland Indians,Cleveland Stadium,0.98,0.99,0.89,1.12,0.99,0.97,0.91,1.17,0.98,0.97,0.9,1.15
1976,Cleveland Indians,Cleveland Stadium,0.98,0.96,0.96,1,0.99,0.96,0.93,1.09,0.99,0.96,0.94,1.06
1977,Cleveland Indians,Cleveland Stadium,0.99,0.95,0.92,0.9,1,0.93,0.93,0.99,0.99,0.94,0.93,0.96
1978,Cleveland Indians,Cleveland Stadium,0.99,0.96,0.87,0.89,0.99,0.97,0.87,1.11,0.99,0.97,0.87,1.02
1979,Cleveland Indians,Cleveland Stadium,1.02,0.99,0.88,0.95,0.99,0.94,0.85,1.11,1,0.95,0.86,1.05
1980,Cleveland Indians,Cleveland Stadium,1,0.99,0.94,0.98,1.01,0.95,0.79,1.17,1,0.96,0.86,1.09
1981,Cleveland Indians,Cleveland Stadium,1.01,1,0.98,0.91,1.01,0.93,0.88,1.09,1.01,0.96,0.93,1.01
1982,Cleveland Indians,Cleveland Stadium,0.99,1.02,0.83,0.89,1.01,0.97,0.87,1.13,1,0.99,0.85,1.03
1983,Cleveland Indians,Cleveland Stadium,1.01,1.02,0.74,0.9,1.03,0.96,0.91,1.15,1.02,0.99,0.81,1.05
1984,Cleveland Indians,Cleveland Stadium,1.01,0.95,0.74,0.95,1.02,0.98,0.85,1.04,1.02,0.97,0.79,1.01
1985,Cleveland Indians,Cleveland Stadium,1.01,0.91,0.88,0.93,1.02,0.96,0.91,0.99,1.02,0.94,0.89,0.97
1986,Cleveland Indians,Cleveland Stadium,1.01,0.92,1,0.89,1,0.98,0.93,1.02,1.01,0.96,0.97,0.97
1987,Cleveland Indians,Cleveland Stadium,1.01,0.92,1.1,0.86,1,0.97,0.9,1.03,1.01,0.95,0.99,0.98
1988,Cleveland Indians,Cleveland Stadium,1.02,0.97,0.98,0.82,1,0.97,0.9,1.02,1.01,0.97,0.93,0.96
1989,Cleveland Indians,Cleveland Stadium,1.01,1,0.94,0.83,1.01,0.94,0.84,0.99,1.01,0.96,0.87,0.94
1990,Cleveland Indians,Cleveland Stadium,1,1,0.87,0.81,1.02,0.93,0.94,0.92,1.01,0.96,0.91,0.89
1991,Cleveland Indians,Cleveland Stadium,1,0.96,0.95,0.89,1.03,0.98,0.92,0.97,1.02,0.97,0.93,0.95
1992,Cleveland Indians,Cleveland Stadium,0.99,0.91,1.04,0.94,1.01,0.98,1,0.92,1.01,0.95,1.02,0.93
1993,Cleveland Indians,Cleveland Stadium,0.99,0.9,1.1,1.03,1,1,0.8,1.01,1,0.95,0.96,1.01
1994,Cleveland Indians,Jacobs Field,0.98,1.01,0.95,1,0.98,1.07,0.99,0.99,0.98,1.04,0.97,0.99
1995,Cleveland Indians,Jacobs Field,0.99,1.03,0.92,0.96,1,1.08,1.09,0.97,1,1.05,0.97,0.96
1996,Cleveland Indians,Jacobs Field,1,0.99,0.92,0.94,1.01,1.05,0.97,0.92,1.01,1.02,0.94,0.93
1997,Cleveland Indians,Jacobs Field,1.02,1,0.87,0.96,1.03,1.03,0.94,0.94,1.03,1.01,0.9,0.95
1998,Cleveland Indians,Jacobs Field,1.03,0.96,0.8,1.03,1.03,0.99,1.02,0.97,1.03,0.98,0.89,1
1999,Cleveland Indians,Jacobs Field,1.03,0.97,0.89,1.07,1.03,0.99,1.1,1.01,1.03,0.98,0.97,1.04
2000,Cleveland Indians,Jacobs Field,1.01,0.96,0.89,1.12,1.02,1.02,0.95,1.05,1.01,0.99,0.91,1.09
2001,Cleveland Indians,Jacobs Field,1,1,0.93,1.09,1,1.02,0.72,1.04,1,1.01,0.84,1.07
2002,Cleveland Indians,Jacobs Field,0.98,1,0.84,1.04,1.01,1.02,0.69,0.97,1,1.01,0.77,1
2003,Cleveland Indians,Jacobs Field,0.99,1.04,0.83,0.94,1.01,1.02,0.78,0.9,1,1.03,0.81,0.92
2004,Cleveland Indians,Jacobs Field,0.97,1.05,0.76,0.92,1.01,1.03,0.86,0.89,1,1.04,0.8,0.9
2005,Cleveland Indians,Jacobs Field,1,1.05,0.8,0.95,0.99,1.04,0.88,0.91,1,1.05,0.83,0.93
2006,Cleveland Indians,Jacobs Field,1,1.01,0.83,0.99,1,1,0.77,0.98,1,1,0.8,0.99
2007,Cleveland Indians,Jacobs Field,1.03,0.96,0.91,1,1,0.99,0.76,0.95,1.01,0.98,0.84,0.97
2008,Cleveland Indians,Progressive Field,1,0.98,0.82,0.92,1.02,0.97,0.77,0.93,1.02,0.98,0.79,0.93
2009,Cleveland Indians,Progressive Field,0.99,1.03,0.85,0.94,1,1,0.88,0.86,1,1.01,0.86,0.9
2010,Cleveland Indians,Progressive Field,0.97,1.04,0.81,1.03,1.01,1,0.96,0.85,0.99,1.02,0.86,0.93
2011,Cleveland Indians,Progressive Field,0.99,1.03,0.81,1.1,0.99,1.03,0.82,0.87,0.99,1.03,0.81,0.99
2012,Cleveland Indians,Progressive Field,0.99,1,0.75,1.1,0.99,1.03,0.77,0.91,0.99,1.01,0.76,1.01
2013,Cleveland Indians,Progressive Field,0.99,1,0.74,1.04,0.99,1.06,0.74,0.97,0.99,1.02,0.74,1.01
2014,Cleveland Indians,Progressive Field,1.02,1.03,0.78,1.02,1.02,1.08,0.85,1.02,1.02,1.05,0.81,1.02
2015,Cleveland Indians,Progressive Field,1.05,1.07,0.75,1.04,1.02,1.08,0.83,1.03,1.03,1.07,0.78,1.03
2016,Cleveland Indians,Progressive Field,1.06,1.09,0.79,1.04,1.02,1.03,0.78,1,1.04,1.06,0.79,1.02
2017,Cleveland Indians,Progressive Field,1.03,1.07,0.83,1.06,1.02,0.99,0.8,0.99,1.02,1.03,0.82,1.03
2018,Cleveland Indians,Progressive Field,1,1.04,0.93,1.04,1.01,1,0.8,1,1,1.02,0.87,1.02
2019,Cleveland Indians,Progressive Field,1,1.04,0.91,1.04,1.01,1.01,0.88,1.01,1,1.03,0.9,1.03
2020,Cleveland Indians,Progressive Field,1.01,1.02,0.89,1.03,1.01,1.02,0.89,1.03,1.01,1.02,0.89,1.03
2021,Cleveland Indians,Progressive Field,1,0.99,0.89,1.01,1,0.99,0.89,1.01,1,0.99,0.89,1.01
2022,Cleveland Indians,Progressive Field,1,1,0.93,0.98,1,1,0.93,0.98,1,1,0.93,0.98
1890,Cleveland Infants,Brotherhood Park,0.96,1,1,0.96,0.96,1,1,0.96,0.96,1,1,0.96
1889,Columbus Solons,Recreation Park II,0.96,1,1,0.96,0.96,1,1,0.96,0.96,1,1,0.96
1890,Columbus Solons,Recreation Park II,0.95,1,1,0.95,0.95,1,1,0.95,0.95,1,1,0.95
1891,Columbus Solons,Recreation Park II,0.95,1,1,0.95,0.95,1,1,0.95,0.95,1,1,0.95
1887,Cleveland Blues,National League Park II,1.01,1,1,1.01,1.01,1,1,1.01,1.01,1,1,1.01
1888,Cleveland Blues,National League Park II,1.01,1,1,1.01,1.01,1,1,1.01,1.01,1,1,1.01
1889,Cleveland Spiders,National League Park,0.99,1,1,0.99,0.99,1,1,0.99,0.99,1,1,0.99
1890,Cleveland Spiders,National League Park,0.99,1,1,0.99,0.99,1,1,0.99,0.99,1,1,0.99
1891,Cleveland Spiders,League Park I,1.03,1,1,1.03,1.03,1,1,1.03,1.03,1,1,1.03
1892,Cleveland Spiders,League Park I,1.03,1,1,1.03,1.03,1,1,1.03,1.03,1,1,1.03
1893,Cleveland Spiders,League Park I,1.03,1,1,1.03,1.03,1,1,1.03,1.03,1,1,1.03
1894,Cleveland Spiders,League Park I,1.02,1,1,1.02,1.02,1,1,1.02,1.02,1,1,1.02
1895,Cleveland Spiders,League Park I,1.03,1,1,1.03,1.03,1,1,1.03,1.03,1,1,1.03
1896,Cleveland Spiders,League Park I,1.02,1,1,1.02,1.02,1,1,1.02,1.02,1,1,1.02
1897,Cleveland Spiders,League Park I,1.03,1,1,1.03,1.03,1,1,1.03,1.03,1,1,1.03
1898,Cleveland Spiders,League Park I,1.01,1,1,1.01,1.01,1,1,1.01,1.01,1,1,1.01
1899,Cleveland Spiders,League Park I,0.98,1,1,0.98,0.98,1,1,0.98,0.98,1,1,0.98
1871,Chicago White Stockings,Union Base-Ball Grounds,1.05,1,1,1.05,1.05,1,1,1.05,1.05,1,1,1.05
1874,Chicago White Stockings,23rd Street Grounds,1.01,1,1,1.01,1.01,1,1,1.01,1.01,1,1,1.01
1875,Chicago White Stockings,23rd Street Grounds,1.01,1,1,1.01,1.01,1,1,1.01,1.01,1,1,1.01
1876,Cincinnati Reds,Avenue Grounds,0.96,1,1,0.96,0.96,1,1,0.96,0.96,1,1,0.96
1877,Cincinnati Reds,Avenue Grounds,0.96,1,1,0.96,0.96,1,1,0.96,0.96,1,1,0.96
1878,Cincinnati Reds,Avenue Grounds,0.95,1,1,0.95,0.95,1,1,0.95,0.95,1,1,0.95
1879,Cincinnati Reds,Avenue Grounds,0.96,1,1,0.96,0.96,1,1,0.96,0.96,1,1,0.96
1880,Cincinnati Reds,Bank Street Grounds,1.01,1,1,1.01,1.01,1,1,1.01,1.01,1,1,1.01
1993,Colorado Rockies,Mile High Stadium,1.05,0.97,2.19,0.9,1.08,0.96,1.69,1.12,1.07,0.96,1.84,1.05
1994,Colorado Rockies,Mile High Stadium,1.05,0.97,2.19,0.9,1.08,0.96,1.69,1.12,1.07,0.96,1.84,1.05
1995,Colorado Rockies,Coors Field,1.08,1.09,1.08,1.23,1.12,0.97,1.5,1.4,1.11,1.01,1.26,1.34
1996,Colorado Rockies,Coors Field,1.08,1.05,1.23,1.1,1.1,0.97,1.1,1.31,1.09,1,1.16,1.23
1997,Colorado Rockies,Coors Field,1.07,1.01,1.11,1.08,1.09,0.96,0.99,1.22,1.09,0.98,1.05,1.17
1998,Colorado Rockies,Coors Field,1.07,0.98,1.19,1.13,1.08,0.97,1.03,1.23,1.08,0.97,1.1,1.19
1999,Colorado Rockies,Coors Field,1.06,0.97,1.1,1.26,1.11,0.98,1.18,1.28,1.09,0.97,1.14,1.27
2000,Colorado Rockies,Coors Field,1.07,1,1.06,1.25,1.11,0.99,1.2,1.29,1.09,0.99,1.13,1.27
2001,Colorado Rockies,Coors Field,1.07,0.99,1.02,1.22,1.1,1.02,1.28,1.25,1.08,1,1.15,1.24
2002,Colorado Rockies,Coors Field,1.06,1,1.03,1.19,1.06,1.01,1.57,1.18,1.06,1.01,1.28,1.19
2003,Colorado Rockies,Coors Field,1.05,0.98,1.05,1.23,1.06,1.05,1.77,1.1,1.06,1.02,1.34,1.15
2004,Colorado Rockies,Coors Field,1.05,0.96,1.14,1.11,1.06,1.02,1.43,1.05,1.06,0.99,1.26,1.07
2005,Colorado Rockies,Coors Field,1.05,0.95,1.02,1.03,1.07,0.99,1.17,1.05,1.06,0.97,1.08,1.04
2006,Colorado Rockies,Coors Field,1.02,0.94,1.11,0.96,1.07,1.01,1.07,1.1,1.05,0.98,1.08,1.04
2007,Colorado Rockies,Coors Field,1,0.97,1.04,1.03,1.05,1.01,1.22,1.12,1.03,0.99,1.11,1.08
2008,Colorado Rockies,Coors Field,1.01,1,1.09,1.02,1.04,1.05,1.39,1.09,1.03,1.03,1.2,1.06
2009,Colorado Rockies,Coors Field,1.03,1.01,1.03,1.11,1.04,1.03,1.52,1.09,1.04,1.02,1.21,1.1
2010,Colorado Rockies,Coors Field,1.05,1.01,1.06,1.12,1.05,1.06,1.28,1.09,1.05,1.04,1.14,1.1
2011,Colorado Rockies,Coors Field,1.05,1,1.14,1.24,1.06,1.03,1.16,1.11,1.06,1.02,1.15,1.16
2012,Colorado Rockies,Coors Field,1.03,0.97,1.26,1.15,1.05,1.02,1.06,1.08,1.04,1,1.15,1.11
2013,Colorado Rockies,Coors Field,1.04,0.97,1.48,1.13,1.07,0.98,1.11,1.09,1.05,0.98,1.26,1.1
2014,Colorado Rockies,Coors Field,1.05,0.96,1.36,1.04,1.07,0.98,1.16,1.07,1.06,0.97,1.25,1.06
2015,Colorado Rockies,Coors Field,1.07,0.98,1.14,1.04,1.08,1.01,1.21,1.1,1.08,1,1.17,1.08
2016,Colorado Rockies,Coors Field,1.07,1.01,1.24,1.05,1.07,1.02,1.25,1.07,1.07,1.02,1.24,1.06
2017,Colorado Rockies,Coors Field,1.07,1.04,1.28,1.07,1.06,1.07,1.25,1.09,1.07,1.06,1.26,1.08
2018,Colorado Rockies,Coors Field,1.07,1.01,1.36,1.09,1.08,1.05,1.39,1.07,1.07,1.04,1.37,1.08
2019,Colorado Rockies,Coors Field,1.07,1.01,1.18,1.09,1.11,1.08,1.48,1.09,1.09,1.05,1.32,1.09
2020,Colorado Rockies,Coors Field,1.06,1.01,1.35,1.04,1.06,1.01,1.35,1.04,1.06,1.01,1.35,1.04
2021,Colorado Rockies,Coors Field,1.04,1.02,1.25,1.07,1.04,1.02,1.25,1.07,1.04,1.02,1.25,1.07
2022,Colorado Rockies,Coors Field,1.05,1.04,1.25,1.05,1.05,1.04,1.25,1.05,1.05,1.04,1.25,1.05
1884,Cincinnati Outlaw Reds,Bank Street Grounds,1.05,1,1,1.05,1.05,1,1,1.05,1.05,1,1,1.05
1884,Chicago/Pittsburgh (Union League),South Side Park I,0.99,1,1,0.99,0.99,1,1,0.99,0.99,1,1,0.99
1901,Detroit Tigers,Bennett Park,1.01,0.89,1.07,0.79,1.01,0.89,1.07,0.79,1.01,0.89,1.07,0.79
1902,Detroit Tigers,Bennett Park,1.01,0.89,1.06,0.8,1.01,0.89,1.06,0.8,1.01,0.89,1.06,0.8
1903,Detroit Tigers,Bennett Park,1,0.88,1.09,0.79,1,0.88,1.09,0.79,1,0.88,1.09,0.79
1904,Detroit Tigers,Bennett Park,1.01,0.92,1.04,0.78,1.01,0.92,1.04,0.78,1.01,0.92,1.04,0.78
1905,Detroit Tigers,Bennett Park,0.98,0.93,1.33,0.67,1.02,0.9,0.97,0.93,1.02,0.91,1.1,0.76
1906,Detroit Tigers,Bennett Park,0.99,0.87,1.35,0.62,1,0.93,0.98,0.92,1,0.9,1.14,0.76
1907,Detroit Tigers,Bennett Park,1,0.82,1.3,0.64,1,0.95,0.97,0.89,1,0.88,1.14,0.76
1908,Detroit Tigers,Bennett Park,1,0.84,1.17,0.74,1,1.05,1.03,1.25,1,0.94,1.11,0.89
1909,Detroit Tigers,Bennett Park,0.99,0.85,1,0.91,1.01,1.03,0.97,1.57,1,0.94,0.99,1.11
1910,Detroit Tigers,Bennett Park,1,0.88,0.99,0.99,1.02,1.03,0.96,2.08,1.01,0.95,1,1.3
1911,Detroit Tigers,Bennett Park,1,0.86,0.94,1.02,1.01,0.96,0.92,1.94,1.01,0.91,0.96,1.33
1912,Detroit Tigers,Navin Field,1,0.99,0.96,0.77,0.99,0.97,0.96,0.98,1,0.98,0.98,0.83
1913,Detroit Tigers,Navin Field,1,0.96,1.01,0.83,1,0.99,1,0.98,1,0.97,1.01,0.87
1914,Detroit Tigers,Navin Field,1.01,0.96,1.15,0.79,1.02,0.96,1.11,1.06,1.01,0.96,1.11,0.91
1915,Detroit Tigers,Navin Field,1.01,0.94,1.17,0.93,1.03,1.03,1.13,1.01,1.02,0.98,1.15,0.99
1916,Detroit Tigers,Navin Field,1,1,1.2,0.76,1.03,1.06,1.16,0.98,1.02,1.03,1.2,0.86
1917,Detroit Tigers,Navin Field,0.98,1.02,1.25,0.79,1.02,1.16,1.04,0.85,1,1.07,1.17,0.81
1918,Detroit Tigers,Navin Field,0.96,1.03,1.26,0.81,1,1.14,1.09,0.8,0.98,1.07,1.17,0.79
1919,Detroit Tigers,Navin Field,0.99,1.02,1.27,0.93,1,1.07,1.03,0.91,0.99,1.04,1.12,0.9
1920,Detroit Tigers,Navin Field,0.98,1.04,1.11,0.83,0.99,1.07,1.15,0.89,0.99,1.05,1.1,0.84
1921,Detroit Tigers,Navin Field,1.01,1.1,1.12,0.77,1,1.05,1.01,0.95,1,1.08,1.05,0.84
1922,Detroit Tigers,Navin Field,1,1.08,1.12,0.8,0.99,1.1,0.96,0.99,0.99,1.1,1.02,0.87
1923,Detroit Tigers,Navin Field,1,1.05,1.11,0.84,1,1.05,0.93,1.11,1,1.06,0.99,0.96
1924,Detroit Tigers,Navin Field,0.98,1,1.23,0.78,0.99,1.07,1,1.31,0.99,1.05,1.07,0.99
1925,Detroit Tigers,Navin Field,0.97,1,1.05,0.73,0.99,1.02,1.08,1.46,0.98,1.02,1.06,1
1926,Detroit Tigers,Navin Field,0.99,1.05,1.04,0.7,0.99,1.05,1.16,1.51,1,1.06,1.1,1.01
1927,Detroit Tigers,Navin Field,1,1.02,0.92,0.83,0.99,1.01,1.16,1.42,1,1.02,1.03,1.03
1928,Detroit Tigers,Navin Field,1.02,1.02,0.97,0.85,1.01,1.04,1.18,1.21,1.01,1.04,1.06,0.99
1929,Detroit Tigers,Navin Field,1.01,0.96,0.93,0.88,1.01,1.01,1.12,1.22,1.01,0.99,1.02,1.02
1930,Detroit Tigers,Navin Field,1.03,0.96,0.98,0.82,1.02,1,1.05,1.23,1.02,0.98,1.02,1.02
1931,Detroit Tigers,Navin Field,1.03,0.98,0.92,0.8,1.02,0.96,0.98,1.24,1.02,0.97,0.96,1
1932,Detroit Tigers,Navin Field,1.02,0.98,0.92,0.81,1.01,1,0.96,1.06,1.01,0.99,0.95,0.93
1933,Detroit Tigers,Navin Field,1.01,1,0.86,0.78,1.01,1.05,0.87,0.95,1.01,1.03,0.87,0.86
1934,Detroit Tigers,Navin Field,1,1.01,0.98,0.75,0.99,1.05,0.88,0.95,1,1.04,0.91,0.85
1935,Detroit Tigers,Navin Field,0.99,1.03,0.93,0.79,0.98,1.07,0.86,1.07,0.99,1.06,0.88,0.93
1936,Detroit Tigers,Navin Field,0.98,1.07,0.92,0.97,0.99,1.1,0.98,1.19,0.99,1.08,0.95,1.09
1937,Detroit Tigers,Navin Field,0.97,1.06,0.82,1.09,1.01,1.07,0.98,1.24,0.99,1.06,0.9,1.19
1938,Detroit Tigers,Briggs Stadium,0.99,1.05,0.86,1.19,1.02,1.04,0.9,1.18,1,1.05,0.88,1.18
1939,Detroit Tigers,Briggs Stadium,0.99,1.03,0.93,1.08,1.02,0.99,0.93,1.25,1.01,1,0.93,1.19
1940,Detroit Tigers,Briggs Stadium,1,1.03,0.97,1.16,1.02,1.03,0.91,1.23,1.01,1.03,0.94,1.2
1941,Detroit Tigers,Briggs Stadium,1.01,0.97,1.03,1.19,1.02,1.05,0.96,1.36,1.01,1.02,1,1.29
1942,Detroit Tigers,Briggs Stadium,1.01,0.97,0.98,1.2,1.01,1.05,1.02,1.25,1.01,1.01,1,1.23
1943,Detroit Tigers,Briggs Stadium,1.02,0.93,0.91,1.16,1,1.05,1.02,1.29,1.01,1,0.97,1.24
1944,Detroit Tigers,Briggs Stadium,1,1,0.91,1.07,1,1.03,1.17,1.19,1,1.02,1.05,1.14
1945,Detroit Tigers,Briggs Stadium,1.01,0.97,0.82,1.33,0.99,1.05,0.91,1.38,1,1.02,0.87,1.36
1946,Detroit Tigers,Briggs Stadium,1,1,0.85,1.41,1,1.08,1,1.27,1,1.04,0.93,1.34
1947,Detroit Tigers,Briggs Stadium,0.99,0.96,0.81,1.39,0.99,1.03,0.87,1.29,0.99,1,0.84,1.34
1948,Detroit Tigers,Briggs Stadium,0.97,0.92,0.88,1.26,0.99,1.03,1.07,1.21,0.99,0.98,0.96,1.24
1949,Detroit Tigers,Briggs Stadium,0.96,0.9,0.9,1.13,0.99,0.96,0.95,1.18,0.98,0.94,0.93,1.15
1950,Detroit Tigers,Briggs Stadium,0.97,0.93,0.91,1.15,1,0.97,0.96,1.1,0.99,0.95,0.94,1.13
1951,Detroit Tigers,Briggs Stadium,0.99,0.95,0.86,1.18,1,0.94,0.88,1.04,1,0.94,0.87,1.1
1952,Detroit Tigers,Briggs Stadium,1,0.98,0.89,1.32,1.01,0.95,0.91,1.06,1.01,0.96,0.9,1.16
1953,Detroit Tigers,Briggs Stadium,1,0.97,0.86,1.29,1.01,0.95,0.94,1.09,1.01,0.95,0.91,1.15
1954,Detroit Tigers,Briggs Stadium,0.98,1.01,0.76,1.25,1,0.97,0.92,1.08,1,0.98,0.87,1.14
1955,Detroit Tigers,Briggs Stadium,0.99,0.97,0.72,1.12,0.99,0.99,0.94,1.07,0.99,0.98,0.88,1.09
1956,Detroit Tigers,Briggs Stadium,0.99,0.98,0.76,1.25,1,0.99,0.92,1.06,1,0.98,0.88,1.13
1957,Detroit Tigers,Briggs Stadium,0.99,0.99,0.94,1.36,1.01,0.98,1,1.03,1,0.98,0.98,1.14
1958,Detroit Tigers,Briggs Stadium,0.99,1.03,0.94,1.5,1.01,1,0.95,1.08,1.01,1.01,0.95,1.2
1959,Detroit Tigers,Briggs Stadium,0.96,1.01,0.98,1.37,1,1,0.99,1.09,0.99,1,0.99,1.18
1960,Detroit Tigers,Briggs Stadium,0.96,0.95,0.92,1.23,1,0.98,0.95,1.09,0.99,0.97,0.93,1.14
1961,Detroit Tigers,Tiger Stadium,0.99,0.93,0.97,1.18,1,0.92,0.99,1.05,0.99,0.93,0.98,1.09
1962,Detroit Tigers,Tiger Stadium,1,0.93,0.99,1.19,1,0.95,0.94,1.07,1,0.94,0.96,1.11
1963,Detroit Tigers,Tiger Stadium,1.01,0.93,1.13,1.19,0.99,0.95,1.09,1.09,1,0.94,1.11,1.13
1964,Detroit Tigers,Tiger Stadium,1,0.92,1.04,1.23,0.99,0.98,1.09,1.19,0.99,0.96,1.07,1.2
1965,Detroit Tigers,Tiger Stadium,1,0.9,1.02,1.17,0.99,0.92,1.25,1.15,0.99,0.91,1.12,1.16
1966,Detroit Tigers,Tiger Stadium,1.02,0.92,0.97,1.13,1,0.92,1.03,1.15,1,0.92,1.01,1.15
1967,Detroit Tigers,Tiger Stadium,1.02,0.93,1.12,1.21,0.99,0.9,1.04,1.08,1.01,0.91,1.08,1.14
1968,Detroit Tigers,Tiger Stadium,1.04,0.93,1.05,1.24,0.99,0.93,0.87,1.1,1.01,0.93,0.98,1.16
1969,Detroit Tigers,Tiger Stadium,1.03,0.95,1.14,1.31,0.98,0.97,0.88,1.13,1,0.96,0.99,1.2
1970,Detroit Tigers,Tiger Stadium,1.01,0.93,0.9,1.17,0.99,0.99,0.89,1.13,0.99,0.97,0.9,1.15
1971,Detroit Tigers,Tiger Stadium,1.01,1.01,0.9,1.18,1,1.02,0.96,1.15,1,1.01,0.94,1.16
1972,Detroit Tigers,Tiger Stadium,0.99,0.97,0.92,1.12,1,1.04,0.98,1.07,1,1.01,0.96,1.09
1973,Detroit Tigers,Tiger Stadium,1.01,0.97,1.04,1.21,1,1.08,1.04,1.05,1,1.04,1.04,1.11
1974,Detroit Tigers,Tiger Stadium,0.98,0.98,1.02,1.28,1.01,1.1,1.15,0.99,1,1.06,1.1,1.07
1975,Detroit Tigers,Tiger Stadium,1,1.04,1.03,1.27,1.01,1.08,1.35,1.06,1,1.07,1.22,1.13
1976,Detroit Tigers,Tiger Stadium,0.98,1.06,1.27,1.17,1.01,1.05,1.14,1.09,1,1.06,1.19,1.12
1977,Detroit Tigers,Tiger Stadium,0.99,1.03,1.28,1.15,1,1,1.02,1.13,0.99,1.01,1.12,1.14
1978,Detroit Tigers,Tiger Stadium,0.98,0.99,1.25,1.17,0.99,0.96,0.92,1.05,0.99,0.98,1.05,1.11
1979,Detroit Tigers,Tiger Stadium,0.99,0.97,1.09,1.28,1,0.97,0.99,1.03,0.99,0.97,1.03,1.14
1980,Detroit Tigers,Tiger Stadium,0.98,0.94,1.2,1.23,0.98,0.99,0.99,1.07,0.98,0.97,1.08,1.14
1981,Detroit Tigers,Tiger Stadium,0.99,0.92,1.17,1.25,0.98,1.03,0.91,1.2,0.99,0.98,1.01,1.22
1982,Detroit Tigers,Tiger Stadium,0.97,0.87,1.17,1.08,0.96,1,0.94,1.21,0.97,0.95,1.03,1.15
1983,Detroit Tigers,Tiger Stadium,0.97,0.89,1.22,1.02,0.97,0.95,0.91,1.15,0.97,0.92,1.02,1.09
1984,Detroit Tigers,Tiger Stadium,0.95,0.9,1.14,1.07,0.98,0.93,0.95,1.08,0.97,0.92,1.03,1.07
1985,Detroit Tigers,Tiger Stadium,0.97,0.96,1.08,1.05,0.97,0.91,0.93,1,0.97,0.93,0.99,1.02
1986,Detroit Tigers,Tiger Stadium,0.97,0.96,0.88,1.16,0.95,0.95,0.86,1.03,0.96,0.95,0.87,1.08
1987,Detroit Tigers,Tiger Stadium,0.97,0.97,0.86,1.15,0.94,0.94,0.86,1.01,0.96,0.96,0.86,1.07
1988,Detroit Tigers,Tiger Stadium,0.98,0.97,0.94,1.27,0.94,0.99,0.92,1.07,0.96,0.98,0.93,1.15
1989,Detroit Tigers,Tiger Stadium,0.98,0.96,1.04,1.21,0.96,1,1.13,1.04,0.97,0.98,1.08,1.11
1990,Detroit Tigers,Tiger Stadium,0.99,0.96,0.97,1.19,0.96,0.99,1.07,1.07,0.98,0.98,1.02,1.11
1991,Detroit Tigers,Tiger Stadium,1,0.97,0.88,1.17,0.98,0.98,0.97,1.05,0.99,0.98,0.93,1.09
1992,Detroit Tigers,Tiger Stadium,1.01,0.97,0.85,1.18,0.97,0.98,0.96,1.09,0.98,0.98,0.91,1.12
1993,Detroit Tigers,Tiger Stadium,0.99,0.97,0.93,1.13,0.99,0.99,1.1,1.06,0.99,0.98,1.01,1.09
1994,Detroit Tigers,Tiger Stadium,0.98,0.97,1,1.15,1,0.96,1.16,1.08,0.99,0.96,1.07,1.11
1995,Detroit Tigers,Tiger Stadium,0.97,0.97,0.97,1.1,1,0.97,1.11,1.07,0.99,0.97,1.04,1.08
1996,Detroit Tigers,Tiger Stadium,0.97,0.98,0.98,1.13,0.99,0.98,1.09,1.07,0.98,0.98,1.03,1.09
1997,Detroit Tigers,Tiger Stadium,0.97,0.94,0.89,1.09,0.97,1,1.01,1.12,0.97,0.97,0.95,1.11
1998,Detroit Tigers,Tiger Stadium,0.97,0.96,1.05,1.11,0.97,0.96,1.1,1.17,0.97,0.96,1.08,1.14
1999,Detroit Tigers,Tiger Stadium,0.97,0.96,1.06,1.08,0.98,0.95,1.04,1.25,0.97,0.95,1.05,1.17
2000,Detroit Tigers,Comerica Park,1.03,0.96,1.11,0.89,1,0.96,1.39,0.76,1.01,0.96,1.24,0.82
2001,Detroit Tigers,Comerica Park,1.01,0.93,1.23,0.93,1,0.92,1.46,0.75,1,0.93,1.33,0.83
2002,Detroit Tigers,Comerica Park,1,0.93,1.3,0.95,0.98,0.88,1.47,0.8,0.99,0.9,1.37,0.87
2003,Detroit Tigers,Comerica Park,0.99,0.94,1.38,0.94,0.98,0.87,1.27,0.87,0.99,0.9,1.33,0.9
2004,Detroit Tigers,Comerica Park,1,0.95,1.27,0.94,0.99,0.89,1.26,0.93,0.99,0.92,1.26,0.93
2005,Detroit Tigers,Comerica Park,1,0.93,1.32,0.96,1,0.92,1.21,0.9,1,0.92,1.25,0.92
2006,Detroit Tigers,Comerica Park,0.99,0.94,1.18,0.97,1,0.96,1.3,0.96,1,0.95,1.22,0.96
2007,Detroit Tigers,Comerica Park,0.99,0.96,1.2,0.99,1.01,0.96,1.06,1.01,1,0.96,1.13,1
2008,Detroit Tigers,Comerica Park,0.98,0.98,1.14,0.98,1.01,0.98,1.16,1.08,1,0.98,1.14,1.05
2009,Detroit Tigers,Comerica Park,0.99,0.97,0.98,0.99,1.01,0.97,1.09,1.02,1,0.97,1.03,1.01
2010,Detroit Tigers,Comerica Park,0.99,0.97,1.06,0.94,1,0.99,1.28,1,1,0.98,1.15,0.97
2011,Detroit Tigers,Comerica Park,1,0.91,1.19,0.97,1,1.01,1.25,0.97,1,0.96,1.21,0.97
2012,Detroit Tigers,Comerica Park,1.01,0.92,1.56,1.02,1.01,1.05,1.2,0.97,1.01,0.98,1.36,0.99
2013,Detroit Tigers,Comerica Park,0.99,0.88,1.38,1.02,1.01,1.01,1.28,0.99,1,0.95,1.32,1
2014,Detroit Tigers,Comerica Park,0.99,0.93,1.16,0.97,1,0.99,1.36,0.96,1,0.97,1.27,0.96
2015,Detroit Tigers,Comerica Park,0.96,0.92,1.26,1,1,0.96,1.4,0.98,0.99,0.95,1.33,0.99
2016,Detroit Tigers,Comerica Park,0.98,0.99,1.17,1.02,1,0.99,1.27,0.99,0.99,0.99,1.23,1
2017,Detroit Tigers,Comerica Park,0.97,0.96,1.2,1,1.01,1.01,1.24,1.01,0.99,0.99,1.22,1.01
2018,Detroit Tigers,Comerica Park,0.99,0.94,1.18,0.95,1.01,0.99,1.23,1,1.01,0.97,1.21,0.99
2019,Detroit Tigers,Comerica Park,0.98,0.92,1.28,0.94,1.02,0.98,1.27,0.98,1,0.96,1.27,0.96
2020,Detroit Tigers,Comerica Park,1,0.98,1.6,0.92,1,0.98,1.6,0.92,1,0.98,1.6,0.92
2021,Detroit Tigers,Comerica Park,0.99,1.02,1.59,0.86,0.99,1.02,1.59,0.86,0.99,1.02,1.59,0.86
2022,Detroit Tigers,Comerica Park,1,0.99,1.36,0.9,1,0.99,1.36,0.9,1,0.99,1.36,0.9
1881,Detroit Wolverines,Recreation Park,1.03,1,1,1.03,1.03,1,1,1.03,1.03,1,1,1.03
1882,Detroit Wolverines,Recreation Park,1,1,1,1,1,1,1,1,1,1,1,1
1883,Detroit Wolverines,Recreation Park,0.98,1,1,0.98,0.98,1,1,0.98,0.98,1,1,0.98
1884,Detroit Wolverines,Recreation Park,0.97,1,1,0.97,0.97,1,1,0.97,0.97,1,1,0.97
1885,Detroit Wolverines,Recreation Park,1,1,1,1,1,1,1,1,1,1,1,1
1886,Detroit Wolverines,Recreation Park,1.01,1,1,1.01,1.01,1,1,1.01,1.01,1,1,1.01
1887,Detroit Wolverines,Recreation Park,1.01,1,1,1.01,1.01,1,1,1.01,1.01,1,1,1.01
1888,Detroit Wolverines,Recreation Park,1,1,1,1,1,1,1,1,1,1,1,1
1872,Brooklyn Eckfords,Union Grounds,0.94,1,1,0.94,0.94,1,1,0.94,0.94,1,1,0.94
1993,Florida Marlins,Joe Robbie Stadium,1.03,0.97,1.32,1.04,1.03,1.01,0.97,1.02,1.03,0.99,1.08,1.03
1994,Florida Marlins,Joe Robbie Stadium,1.02,0.97,1.3,0.96,1.03,0.95,1.02,0.99,1.03,0.96,1.12,0.98
1995,Florida Marlins,Joe Robbie Stadium,1,0.9,1.29,0.88,1.01,0.95,1.16,0.98,1.01,0.93,1.22,0.95
1996,Florida Marlins,Joe Robbie Stadium,0.99,0.9,1.15,0.87,0.99,0.95,1.11,0.97,0.99,0.93,1.13,0.94
1997,Florida Marlins,Pro Player Stadium,0.98,0.9,1.21,0.92,0.97,1,1,0.98,0.98,0.96,1.09,0.95
1998,Florida Marlins,Pro Player Stadium,0.98,0.93,1.11,0.91,0.98,1.02,1.13,0.93,0.98,0.98,1.12,0.92
1999,Florida Marlins,Pro Player Stadium,0.99,0.96,1.18,0.91,0.98,1.03,1.11,0.92,0.98,1,1.14,0.91
2000,Florida Marlins,Pro Player Stadium,0.99,1,1.1,0.91,0.99,0.98,1.33,0.94,0.99,0.99,1.22,0.93
2001,Florida Marlins,Pro Player Stadium,0.98,1.02,1.18,0.89,1.01,0.98,1.25,0.96,1,1,1.22,0.94
2002,Florida Marlins,Pro Player Stadium,0.97,0.98,1.24,0.86,1.01,0.96,1.38,0.94,1,0.97,1.31,0.92
2003,Florida Marlins,Pro Player Stadium,0.97,0.94,1.14,0.89,1.01,1,1.26,0.93,0.99,0.98,1.2,0.92
2004,Florida Marlins,Pro Player Stadium,0.98,0.92,1.11,1.02,1,0.97,1.18,0.91,0.99,0.96,1.14,0.93
2005,Florida Marlins,Dolphin Stadium,0.99,0.98,1.06,1.03,1,0.99,1.17,0.94,0.99,0.99,1.11,0.97
2006,Florida Marlins,Dolphin Stadium,0.99,1.05,1.07,1.04,1.01,0.99,1.26,0.94,1,1.01,1.17,0.97
2007,Florida Marlins,Dolphin Stadium,1.01,1.06,1.16,0.96,1.01,1,1.28,0.97,1.01,1.02,1.23,0.97
2008,Florida Marlins,Dolphin Stadium,1.01,1.05,0.93,0.99,1.02,1,1.12,1,1.02,1.02,1.02,1
2009,Florida Marlins,Land Shark Stadium,1.02,1,0.92,0.97,1.02,1.02,0.98,0.98,1.02,1.01,0.96,0.97
2010,Florida Marlins,Sunlife Stadium,1.02,1.03,0.93,0.97,1.02,1.01,0.94,1,1.02,1.01,0.95,0.99
2011,Florida Marlins,Sunlife Stadium,1.01,1.04,1.08,0.94,1.02,1,1,0.96,1.02,1.01,1.05,0.96
2012,Miami Marlins,Marlins Park,1,0.98,1.13,0.8,1.02,1,1.11,0.87,1.01,0.99,1.12,0.84
2013,Miami Marlins,Marlins Park,0.99,0.98,1.19,0.81,1.02,1.02,1.23,0.89,1.01,1,1.21,0.86
2014,Miami Marlins,Marlins Park,1.01,0.98,1.11,0.82,1,1.02,1.32,0.88,1,1,1.21,0.86
2015,Miami Marlins,Marlins Park,1,0.93,1.09,0.88,0.97,1.06,1.11,0.89,0.98,1.01,1.1,0.89
2016,Miami Marlins,Marlins Park,0.99,0.89,1.09,0.92,0.96,1.01,0.95,0.89,0.98,0.96,1.02,0.9
2017,Miami Marlins,Marlins Park,0.96,0.89,1.12,0.93,0.98,1.01,0.82,0.86,0.97,0.96,0.95,0.89
2018,Miami Marlins,Marlins Park,0.95,0.93,1.31,0.9,1.01,0.95,0.95,0.87,0.98,0.94,1.09,0.89
2019,Miami Marlins,Marlins Park,0.94,0.98,1.3,0.89,1.03,0.96,0.96,0.85,0.99,0.97,1.08,0.86
2020,Miami Marlins,Marlins Park,1,0.98,1.2,0.92,1,0.98,1.2,0.92,1,0.98,1.2,0.92
2021,Miami Marlins,Marlins Park,1.01,1,1.1,0.95,1.01,1,1.1,0.95,1.01,1,1.1,0.95
2022,Miami Marlins,LoanDepot Park,1.01,0.99,1.06,0.95,1.01,0.99,1.06,0.95,1.01,0.99,1.06,0.95
1876,Hartford Dark Blues,Hartford Ball Club Grounds,1.01,1,1,1.01,1.01,1,1,1.01,1.01,1,1,1.01
1877,Hartford Dark Blues,Union Grounds (Brooklyn),0.89,1,1,0.89,0.89,1,1,0.89,0.89,1,1,0.89
1874,Hartford Dark Blues,Hartford Ball Club Grounds,1.02,1,1,1.02,1.02,1,1,1.02,1.02,1,1,1.02
1875,Hartford Dark Blues,Hartford Ball Club Grounds,1.02,1,1,1.02,1.02,1,1,1.02,1.02,1,1,1.02
1962,Houston Colt .45's,Colt Stadium,1.02,0.84,1.59,0.67,0.97,0.9,1.24,0.92,0.99,0.88,1.4,0.82
1963,Houston Colt .45's,Colt Stadium,0.99,0.85,1.5,0.71,0.98,0.92,1.16,0.93,0.98,0.89,1.31,0.84
1964,Houston Colt .45's,Colt Stadium,0.97,0.83,1.4,0.74,0.97,0.92,1.13,0.94,0.97,0.88,1.25,0.84
1965,Houston Astros,Astrodome,1,0.99,1.19,0.69,1,1.06,1.16,0.8,1,1.02,1.18,0.75
1966,Houston Astros,Astrodome,1,0.98,1.2,0.71,1.01,1.05,1.2,0.75,1,1.02,1.2,0.74
1967,Houston Astros,Astrodome,1.02,1.01,1.24,0.78,1.01,1.04,1.15,0.77,1.02,1.03,1.19,0.77
1968,Houston Astros,Astrodome,1.01,1.02,1.31,0.86,1.02,1.06,1.21,0.76,1.02,1.04,1.25,0.78
1969,Houston Astros,Astrodome,1.01,1.01,1.38,0.94,1.01,1.01,1.05,0.84,1.01,1.01,1.17,0.87
1970,Houston Astros,Astrodome,0.99,0.99,1.27,0.86,1.02,0.98,1.14,0.84,1.01,0.99,1.2,0.85
1971,Houston Astros,Astrodome,1,0.94,1.09,0.87,1.03,0.99,1.04,0.87,1.02,0.97,1.05,0.87
1972,Houston Astros,Astrodome,0.99,0.97,1.01,0.82,1.02,1.05,1.14,0.89,1.01,1.03,1.08,0.87
1973,Houston Astros,Astrodome,0.99,0.98,1.09,0.89,1,1.09,0.92,0.95,1,1.06,0.99,0.93
1974,Houston Astros,Astrodome,0.98,1.06,1.14,0.81,0.97,1.11,0.94,0.97,0.98,1.09,1.04,0.92
1975,Houston Astros,Astrodome,0.96,1.07,1.17,0.8,0.97,1.05,0.89,0.93,0.97,1.06,1.01,0.89
1976,Houston Astros,Astrodome,0.97,1.05,1.15,0.77,0.99,1,1.02,0.83,0.98,1.02,1.07,0.81
1977,Houston Astros,Astrodome,0.96,0.98,1.12,0.85,0.98,0.94,1.06,0.77,0.97,0.95,1.09,0.79
1978,Houston Astros,Astrodome,0.98,0.97,1.24,0.84,0.98,0.95,1.12,0.74,0.98,0.96,1.17,0.77
1979,Houston Astros,Astrodome,1,0.98,1.18,0.83,0.97,0.97,1.17,0.74,0.98,0.97,1.17,0.77
1980,Houston Astros,Astrodome,1,0.98,1.17,0.79,0.97,0.98,1.22,0.73,0.98,0.98,1.2,0.75
1981,Houston Astros,Astrodome,1.01,0.99,1.09,0.79,0.98,0.98,1.49,0.74,0.99,0.98,1.27,0.77
1982,Houston Astros,Astrodome,0.98,0.97,1.16,0.74,0.99,0.95,1.43,0.74,0.98,0.96,1.25,0.74
1983,Houston Astros,Astrodome,0.99,0.98,1.35,0.69,1,0.99,1.48,0.74,1,0.98,1.39,0.72
1984,Houston Astros,Astrodome,0.99,0.99,1.23,0.69,1,1,1.08,0.77,1,1,1.17,0.74
1985,Houston Astros,Astrodome,1.01,0.93,1.16,0.74,1,1,1.05,0.84,1,0.97,1.11,0.8
1986,Houston Astros,Astrodome,1.01,0.93,0.85,0.81,1,0.97,0.86,0.85,1.01,0.95,0.85,0.83
1987,Houston Astros,Astrodome,1.02,0.88,0.88,0.79,0.99,0.98,0.92,0.86,1,0.94,0.9,0.83
1988,Houston Astros,Astrodome,1.02,0.97,0.92,0.82,1.01,1.02,0.91,0.85,1.01,0.99,0.92,0.83
1989,Houston Astros,Astrodome,1.01,0.99,1,0.81,1.01,1.03,1.17,0.85,1.01,1.02,1.09,0.83
1990,Houston Astros,Astrodome,1.01,1.01,1.11,0.82,1.02,1.05,1.33,0.81,1.02,1.03,1.2,0.82
1991,Houston Astros,Astrodome,1,0.99,1.12,0.82,1.01,1.03,1.21,0.8,1.01,1.01,1.15,0.81
1992,Houston Astros,Astrodome,0.99,0.99,1.18,0.83,1.02,1.03,0.98,0.88,1,1.01,1.09,0.86
1993,Houston Astros,Astrodome,1,1,1.05,0.91,1,0.99,0.91,0.97,1,1,0.98,0.94
1994,Houston Astros,Astrodome,1,1.04,0.97,0.85,0.98,0.98,0.96,0.99,0.99,1,0.97,0.93
1995,Houston Astros,Astrodome,1.01,1.06,0.96,0.89,0.98,1.01,0.87,0.92,0.99,1.02,0.91,0.91
1996,Houston Astros,Astrodome,1,1.03,1.01,0.84,0.98,1.02,1.05,0.9,0.99,1.03,1.03,0.88
1997,Houston Astros,Astrodome,1,1.07,1.01,0.92,1,1.07,1.03,0.94,1,1.07,1.02,0.93
1998,Houston Astros,Astrodome,1.01,1.07,0.95,0.89,1,1.06,1.38,0.92,1,1.07,1.17,0.91
1999,Houston Astros,Astrodome,1.01,1.12,0.92,0.89,1,1.08,1.16,0.93,1,1.09,1.05,0.92
2000,Houston Astros,Enron Field,1.01,0.95,1.28,1.19,1.01,1.11,1.43,1.06,1.01,1.05,1.35,1.1
2001,Houston Astros,Enron Field,1.02,0.95,1.13,1.13,1.02,1.06,1.13,1.03,1.02,1.02,1.13,1.06
2002,Houston Astros,Astros Field,1.02,0.95,1.13,1.07,1.01,1,1.16,1.04,1.01,0.98,1.15,1.05
2003,Houston Astros,Minute Maid Park,1.01,0.96,1.13,0.92,1.01,0.96,1.17,1.1,1.01,0.96,1.15,1.03
2004,Houston Astros,Minute Maid Park,0.98,0.98,1.27,0.9,1,0.93,1.21,1.18,1,0.94,1.24,1.07
2005,Houston Astros,Minute Maid Park,0.98,1.02,1.28,0.93,1,0.93,1.01,1.18,1,0.96,1.12,1.08
2006,Houston Astros,Minute Maid Park,0.97,1.02,1.21,1.02,1.01,0.95,1,1.1,0.99,0.97,1.08,1.07
2007,Houston Astros,Minute Maid Park,1,1.03,1.14,1.04,1,1.01,1.04,1.08,1,1.01,1.08,1.07
2008,Houston Astros,Minute Maid Park,1.01,1,0.96,1.01,1.01,0.97,1.1,1.07,1.01,0.98,1.02,1.05
2009,Houston Astros,Minute Maid Park,1.02,1.03,1,1.02,0.99,0.98,1.07,1.08,1,1,1.05,1.06
2010,Houston Astros,Minute Maid Park,1.02,1.06,0.98,1.06,0.98,0.98,1.1,1.05,1,1,1.05,1.05
2011,Houston Astros,Minute Maid Park,1,1.07,1.05,1.02,0.98,1.02,1.02,1.05,0.99,1.03,1.04,1.04
2012,Houston Astros,Minute Maid Park,0.99,1,0.97,1.03,0.99,1.02,1.09,1.07,0.99,1.01,1.03,1.05
2013,Houston Astros,Minute Maid Park,0.98,0.95,1.05,1.04,1,1.02,1.17,1.07,0.99,0.99,1.11,1.06
2014,Houston Astros,Minute Maid Park,0.98,0.98,1.19,1.12,1.01,1.02,1.31,1.07,0.99,1,1.25,1.09
2015,Houston Astros,Minute Maid Park,0.98,1.01,1.22,1.04,1,0.99,1.2,1.01,0.99,1,1.21,1.02
2016,Houston Astros,Minute Maid Park,0.98,0.99,1.14,1.02,0.98,0.97,1.07,1.01,0.98,0.98,1.11,1.01
2017,Houston Astros,Minute Maid Park,1,0.94,1.08,0.97,0.96,0.98,0.93,1.01,0.98,0.96,1,1
2018,Houston Astros,Minute Maid Park,0.99,0.94,1.08,1.06,0.98,0.96,0.81,1.07,0.98,0.95,0.91,1.07
2019,Houston Astros,Minute Maid Park,1.01,0.95,1.12,1.07,0.99,0.95,0.83,1.09,1,0.95,0.93,1.08
2020,Houston Astros,Minute Maid Park,0.99,0.97,1.09,1.03,0.99,0.97,1.09,1.03,0.99,0.97,1.09,1.03
2021,Houston Astros,Minute Maid Park,0.99,1,1.25,1.01,0.99,1,1.25,1.01,0.99,1,1.25,1.01
2022,Houston Astros,Minute Maid Park,1,1.01,1.25,1,1,1.01,1.25,1,1,1.01,1.25,1
1878,Indianapolis Blues,South Street Park,0.89,1,1,0.89,0.89,1,1,0.89,0.89,1,1,0.89
1884,Indianapolis Hoosiers,Seventh Street Park,1.02,1,1,1.02,1.02,1,1,1.02,1.02,1,1,1.02
1887,Indianapolis Hoosiers,Seventh Street Park II,1,1,1,1,1,1,1,1,1,1,1,1
1888,Indianapolis Hoosiers,Seventh Street Park III,1.03,1,1,1.03,1.03,1,1,1.03,1.03,1,1,1.03
1889,Indianapolis Hoosiers,Seventh Street Park III,1.03,1,1,1.03,1.03,1,1,1.03,1.03,1,1,1.03
1888,Kansas City Cowboys,Association Park I,1.05,1,1,1.05,1.05,1,1,1.05,1.05,1,1,1.05
1889,Kansas City Cowboys,Exposition Park,1.06,1,1,1.06,1.06,1,1,1.06,1.06,1,1,1.06
1886,Kansas City Cowboys,Association Park,1.09,1,1,1.09,1.09,1,1,1.09,1.09,1,1,1.09
1914,Kansas City Packers,Gordon and Koppel Field,0.97,1,1,0.97,0.97,1,1,0.97,0.97,1,1,0.97
1915,Kansas City Packers,Gordon and Koppel Field,0.98,1,1,0.98,0.98,1,1,0.98,0.98,1,1,0.98
1969,Kansas City Royals,Municipal Stadium,1.03,1.1,1.46,0.98,1.01,1.06,1.19,0.79,1.02,1.07,1.26,0.86
1970,Kansas City Royals,Municipal Stadium,1.03,1.03,1.39,0.96,1.02,1.1,1.29,0.76,1.02,1.08,1.32,0.83
1971,Kansas City Royals,Municipal Stadium,1.03,0.98,1.15,0.87,1.02,1.05,1.42,0.75,1.02,1.03,1.33,0.8
1972,Kansas City Royals,Municipal Stadium,1.03,0.94,1.13,0.87,1.02,1.05,1.44,0.7,1.03,1.01,1.33,0.77
1973,Kansas City Royals,Royals Stadium,1.02,1.15,1.14,0.9,1.05,1.15,1.26,0.94,1.04,1.16,1.22,0.92
1974,Kansas City Royals,Royals Stadium,1.01,1.14,1.27,0.83,1.05,1.14,1.26,0.94,1.03,1.14,1.27,0.89
1975,Kansas City Royals,Royals Stadium,0.99,1.13,1.26,0.85,1.04,1.08,1.41,0.9,1.02,1.1,1.34,0.88
1976,Kansas City Royals,Royals Stadium,1,1.1,1.37,0.84,1.02,1.06,1.25,0.88,1.01,1.08,1.3,0.86
1977,Kansas City Royals,Royals Stadium,1.03,1.15,1.4,0.88,1,1.04,1.26,0.87,1.01,1.08,1.32,0.88
1978,Kansas City Royals,Royals Stadium,1.05,1.14,1.44,0.82,1,1.05,1.24,0.93,1.02,1.08,1.34,0.88
1979,Kansas City Royals,Royals Stadium,1.03,1.14,1.32,0.82,1,1.07,1.3,0.92,1.01,1.09,1.32,0.87
1980,Kansas City Royals,Royals Stadium,1.03,1.05,1.34,0.8,1,1.08,1.36,0.91,1.01,1.07,1.35,0.86
1981,Kansas City Royals,Royals Stadium,1,1,1.16,0.82,1,1.09,1.35,0.84,1,1.05,1.26,0.83
1982,Kansas City Royals,Royals Stadium,1.01,0.95,1.21,0.83,0.99,1.06,1.25,0.89,1,1.02,1.23,0.87
1983,Kansas City Royals,Royals Stadium,0.99,0.98,1.13,0.87,1,1.05,1.17,0.89,0.99,1.03,1.15,0.88
1984,Kansas City Royals,Royals Stadium,0.99,0.99,1.31,0.87,1,1.04,1.25,0.89,1,1.02,1.28,0.88
1985,Kansas City Royals,Royals Stadium,1,1.03,1.24,0.85,1,1.06,1.27,0.85,1,1.05,1.26,0.85
1986,Kansas City Royals,Royals Stadium,1.01,1.09,1.31,0.86,1,1.08,1.34,0.85,1,1.08,1.34,0.85
1987,Kansas City Royals,Royals Stadium,1.02,1.09,1.3,0.83,1.01,1.11,1.26,0.86,1.01,1.1,1.29,0.85
1988,Kansas City Royals,Royals Stadium,1.01,1.07,1.28,0.81,1,1.1,1.33,0.84,1.01,1.09,1.31,0.83
1989,Kansas City Royals,Royals Stadium,1.02,1,1.19,0.79,1.01,1.09,1.26,0.83,1.01,1.05,1.23,0.81
1990,Kansas City Royals,Royals Stadium,1,1.01,1.27,0.76,1,1.05,1.38,0.83,1,1.03,1.32,0.8
1991,Kansas City Royals,Royals Stadium,1,0.99,1.48,0.73,1.01,1.05,1.15,0.86,1,1.02,1.31,0.81
1992,Kansas City Royals,Royals Stadium,1,1.03,1.67,0.74,1.02,1.08,1.13,0.87,1.01,1.06,1.38,0.81
1993,Kansas City Royals,Royals Stadium,1.03,1.07,1.48,0.76,1.03,1.07,1.09,0.89,1.03,1.07,1.26,0.83
1994,Kansas City Royals,Kauffman Stadium,1.01,1.09,1.19,0.88,1.03,1.06,1.25,0.86,1.02,1.07,1.21,0.87
1995,Kansas City Royals,Kauffman Stadium,1,1.05,1.09,0.89,1,0.98,1.48,0.91,1,1.01,1.23,0.9
1996,Kansas City Royals,Kauffman Stadium,0.98,1,1.12,0.99,0.99,0.95,1.51,0.93,0.99,0.97,1.25,0.95
1997,Kansas City Royals,Kauffman Stadium,0.99,0.98,1.27,1.01,0.98,0.94,1.4,1.03,0.99,0.95,1.33,1.03
1998,Kansas City Royals,Kauffman Stadium,1.02,0.93,1.28,1.03,0.99,0.93,1.23,1.03,1,0.93,1.26,1.03
1999,Kansas City Royals,Kauffman Stadium,1.04,0.94,1.22,0.99,1,0.95,1.17,1.04,1.02,0.95,1.2,1.02
2000,Kansas City Royals,Kauffman Stadium,1.06,0.97,1.01,0.94,1.02,0.95,1.24,1.02,1.03,0.96,1.12,0.99
2001,Kansas City Royals,Kauffman Stadium,1.06,1.01,0.98,1,1.02,0.98,1.19,1.09,1.04,0.99,1.06,1.05
2002,Kansas City Royals,Kauffman Stadium,1.04,1.01,0.96,1,1.02,0.99,1.03,1.1,1.03,1,0.99,1.05
2003,Kansas City Royals,Kauffman Stadium,1.03,0.98,1.02,0.99,1,1.01,1.02,0.99,1.01,1,1.02,0.99
2004,Kansas City Royals,Kauffman Stadium,1.01,0.97,0.92,0.91,1,1.03,1.08,0.9,1.01,1.01,0.98,0.91
2005,Kansas City Royals,Kauffman Stadium,1.01,1.01,0.95,0.9,1.01,1.02,1.17,0.89,1.01,1.02,1.04,0.89
2006,Kansas City Royals,Kauffman Stadium,1.02,1.08,0.92,0.92,1.02,1.05,1.14,0.93,1.02,1.06,1,0.93
2007,Kansas City Royals,Kauffman Stadium,1.02,1.11,0.91,0.93,1.02,1.03,1.17,0.94,1.02,1.06,0.99,0.94
2008,Kansas City Royals,Kauffman Stadium,1.04,1.06,1.01,0.85,1.01,1.03,1.04,0.92,1.02,1.04,1.02,0.89
2009,Kansas City Royals,Kauffman Stadium,1.04,1.01,1.16,0.85,1.01,1,1.08,0.93,1.02,1,1.13,0.89
2010,Kansas City Royals,Kauffman Stadium,1.03,0.99,1.48,0.81,1.01,0.98,1.05,0.94,1.02,0.99,1.25,0.88
2011,Kansas City Royals,Kauffman Stadium,1.01,1,1.38,0.9,1,0.97,1.11,0.95,1,0.99,1.24,0.92
2012,Kansas City Royals,Kauffman Stadium,1,1,1.26,0.89,1,0.98,1.07,0.94,1,0.99,1.16,0.92
2013,Kansas City Royals,Kauffman Stadium,1,1.02,1.16,0.95,1.01,0.98,1.06,0.95,1.01,1,1.11,0.95
2014,Kansas City Royals,Kauffman Stadium,1,1.06,1.22,0.93,1.02,1.01,1.09,0.9,1.01,1.04,1.15,0.92
2015,Kansas City Royals,Kauffman Stadium,1.01,1.05,1.21,0.89,1.02,1.05,1.09,0.9,1.02,1.05,1.14,0.9
2016,Kansas City Royals,Kauffman Stadium,1.02,1.02,1.33,0.92,1.01,1.1,1.08,0.87,1.01,1.06,1.17,0.89
2017,Kansas City Royals,Kauffman Stadium,1.03,0.97,1.15,0.88,1,1.09,1.12,0.92,1.01,1.04,1.13,0.9
2018,Kansas City Royals,Kauffman Stadium,1.03,1.01,1.01,0.9,0.99,1.05,1.16,0.89,1.01,1.03,1.1,0.89
2019,Kansas City Royals,Kauffman Stadium,1.05,1.04,0.96,0.85,0.99,1.02,1.23,0.91,1.01,1.03,1.09,0.89
2020,Kansas City Royals,Kauffman Stadium,1.04,1.01,1.02,0.87,1.04,1.01,1.02,0.87,1.04,1.01,1.02,0.87
2021,Kansas City Royals,Kauffman Stadium,1.03,1.02,1.03,0.89,1.03,1.02,1.03,0.89,1.03,1.02,1.03,0.89
2022,Kansas City Royals,Kauffman Stadium,1.03,1.03,1.04,0.91,1.03,1.03,1.04,0.91,1.03,1.03,1.04,0.91
1884,Kansas City Cowboys,Athletic Park,0.94,1,1,0.94,0.94,1,1,0.94,0.94,1,1,0.94
1871,Fort Wayne Kekiongas,Grand Duchess,1.03,1,1,1.03,1.03,1,1,1.03,1.03,1,1,1.03
1884,Brooklyn Atlantics,Washington Park,1.01,1,1,1.01,1.01,1,1,1.01,1.01,1,1,1.01
1885,Brooklyn Grays,Washington Park,1,1,1,1,1,1,1,1,1,1,1,1
1886,Brooklyn Grays,Washington Park,1.01,1,1,1.01,1.01,1,1,1.01,1.01,1,1,1.01
1887,Brooklyn Grays,Washington Park,1.01,1,1,1.01,1.01,1,1,1.01,1.01,1,1,1.01
1888,Brooklyn Bridegrooms,Washington Park,1.01,1,1,1.01,1.01,1,1,1.01,1.01,1,1,1.01
1889,Brooklyn Bridegrooms,Washington Park,0.98,1,1,0.98,0.98,1,1,0.98,0.98,1,1,0.98
1890,Brooklyn Bridegrooms,Washington Park 1890,0.99,1,1,0.99,0.99,1,1,0.99,0.99,1,1,0.99
1891,Brooklyn Grooms,Eastern Park,1,1,1,1,1,1,1,1,1,1,1,1
1892,Brooklyn Grooms,Eastern Park,0.98,1,1,0.98,0.98,1,1,0.98,0.98,1,1,0.98
1893,Brooklyn Grooms,Eastern Park,0.97,1,1,0.97,0.97,1,1,0.97,0.97,1,1,0.97
1894,Brooklyn Grooms,Eastern Park,0.95,1,1,0.95,0.95,1,1,0.95,0.95,1,1,0.95
1895,Brooklyn Grooms,Eastern Park,0.94,1,1,0.94,0.94,1,1,0.94,0.94,1,1,0.94
1896,Brooklyn Bridegrooms,Eastern Park,0.96,1,1,0.96,0.96,1,1,0.96,0.96,1,1,0.96
1897,Brooklyn Bridegrooms,Eastern Park,0.96,1,1,0.96,0.96,1,1,0.96,0.96,1,1,0.96
1898,Brooklyn Bridegrooms,Washington Park,1,1,1,1,1,1,1,1,1,1,1,1
1899,Brooklyn Superbas,Washington Park,1.01,1,1,1.01,1.01,1,1,1.01,1.01,1,1,1.01
1900,Brooklyn Superbas,Washington Park,1.03,1,1,1.03,1.03,1,1,1.03,1.03,1,1,1.03
1901,Brooklyn Superbas,Washington Park,0.99,1,1.16,0.82,0.99,1,1.16,0.82,0.99,1,1.16,0.82
1902,Brooklyn Superbas,Washington Park,1,1.02,1.15,0.87,1,1.02,1.15,0.87,1,1.02,1.15,0.87
1903,Brooklyn Superbas,Washington Park,0.99,1.04,1.03,0.85,0.99,1.04,1.03,0.85,0.99,1.04,1.03,0.85
1904,Brooklyn Superbas,Washington Park,0.99,1.04,0.99,0.98,0.99,1.04,0.99,0.98,0.99,1.04,0.99,0.98
1905,Brooklyn Superbas,Washington Park,0.94,0.99,0.79,1.14,0.99,1,1.02,0.76,0.97,1.02,0.9,0.91
1906,Brooklyn Superbas,Washington Park,0.96,1.03,0.8,1.03,0.99,1.01,1,0.97,0.98,1.02,0.9,1.04
1907,Brooklyn Superbas,Washington Park,0.98,0.99,0.79,0.94,0.98,1.03,0.94,0.87,0.99,1.01,0.86,0.91
1908,Brooklyn Superbas,Washington Park,1.03,0.97,0.83,0.85,0.99,1.01,0.98,1.05,1.01,0.99,0.9,0.95
1909,Brooklyn Superbas,Washington Park,1.04,0.92,0.79,0.86,0.97,1.03,1.04,0.84,1,0.99,0.93,0.84
1910,Brooklyn Superbas,Washington Park,1.03,0.98,0.84,0.76,0.96,1.02,1.04,0.88,0.99,1.01,0.95,0.83
1911,Brooklyn Dodgers,Washington Park,1.01,1.03,0.89,0.91,0.95,1.01,1.06,0.83,0.98,1.03,0.98,0.87
1912,Brooklyn Dodgers,Washington Park,0.99,1.07,1.01,0.96,0.96,0.98,1.02,0.88,0.97,1.02,1,0.93
1913,Brooklyn Superbas,Ebbets Field,1.04,0.97,1.08,0.97,0.99,0.87,1.05,0.96,1.01,0.9,1.05,0.95
1914,Brooklyn Robins,Ebbets Field,1.03,0.96,1.11,0.99,0.99,0.9,1.12,0.99,1.01,0.92,1.12,0.98
1915,Brooklyn Robins,Ebbets Field,1.02,1,1.09,1.07,1,0.89,1.15,1.08,1.01,0.92,1.13,1.05
1916,Brooklyn Robins,Ebbets Field,1.01,1.02,1.05,1.12,1.01,0.91,1.22,0.98,1.01,0.94,1.17,1.04
1917,Brooklyn Robins,Ebbets Field,1,1.08,1.01,1.15,1.02,0.91,1.18,1.03,1.01,0.96,1.12,1.07
1918,Brooklyn Robins,Ebbets Field,0.99,1.02,0.89,1.22,1,0.94,1.2,0.9,0.99,0.96,1.07,1.01
1919,Brooklyn Robins,Ebbets Field,1.01,1.01,0.89,1.45,1,0.94,1.25,0.92,1,0.96,1.1,1.1
1920,Brooklyn Robins,Ebbets Field,1.01,0.97,0.88,1.51,1,0.91,1.23,0.83,1.01,0.93,1.09,1.05
1921,Brooklyn Robins,Ebbets Field,1.03,0.97,0.98,1.31,1,0.91,1.14,0.85,1.01,0.93,1.08,1.01
1922,Brooklyn Robins,Ebbets Field,1.01,0.96,1.06,1.12,1.01,0.91,1.03,0.84,1,0.92,1.04,0.96
1923,Brooklyn Robins,Ebbets Field,1.02,0.95,1.06,1.02,1,0.91,1.02,0.82,1.01,0.92,1.04,0.92
1924,Brooklyn Robins,Ebbets Field,0.99,0.94,1.03,0.97,1,0.91,1.08,0.87,1,0.92,1.08,0.93
1925,Brooklyn Robins,Ebbets Field,0.98,0.96,0.92,1.01,0.99,0.9,1.23,0.93,0.99,0.92,1.09,0.97
1926,Brooklyn Robins,Ebbets Field,0.95,0.99,0.91,1.08,0.99,0.94,1.13,1.04,0.98,0.96,1.04,1.05
1927,Brooklyn Robins,Ebbets Field,0.95,0.99,0.94,1.14,1,0.93,1.14,0.91,0.98,0.95,1.05,1.03
1928,Brooklyn Robins,Ebbets Field,0.96,0.96,1.04,1.08,0.99,0.95,1.03,0.98,0.98,0.95,1.03,1.04
1929,Brooklyn Robins,Ebbets Field,0.98,0.91,1.1,1.1,0.97,0.93,1.13,1.06,0.97,0.92,1.09,1.09
1930,Brooklyn Robins,Ebbets Field,1,0.94,1.13,1.15,0.97,0.95,1.08,1.13,0.98,0.95,1.08,1.15
1931,Brooklyn Robins,Ebbets Field,1,0.97,1.21,1.15,0.97,0.98,1.12,1.05,0.98,0.97,1.14,1.11
1932,Brooklyn Dodgers,Ebbets Field,0.99,1.02,1.16,1.08,0.98,1,1.11,0.98,0.99,1.01,1.13,1.04
1933,Brooklyn Dodgers,Ebbets Field,0.98,1.02,1.02,0.94,0.98,1.05,1.08,1.05,0.98,1.04,1.08,1
1934,Brooklyn Dodgers,Ebbets Field,0.97,1.02,1.02,1.02,0.98,1.08,1.15,1,0.98,1.05,1.11,1.02
1935,Brooklyn Dodgers,Ebbets Field,0.98,1.06,1.14,0.99,0.99,1.1,1.08,1.04,0.98,1.07,1.13,1.01
1936,Brooklyn Dodgers,Ebbets Field,0.98,1.08,1.19,1.02,1,1.09,1.15,1,0.99,1.08,1.18,1.01
1937,Brooklyn Dodgers,Ebbets Field,0.99,1.12,1.07,0.98,1,1.02,1.03,1.16,1,1.06,1.05,1.06
1938,Brooklyn Dodgers,Ebbets Field,0.99,1.1,1.02,1.08,1.01,1.07,1.01,1.07,1,1.08,1.01,1.08
1939,Brooklyn Dodgers,Ebbets Field,1,1.16,1.02,1.08,1.01,1.08,1.01,1.03,1.01,1.11,1.02,1.05
1940,Brooklyn Dodgers,Ebbets Field,1,1.1,1.06,1.11,1.02,1.12,0.96,0.95,1.01,1.11,1.01,1.02
1941,Brooklyn Dodgers,Ebbets Field,0.99,1.1,1.11,1.07,1,1.07,1.01,0.9,1,1.09,1.06,0.99
1942,Brooklyn Dodgers,Ebbets Field,1,1.05,1.15,1.09,0.99,1.04,1.01,0.92,1,1.05,1.08,1.02
1943,Brooklyn Dodgers,Ebbets Field,1.03,1.08,1.11,1.06,0.98,1.07,1.05,0.86,1,1.08,1.09,0.97
1944,Brooklyn Dodgers,Ebbets Field,1.03,1.1,1.07,1.02,0.99,1.03,1.04,0.92,1,1.06,1.06,0.97
1945,Brooklyn Dodgers,Ebbets Field,1.02,1.14,1.03,0.91,0.99,1.05,1.04,0.89,1,1.09,1.04,0.9
1946,Brooklyn Dodgers,Ebbets Field,1,1.15,1.15,0.85,1,1.02,1.08,1.01,1,1.07,1.11,0.93
1947,Brooklyn Dodgers,Ebbets Field,1.02,1.08,1.09,0.88,1,1.04,1.05,1.04,1,1.06,1.07,0.97
1948,Brooklyn Dodgers,Ebbets Field,1.03,1.02,1.19,0.94,0.98,1.03,1.04,1.18,1,1.03,1.11,1.09
1949,Brooklyn Dodgers,Ebbets Field,1.03,1.02,1.04,1.03,0.99,1.04,0.97,1.2,1,1.03,1,1.15
1950,Brooklyn Dodgers,Ebbets Field,1.01,1.03,1.04,1.06,1,1.04,0.99,1.21,1,1.03,1.01,1.17
1951,Brooklyn Dodgers,Ebbets Field,1.01,1.11,0.93,1.14,1,1.04,0.9,1.15,1,1.06,0.91,1.15
1952,Brooklyn Dodgers,Ebbets Field,1,1.08,1.07,1.08,0.99,1.02,0.92,1.09,1,1.04,0.98,1.08
1953,Brooklyn Dodgers,Ebbets Field,1.01,1.14,0.99,1.02,0.99,1.03,0.9,1.12,1,1.07,0.94,1.08
1954,Brooklyn Dodgers,Ebbets Field,1.02,1.19,1.01,0.99,0.99,1.03,0.94,1.17,1,1.09,0.97,1.1
1955,Brooklyn Dodgers,Ebbets Field,1.01,1.24,0.95,1.05,0.98,1.01,0.97,1.2,1,1.09,0.97,1.14
1956,Brooklyn Dodgers,Ebbets Field,1.03,1.25,0.96,1.14,1,1.01,0.93,1.21,1.01,1.1,0.93,1.2
1957,Brooklyn Dodgers,Ebbets Field,1.02,1.2,0.91,1.23,1.03,1.01,0.96,1.18,1.03,1.08,0.93,1.22
1958,Los Angeles Dodgers,LA Memorial Coliseum,0.99,0.96,1.07,0.87,1,0.9,1.14,1.3,1,0.92,1.1,1.15
1959,Los Angeles Dodgers,LA Memorial Coliseum,0.99,1.01,0.99,0.99,1.01,0.88,1.12,1.35,1,0.93,1.05,1.22
1960,Los Angeles Dodgers,LA Memorial Coliseum,1,1.03,0.94,1.15,0.99,0.88,1,1.34,0.99,0.95,0.97,1.26
1961,Los Angeles Dodgers,LA Memorial Coliseum,0.99,1.06,0.83,1.21,1,0.89,0.97,1.38,1,0.96,0.89,1.31
1962,Los Angeles Dodgers,Dodger Stadium,0.99,0.97,0.8,0.71,1.01,0.97,0.91,0.83,1,0.97,0.85,0.78
1963,Los Angeles Dodgers,Dodger Stadium,0.99,1.02,0.79,0.74,1,0.93,0.91,0.82,1,0.96,0.85,0.79
1964,Los Angeles Dodgers,Dodger Stadium,0.98,1.03,0.82,0.78,0.99,0.91,0.92,0.8,0.99,0.96,0.87,0.8
1965,Los Angeles Dodgers,Dodger Stadium,0.99,0.98,0.79,0.78,0.99,0.88,0.92,0.82,0.99,0.92,0.86,0.81
1966,Los Angeles Dodgers,Dodger Stadium,0.99,0.87,0.88,0.77,0.98,0.89,0.87,0.85,0.98,0.88,0.87,0.82
1967,Los Angeles Dodgers,Dodger Stadium,1,0.82,0.83,0.79,0.97,0.88,0.83,0.86,0.98,0.85,0.83,0.83
1968,Los Angeles Dodgers,Dodger Stadium,1.02,0.86,0.88,0.86,0.97,0.91,0.81,0.85,0.99,0.89,0.85,0.85
1969,Los Angeles Dodgers,Dodger Stadium,0.98,0.89,0.76,0.88,0.97,0.96,0.78,0.89,0.97,0.93,0.77,0.89
1970,Los Angeles Dodgers,Dodger Stadium,0.98,0.93,0.83,0.89,0.99,0.96,0.83,0.96,0.98,0.95,0.83,0.93
1971,Los Angeles Dodgers,Dodger Stadium,0.95,0.9,0.79,0.87,1,0.95,0.79,1.02,0.98,0.93,0.79,0.96
1972,Los Angeles Dodgers,Dodger Stadium,1,0.92,0.82,0.92,1.02,0.93,0.88,1.05,1.01,0.93,0.85,1
1973,Los Angeles Dodgers,Dodger Stadium,1.01,0.92,0.73,0.95,1,0.92,0.83,1.03,1,0.92,0.8,1
1974,Los Angeles Dodgers,Dodger Stadium,1.01,0.92,0.65,0.99,0.99,0.9,0.84,1.04,0.99,0.91,0.77,1.03
1975,Los Angeles Dodgers,Dodger Stadium,0.99,0.91,0.67,0.97,0.98,0.9,0.73,1.01,0.98,0.9,0.71,1
1976,Los Angeles Dodgers,Dodger Stadium,0.97,0.91,0.64,1.01,0.98,0.93,0.68,1.04,0.98,0.92,0.67,1.03
1977,Los Angeles Dodgers,Dodger Stadium,0.99,0.9,0.73,1.02,0.98,0.95,0.66,1.04,0.99,0.93,0.68,1.03
1978,Los Angeles Dodgers,Dodger Stadium,0.98,0.86,0.75,1.03,0.99,0.92,0.69,1.11,0.99,0.9,0.71,1.09
1979,Los Angeles Dodgers,Dodger Stadium,0.99,0.84,0.75,1,1,0.91,0.64,1.17,0.99,0.89,0.68,1.11
1980,Los Angeles Dodgers,Dodger Stadium,0.99,0.85,0.72,0.95,0.99,0.9,0.69,1.2,0.99,0.88,0.7,1.12
1981,Los Angeles Dodgers,Dodger Stadium,0.99,0.87,0.75,0.9,0.99,0.9,0.71,1.05,0.99,0.89,0.73,1
1982,Los Angeles Dodgers,Dodger Stadium,1,0.87,0.71,0.97,1,0.86,0.82,0.95,1,0.86,0.77,0.96
1983,Los Angeles Dodgers,Dodger Stadium,0.99,0.89,0.71,1.02,1.02,0.84,0.81,0.91,1.01,0.85,0.76,0.94
1984,Los Angeles Dodgers,Dodger Stadium,1,0.89,0.7,0.95,1.01,0.87,0.77,0.96,1,0.88,0.74,0.96
1985,Los Angeles Dodgers,Dodger Stadium,1,0.86,0.76,0.88,0.99,0.89,0.75,0.91,0.99,0.88,0.75,0.9
1986,Los Angeles Dodgers,Dodger Stadium,0.98,0.81,0.74,0.82,0.97,0.91,0.69,0.91,0.98,0.87,0.71,0.87
1987,Los Angeles Dodgers,Dodger Stadium,1,0.79,0.81,0.85,0.99,0.91,0.76,0.91,1,0.86,0.78,0.89
1988,Los Angeles Dodgers,Dodger Stadium,0.99,0.84,0.89,0.85,1,0.91,0.81,0.95,1,0.88,0.85,0.9
1989,Los Angeles Dodgers,Dodger Stadium,1,0.88,1.02,0.9,1,0.9,0.9,0.99,1,0.89,0.96,0.94
1990,Los Angeles Dodgers,Dodger Stadium,0.99,0.91,0.88,0.94,1,0.87,0.81,0.99,0.99,0.89,0.85,0.96
1991,Los Angeles Dodgers,Dodger Stadium,1,0.91,0.91,0.94,1,0.89,0.78,0.92,1,0.9,0.86,0.93
1992,Los Angeles Dodgers,Dodger Stadium,1.02,0.94,0.8,0.97,1,0.9,0.77,0.92,1.01,0.91,0.79,0.94
1993,Los Angeles Dodgers,Dodger Stadium,1,0.94,0.79,0.95,0.98,0.9,0.8,0.92,0.99,0.92,0.79,0.93
1994,Los Angeles Dodgers,Dodger Stadium,1,0.93,0.67,0.96,0.97,0.87,0.79,0.93,0.98,0.89,0.72,0.94
1995,Los Angeles Dodgers,Dodger Stadium,0.96,0.89,0.7,0.88,0.95,0.88,0.79,0.9,0.95,0.88,0.74,0.89
1996,Los Angeles Dodgers,Dodger Stadium,0.95,0.9,0.72,0.85,0.96,0.9,0.83,0.92,0.96,0.9,0.77,0.9
1997,Los Angeles Dodgers,Dodger Stadium,0.96,0.95,0.74,0.88,0.96,0.92,0.75,0.96,0.96,0.93,0.75,0.94
1998,Los Angeles Dodgers,Dodger Stadium,0.96,0.97,0.74,0.97,0.97,0.93,0.76,1.01,0.97,0.94,0.75,0.99
1999,Los Angeles Dodgers,Dodger Stadium,0.95,0.95,0.81,1.03,0.98,0.93,0.73,1,0.97,0.94,0.76,1.01
2000,Los Angeles Dodgers,Dodger Stadium,0.95,0.91,1,1.03,0.98,0.97,0.75,0.98,0.97,0.95,0.85,1
2001,Los Angeles Dodgers,Dodger Stadium,0.96,0.93,0.99,1.01,0.96,0.95,0.76,0.99,0.96,0.94,0.86,0.99
2002,Los Angeles Dodgers,Dodger Stadium,0.98,0.96,0.87,1.03,0.96,0.96,0.73,1.02,0.96,0.96,0.8,1.03
2003,Los Angeles Dodgers,Dodger Stadium,0.99,0.95,0.78,1.02,0.95,0.92,0.75,1.08,0.97,0.93,0.77,1.05
2004,Los Angeles Dodgers,Dodger Stadium,0.99,0.97,0.76,1.08,0.96,0.99,0.74,1.06,0.97,0.98,0.76,1.07
2005,Los Angeles Dodgers,Dodger Stadium,1.01,0.98,0.79,1.07,0.98,0.99,0.74,1.05,0.99,0.99,0.77,1.06
2006,Los Angeles Dodgers,Dodger Stadium,1,1,0.76,1.1,1,0.99,0.76,1.03,1,1,0.76,1.06
2007,Los Angeles Dodgers,Dodger Stadium,1,0.98,0.77,1.08,1.01,0.98,0.75,1,1,0.98,0.76,1.03
2008,Los Angeles Dodgers,Dodger Stadium,0.99,0.98,0.77,1.06,1,0.98,0.79,0.93,0.99,0.98,0.78,0.97
2009,Los Angeles Dodgers,Dodger Stadium,0.98,0.99,0.75,1.01,0.99,1,0.72,0.94,0.98,0.99,0.73,0.97
2010,Los Angeles Dodgers,Dodger Stadium,0.99,1.01,0.8,1.02,0.98,0.99,0.71,0.94,0.98,1,0.75,0.97
2011,Los Angeles Dodgers,Dodger Stadium,0.99,0.97,0.77,1.02,0.99,0.97,0.69,1.01,0.99,0.97,0.73,1.01
2012,Los Angeles Dodgers,Dodger Stadium,0.99,0.97,0.78,1.06,0.99,0.97,0.77,0.99,0.99,0.97,0.77,1.01
2013,Los Angeles Dodgers,Dodger Stadium,0.99,0.99,0.78,1.1,0.97,1.01,0.68,1.04,0.98,1,0.73,1.06
2014,Los Angeles Dodgers,Dodger Stadium,0.97,1.04,0.77,1.07,0.97,1.05,0.73,1.01,0.97,1.05,0.75,1.04
2015,Los Angeles Dodgers,Dodger Stadium,0.97,1.05,0.85,1.09,0.97,1.06,0.66,0.98,0.97,1.06,0.74,1.03
2016,Los Angeles Dodgers,Dodger Stadium,0.97,1.04,0.77,1.07,0.99,1.02,0.8,0.95,0.98,1.03,0.78,1
2017,Los Angeles Dodgers,Dodger Stadium,0.98,1.03,0.71,1.09,0.99,1.02,0.72,0.97,0.98,1.02,0.71,1.02
2018,Los Angeles Dodgers,Dodger Stadium,0.98,1.05,0.61,1.06,0.99,0.98,0.8,1.03,0.98,1.01,0.7,1.05
2019,Los Angeles Dodgers,Dodger Stadium,0.98,1.05,0.59,1.06,0.99,0.97,0.75,1.06,0.99,1.01,0.66,1.06
2020,Los Angeles Dodgers,Dodger Stadium,0.99,1,0.75,1.13,0.99,1,0.75,1.13,0.99,1,0.75,1.13
2021,Los Angeles Dodgers,Dodger Stadium,1,1.02,0.93,1.15,1,1.02,0.93,1.15,1,1.02,0.93,1.15
2022,Los Angeles Dodgers,Dodger Stadium,0.98,1.03,0.87,1.14,0.98,1.03,0.87,1.14,0.98,1.03,0.87,1.14
1876,Louisville Grays,Louisville Baseball Park,1.1,1,1,1.1,1.1,1,1,1.1,1.1,1,1,1.1
1877,Louisville Grays,Louisville Baseball Park,1.1,1,1,1.1,1.1,1,1,1.1,1.1,1,1,1.1
1882,Louisville Eclipse,Eclipse Park I,0.95,1,1,0.95,0.95,1,1,0.95,0.95,1,1,0.95
1883,Louisville Eclipse,Eclipse Park I,0.94,1,1,0.94,0.94,1,1,0.94,0.94,1,1,0.94
1884,Louisville Eclipse,Eclipse Park I,0.96,1,1,0.96,0.96,1,1,0.96,0.96,1,1,0.96
1885,Louisville Colonels,Eclipse Park I,1,1,1,1,1,1,1,1,1,1,1,1
1886,Louisville Colonels,Eclipse Park I,1.04,1,1,1.04,1.04,1,1,1.04,1.04,1,1,1.04
1887,Louisville Colonels,Eclipse Park I,1.02,1,1,1.02,1.02,1,1,1.02,1.02,1,1,1.02
1888,Louisville Colonels,Eclipse Park I,1,1,1,1,1,1,1,1,1,1,1,1
1889,Louisville Colonels,Eclipse Park I,0.99,1,1,0.99,0.99,1,1,0.99,0.99,1,1,0.99
1890,Louisville Colonels,Eclipse Park I,0.99,1,1,0.99,0.99,1,1,0.99,0.99,1,1,0.99
1891,Louisville Colonels,Eclipse Park I,0.98,1,1,0.98,0.98,1,1,0.98,0.98,1,1,0.98
1892,Louisville Colonels,Eclipse Park I,0.95,1,1,0.95,0.95,1,1,0.95,0.95,1,1,0.95
1893,Louisville Colonels,Eclipse Park II,0.96,1,1,0.96,0.96,1,1,0.96,0.96,1,1,0.96
1894,Louisville Colonels,Eclipse Park II,0.97,1,1,0.97,0.97,1,1,0.97,0.97,1,1,0.97
1895,Louisville Colonels,Eclipse Park II,0.97,1,1,0.97,0.97,1,1,0.97,0.97,1,1,0.97
1896,Louisville Colonels,Eclipse Park II,0.99,1,1,0.99,0.99,1,1,0.99,0.99,1,1,0.99
1897,Louisville Colonels,Eclipse Park II,0.99,1,1,0.99,0.99,1,1,0.99,0.99,1,1,0.99
1898,Louisville Colonels,Eclipse Park II,0.99,1,1,0.99,0.99,1,1,0.99,0.99,1,1,0.99
1899,Louisville Colonels,Eclipse Park II,0.99,1,1,0.99,0.99,1,1,0.99,0.99,1,1,0.99
1872,Middletown Mansfields,Mansfield Club Grounds,1.04,1,1,1.04,1.04,1,1,1.04,1.04,1,1,1.04
1873,Baltimore Marylands,Newington Park,1,1,1,1,1,1,1,1,1,1,1,1
1969,Seattle Pilots,Sicks Stadium 1969,0.99,1.14,0.62,1.14,0.99,1,1.07,1.13,0.99,1.05,0.77,1.13
1970,Milwaukee Brewers,County Stadium,0.98,1.06,1.09,0.91,0.99,1,1.01,1.03,0.99,1.02,1.04,0.98
1971,Milwaukee Brewers,County Stadium,0.98,1.01,1.02,0.9,1,0.96,0.98,0.95,1,0.98,0.99,0.93
1972,Milwaukee Brewers,County Stadium,1,0.9,1.03,0.89,1.01,0.91,0.98,0.91,1,0.91,1,0.9
1973,Milwaukee Brewers,County Stadium,0.99,0.91,1.04,0.94,1,0.94,0.96,0.93,1,0.93,0.99,0.93
1974,Milwaukee Brewers,County Stadium,1,0.93,1.05,0.97,1,0.95,0.95,0.97,1,0.94,0.99,0.97
1975,Milwaukee Brewers,County Stadium,1,0.95,1.02,1,1.01,0.93,0.94,0.97,1,0.94,0.97,0.98
1976,Milwaukee Brewers,County Stadium,1,0.94,0.94,0.96,1.01,0.9,0.97,0.87,1.01,0.91,0.96,0.9
1977,Milwaukee Brewers,County Stadium,1.01,0.97,0.98,0.91,1.02,0.92,0.93,0.92,1.01,0.94,0.95,0.92
1978,Milwaukee Brewers,County Stadium,1,1.02,0.99,0.93,1.02,0.94,0.99,0.94,1.01,0.97,0.99,0.94
1979,Milwaukee Brewers,County Stadium,0.98,1.01,0.94,0.94,1.02,0.94,0.95,0.99,1.01,0.96,0.95,0.97
1980,Milwaukee Brewers,County Stadium,0.97,0.99,0.92,0.96,1.02,0.91,1.04,0.93,1,0.94,0.99,0.94
1981,Milwaukee Brewers,County Stadium,0.97,0.98,0.95,0.9,1,0.92,1.04,0.88,0.99,0.95,1.01,0.89
1982,Milwaukee Brewers,County Stadium,0.98,0.97,1.06,0.9,0.98,0.96,1.04,0.88,0.98,0.96,1.05,0.89
1983,Milwaukee Brewers,County Stadium,0.96,0.96,1.13,0.89,0.97,1,0.97,0.92,0.97,0.98,1.04,0.91
1984,Milwaukee Brewers,County Stadium,0.98,0.97,1.13,0.9,0.99,1,0.99,1,0.99,0.99,1.05,0.96
1985,Milwaukee Brewers,County Stadium,0.98,1.01,1.09,0.9,1.01,1,1.06,1.05,1,1,1.07,0.98
1986,Milwaukee Brewers,County Stadium,1,1.02,0.99,0.91,1.05,0.99,1.21,1,1.03,1,1.11,0.96
1987,Milwaukee Brewers,County Stadium,1,0.99,1,0.95,1.02,0.98,1.12,0.99,1.01,0.99,1.07,0.97
1988,Milwaukee Brewers,County Stadium,1.01,0.98,0.84,0.95,1.02,1,1.11,0.98,1.02,0.99,0.98,0.97
1989,Milwaukee Brewers,County Stadium,0.99,0.95,0.85,1,0.98,1.02,1.01,0.99,0.99,0.99,0.94,0.99
1990,Milwaukee Brewers,County Stadium,0.99,0.98,0.81,0.96,0.99,1.03,1,1.01,0.99,1.01,0.91,0.99
1991,Milwaukee Brewers,County Stadium,0.98,0.97,0.87,0.93,0.98,0.99,0.95,0.98,0.98,0.98,0.92,0.96
1992,Milwaukee Brewers,County Stadium,0.99,0.99,0.94,0.95,1,0.96,0.96,0.91,1,0.97,0.95,0.92
1993,Milwaukee Brewers,County Stadium,1,0.98,1,0.91,1,0.94,0.94,0.9,1,0.96,0.97,0.9
1994,Milwaukee Brewers,County Stadium,1.05,0.99,0.98,0.97,1.02,0.98,1.02,0.88,1.03,0.98,1,0.91
1995,Milwaukee Brewers,County Stadium,1.04,1.02,0.94,0.89,1.01,0.97,1.05,0.99,1.02,0.99,0.99,0.95
1996,Milwaukee Brewers,County Stadium,1.03,1.02,1.09,0.89,1.02,0.98,0.97,0.97,1.02,1,1.03,0.94
1997,Milwaukee Brewers,County Stadium,1,0.99,1.08,0.89,1.01,0.98,0.92,0.99,1.01,0.99,0.99,0.94
1998,Milwaukee Brewers,County Stadium,0.99,0.95,1.07,0.94,1.01,0.98,0.83,0.97,1,0.97,0.93,0.95
1999,Milwaukee Brewers,County Stadium,0.98,0.93,0.86,0.93,0.99,0.97,0.93,0.92,0.99,0.95,0.9,0.92
2000,Milwaukee Brewers,County Stadium,0.96,0.94,0.9,0.92,0.99,0.95,0.93,0.92,0.98,0.94,0.92,0.92
2001,Milwaukee Brewers,Miller Park,0.99,1.02,1.16,1.07,0.99,1.02,0.85,1.02,0.99,1.02,0.96,1.04
2002,Milwaukee Brewers,Miller Park,1,1.02,1.2,1.1,0.98,1.02,0.84,1.05,0.99,1.02,0.97,1.07
2003,Milwaukee Brewers,Miller Park,1,1.06,1.17,1.04,0.97,1.06,0.93,1.03,0.99,1.06,1.05,1.04
2004,Milwaukee Brewers,Miller Park,1,1.03,1.29,1.03,0.97,1.04,0.91,1.09,0.98,1.04,1.06,1.07
2005,Milwaukee Brewers,Miller Park,0.99,1.03,1.29,0.99,0.98,1.04,1.05,1.06,0.98,1.04,1.13,1.03
2006,Milwaukee Brewers,Miller Park,0.97,1.03,1.01,1,0.98,1.03,0.94,1.09,0.98,1.03,0.96,1.06
2007,Milwaukee Brewers,Miller Park,1,0.98,1.11,1.06,0.98,1.02,0.97,1,0.99,1.01,1.01,1.02
2008,Milwaukee Brewers,Miller Park,1,1.01,1.05,1.09,0.98,1.04,0.95,1,0.99,1.03,0.99,1.03
2009,Milwaukee Brewers,Miller Park,1,1,1.17,1.15,0.98,1.02,0.94,0.99,0.99,1.01,1.01,1.04
2010,Milwaukee Brewers,Miller Park,0.99,1.03,0.95,1.1,1,1.04,1.02,1.05,1,1.04,0.99,1.07
2011,Milwaukee Brewers,Miller Park,1,0.98,0.97,1.17,1,1.04,1.06,1.15,1,1.02,1.03,1.15
2012,Milwaukee Brewers,Miller Park,1.01,0.96,0.93,1.12,1.01,1.05,1.25,1.17,1.01,1.01,1.1,1.15
2013,Milwaukee Brewers,Miller Park,1.02,0.96,0.9,1.21,0.99,1.01,1.04,1.16,1,0.99,0.99,1.18
2014,Milwaukee Brewers,Miller Park,1.02,0.99,0.86,1.17,0.98,1,1.03,1.12,1,1,0.96,1.13
2015,Milwaukee Brewers,Miller Park,1.01,1,0.98,1.25,0.97,1.02,0.96,1.06,0.99,1.01,0.97,1.12
2016,Milwaukee Brewers,Miller Park,1,1.02,1.01,1.14,0.98,1.08,1.01,1.06,0.99,1.05,1.01,1.09
2017,Milwaukee Brewers,Miller Park,0.99,1,0.99,1.12,0.99,1.07,0.95,1.02,0.99,1.04,0.97,1.06
2018,Milwaukee Brewers,Miller Park,0.99,1,0.91,1.06,0.99,1.05,0.97,1.05,0.99,1.03,0.94,1.05
2019,Milwaukee Brewers,Miller Park,0.98,0.98,0.94,1.07,0.99,1.02,1.02,1.07,0.99,1,0.97,1.07
2020,Milwaukee Brewers,Miller Park,0.99,0.96,1.02,1.05,0.99,0.96,1.02,1.05,0.99,0.96,1.02,1.05
2021,Milwaukee Brewers,Miller Park,0.99,0.99,1.03,1.06,0.99,0.99,1.03,1.06,0.99,0.99,1.03,1.06
2022,Milwaukee Brewers,American Family Field,0.99,1.01,1.08,1.07,0.99,1.01,1.08,1.07,0.99,1.01,1.08,1.07
1901,Washington Senators,American League Park,0.96,1.01,1.15,1.57,0.96,1.01,1.15,1.57,0.96,1.01,1.15,1.57
1902,Washington Senators,American League Park,0.97,0.97,1.21,1.56,0.97,0.97,1.21,1.56,0.97,0.97,1.21,1.56
1903,Washington Senators,American League Park,0.99,0.98,1.17,1.32,0.99,0.98,1.17,1.32,0.99,0.98,1.17,1.32
1904,Washington Senators,American League Park,1.01,0.97,1.11,0.96,1.01,0.97,1.11,0.96,1.01,0.97,1.11,0.96
1905,Washington Senators,American League Park,0.98,1,1.21,0.77,1.02,0.98,0.99,0.75,1.01,1.01,0.99,0.71
1906,Washington Senators,American League Park,1.01,1,1.19,0.72,0.99,0.97,1.05,0.75,0.99,0.98,1.1,0.74
1907,Washington Senators,American League Park,1.01,0.99,1.1,0.9,0.96,0.93,1.19,0.72,0.98,0.94,1.16,0.74
1908,Washington Senators,American League Park,1.01,1.02,1.02,0.87,0.96,0.89,1.21,0.75,0.98,0.94,1.12,0.77
1909,Washington Senators,American League Park,1.02,1.05,0.92,0.9,1,0.89,1.06,0.75,1.01,0.94,0.99,0.8
1910,Washington Senators,American League Park,1.03,1.1,0.85,0.77,1.02,0.91,0.83,0.74,1.03,0.98,0.84,0.75
1911,Washington Senators,Griffith Stadium,0.97,1.05,1,1.54,0.98,1.01,1.09,0.98,0.97,1.03,1.04,1.18
1912,Washington Senators,Griffith Stadium,1,1.02,0.96,1.78,0.98,0.97,1.12,1.04,0.99,0.99,1.05,1.32
1913,Washington Senators,Griffith Stadium,0.99,0.99,1.08,1.63,0.98,0.92,1.14,0.92,0.99,0.95,1.12,1.18
1914,Washington Senators,Griffith Stadium,1.02,1.01,1.08,1.39,1,0.9,1.17,0.81,1.01,0.93,1.13,0.99
1915,Washington Senators,Griffith Stadium,1,0.95,1.1,0.72,1,0.87,1.08,0.75,1,0.9,1.09,0.72
1916,Washington Senators,Griffith Stadium,1.01,0.91,1.02,0.65,1,0.88,0.97,0.71,1,0.89,0.98,0.66
1917,Washington Senators,Griffith Stadium,1.01,0.88,0.95,0.71,0.99,0.85,0.93,0.74,1,0.87,0.93,0.72
1918,Washington Senators,Griffith Stadium,1.02,0.92,0.93,0.71,0.98,0.87,0.98,0.56,1,0.89,0.93,0.65
1919,Washington Senators,Griffith Stadium,1.03,0.95,0.86,0.64,1,0.84,1.09,0.56,1.01,0.89,0.97,0.6
1920,Washington Senators,Griffith Stadium,1.03,0.94,0.98,0.69,1.01,0.81,1.39,0.59,1.01,0.86,1.17,0.63
1921,Washington Senators,Griffith Stadium,1.01,0.92,1.03,0.7,1.01,0.81,1.49,0.59,1.01,0.85,1.24,0.63
1922,Washington Senators,Griffith Stadium,1,0.91,1.15,0.71,0.99,0.8,1.6,0.64,1,0.84,1.34,0.67
1923,Washington Senators,Griffith Stadium,1,0.94,1.23,0.64,0.98,0.85,1.44,0.63,0.99,0.89,1.31,0.63
1924,Washington Senators,Griffith Stadium,1.01,0.96,1.2,0.66,0.99,0.9,1.4,0.65,1,0.93,1.28,0.66
1925,Washington Senators,Griffith Stadium,1.01,1.01,1.17,0.66,1,0.97,1.3,0.61,1,0.99,1.2,0.64
1926,Washington Senators,Griffith Stadium,1.01,1,1.13,0.71,1.01,0.96,1.16,0.66,1,0.97,1.11,0.69
1927,Washington Senators,Griffith Stadium,1,1,1.2,0.74,1.02,0.92,1.1,0.69,1.01,0.95,1.13,0.72
1928,Washington Senators,Griffith Stadium,1,0.96,1.25,0.78,1.02,0.92,1.11,0.68,1.01,0.94,1.17,0.74
1929,Washington Senators,Griffith Stadium,1.02,0.95,1.19,0.75,1.01,0.99,1.11,0.68,1.01,0.96,1.15,0.72
1930,Washington Senators,Griffith Stadium,1.03,0.91,1.18,0.72,1,1.03,1.14,0.7,1.01,0.96,1.16,0.71
1931,Washington Senators,Griffith Stadium,1.04,0.89,1.14,0.71,1.01,1.03,1.12,0.76,1.02,0.94,1.14,0.73
1932,Washington Senators,Griffith Stadium,1.01,0.92,1.27,0.69,1.01,0.98,1.24,0.74,1.01,0.95,1.25,0.71
1933,Washington Senators,Griffith Stadium,1.01,0.95,1.31,0.69,1.01,0.95,1.31,0.76,1.01,0.94,1.3,0.72
1934,Washington Senators,Griffith Stadium,0.99,0.96,1.34,0.68,1,0.94,1.22,0.71,1,0.95,1.27,0.7
1935,Washington Senators,Griffith Stadium,1,0.91,1.28,0.71,1,0.92,1.17,0.74,1,0.92,1.24,0.72
1936,Washington Senators,Griffith Stadium,1,0.92,1.26,0.7,0.98,0.93,1.11,0.73,0.99,0.92,1.2,0.71
1937,Washington Senators,Griffith Stadium,1.01,0.93,1.27,0.71,0.98,0.95,1.24,0.75,0.99,0.94,1.26,0.73
1938,Washington Senators,Griffith Stadium,1,0.97,1.16,0.68,0.97,0.96,1.12,0.73,0.99,0.97,1.14,0.71
1939,Washington Senators,Griffith Stadium,0.99,0.93,1.13,0.71,0.98,0.95,1.14,0.72,0.98,0.94,1.13,0.72
1940,Washington Senators,Griffith Stadium,0.99,0.92,1.1,0.69,0.98,0.93,1.14,0.7,0.99,0.92,1.12,0.7
1941,Washington Senators,Griffith Stadium,1.01,0.9,1.12,0.73,0.99,0.89,1.28,0.68,1,0.9,1.19,0.7
1942,Washington Senators,Griffith Stadium,1.02,0.93,1.18,0.71,1.01,0.92,1.24,0.64,1.01,0.92,1.2,0.67
1943,Washington Senators,Griffith Stadium,1.01,0.96,1.22,0.69,1,0.92,1.06,0.66,1,0.93,1.13,0.67
1944,Washington Senators,Griffith Stadium,1.01,0.97,1.15,0.64,0.99,0.95,0.99,0.64,0.99,0.96,1.05,0.64
1945,Washington Senators,Griffith Stadium,0.98,0.96,1.17,0.67,0.98,0.93,1.01,0.66,0.98,0.95,1.08,0.66
1946,Washington Senators,Griffith Stadium,0.99,0.95,1.2,0.69,0.99,0.94,0.99,0.65,0.99,0.95,1.09,0.67
1947,Washington Senators,Griffith Stadium,1,0.94,1.33,0.74,1.02,1.01,0.99,0.68,1.01,0.97,1.15,0.71
1948,Washington Senators,Griffith Stadium,1.01,0.98,1.31,0.7,1.02,1.02,0.98,0.65,1.02,1,1.13,0.67
1949,Washington Senators,Griffith Stadium,1.03,1,1.42,0.68,1.03,1.02,1.11,0.66,1.03,1.01,1.24,0.67
1950,Washington Senators,Griffith Stadium,1.02,1,1.48,0.7,1.02,0.97,1.24,0.65,1.02,0.99,1.35,0.67
1951,Washington Senators,Griffith Stadium,1.01,1.01,1.55,0.72,1.01,1.02,1.25,0.65,1.01,1.01,1.39,0.68
1952,Washington Senators,Griffith Stadium,1.02,0.99,1.47,0.73,1,1.01,1.32,0.63,1.01,1,1.4,0.67
1953,Washington Senators,Griffith Stadium,1,1.02,1.36,0.74,1.01,0.98,1.27,0.65,1.01,1,1.31,0.68
1954,Washington Senators,Griffith Stadium,1.02,0.98,1.38,0.73,1.01,0.93,1.31,0.66,1.01,0.94,1.34,0.68
1955,Washington Senators,Griffith Stadium,1.01,1.05,1.19,0.84,1.01,0.93,1.13,0.84,1.01,0.97,1.16,0.84
1956,Washington Senators,Griffith Stadium,1.04,1,1.11,0.83,0.99,0.94,1.04,0.98,1,0.96,1.06,0.94
1957,Washington Senators,Griffith Stadium,1.02,1.01,1.05,0.85,1,0.95,1.01,1.1,1.01,0.97,1.03,1.02
1958,Washington Senators,Griffith Stadium,1.02,0.98,1.2,0.82,0.99,0.94,1.15,1.08,1,0.95,1.18,1.01
1959,Washington Senators,Griffith Stadium,1.01,1.01,1.34,0.83,1.01,0.95,1.08,1.09,1.01,0.97,1.19,1.02
1960,Washington Senators,Griffith Stadium,1.03,1.02,1.4,0.87,0.99,0.96,0.98,1.14,1,0.98,1.13,1.07
1961,Minnesota Twins,Metropolitan Stadium,1,1.05,1.07,1.08,0.98,1,0.76,1.12,0.99,1.01,0.86,1.11
1962,Minnesota Twins,Metropolitan Stadium,0.99,1.04,1.1,1.05,0.97,1.02,0.79,1.11,0.98,1.03,0.88,1.09
1963,Minnesota Twins,Metropolitan Stadium,1,1.01,1.18,1,0.97,1.09,0.83,1.09,0.97,1.06,0.93,1.06
1964,Minnesota Twins,Metropolitan Stadium,0.99,0.99,1.34,0.97,0.98,1.05,0.85,1.05,0.98,1.03,0.96,1.02
1965,Minnesota Twins,Metropolitan Stadium,1.01,0.98,1.2,1.08,0.99,1.03,0.89,1.06,1,1.01,0.98,1.07
1966,Minnesota Twins,Metropolitan Stadium,1.02,0.96,1.11,1.17,1,0.98,0.91,1.09,1.01,0.97,0.98,1.12
1967,Minnesota Twins,Metropolitan Stadium,1.03,0.94,1.07,1.16,1.01,1,1.07,1.14,1.02,0.98,1.07,1.14
1968,Minnesota Twins,Metropolitan Stadium,1.02,0.95,1.24,1,1.02,0.96,1.14,1.07,1.02,0.95,1.18,1.04
1969,Minnesota Twins,Metropolitan Stadium,1.01,0.98,1.41,0.89,1.02,0.93,1.44,0.99,1.02,0.95,1.43,0.95
1970,Minnesota Twins,Metropolitan Stadium,1,0.98,1.41,0.89,1.02,0.9,1.34,1,1.01,0.93,1.37,0.95
1971,Minnesota Twins,Metropolitan Stadium,1.02,1,1.27,0.86,1.02,0.92,1.37,1.03,1.02,0.95,1.32,0.96
1972,Minnesota Twins,Metropolitan Stadium,1.02,0.99,1.25,0.92,1.03,0.94,1.38,1.09,1.02,0.96,1.31,1.02
1973,Minnesota Twins,Metropolitan Stadium,1.03,0.99,1.03,0.94,1.02,0.95,1.44,1.07,1.02,0.97,1.25,1.03
1974,Minnesota Twins,Metropolitan Stadium,1.03,1,0.99,1,1.01,0.91,1.33,1.14,1.02,0.95,1.16,1.09
1975,Minnesota Twins,Metropolitan Stadium,1.02,0.99,0.87,1.07,1,0.93,1.12,1.14,1.01,0.96,0.98,1.12
1976,Minnesota Twins,Metropolitan Stadium,1.02,1,1.02,1.07,1.01,0.95,1.04,1.14,1.02,0.97,1.03,1.12
1977,Minnesota Twins,Metropolitan Stadium,1,0.96,1.05,0.97,1.01,0.99,1.1,1.02,1,0.97,1.07,1
1978,Minnesota Twins,Metropolitan Stadium,1.02,0.94,1.17,0.96,1,0.98,1.25,1.06,1.01,0.96,1.21,1.01
1979,Minnesota Twins,Metropolitan Stadium,1.02,0.94,1.13,0.97,1,0.97,1.29,1.05,1.01,0.96,1.21,1.01
1980,Minnesota Twins,Metropolitan Stadium,1.05,0.97,1.16,1.04,1.02,0.96,1.33,1.04,1.03,0.96,1.25,1.04
1981,Minnesota Twins,Metropolitan Stadium,1.04,0.99,1.15,1.06,1.02,0.97,1.2,1,1.03,0.98,1.18,1.03
1982,Minnesota Twins,Hubert H. Humphrey Metrodome,1.03,1.1,1.09,1.12,1.03,1.04,1.14,0.99,1.03,1.06,1.13,1.03
1983,Minnesota Twins,Hubert H. Humphrey Metrodome,1.03,1.1,1.19,1.1,1.03,1.08,1.3,0.98,1.03,1.09,1.26,1.02
1984,Minnesota Twins,Hubert H. Humphrey Metrodome,1.03,1.14,1.18,1.05,1.03,1.09,1.12,0.94,1.03,1.1,1.14,0.98
1985,Minnesota Twins,Hubert H. Humphrey Metrodome,1.03,1.14,1.17,1.05,1.03,1.09,1.26,1.02,1.03,1.11,1.22,1.04
1986,Minnesota Twins,Hubert H. Humphrey Metrodome,1.02,1.1,1.12,1,1.02,1.04,1.15,1.03,1.02,1.06,1.13,1.02
1987,Minnesota Twins,Hubert H. Humphrey Metrodome,1.02,1.08,1.1,1.04,1.02,1.03,1.34,1.04,1.02,1.05,1.24,1.04
1988,Minnesota Twins,Hubert H. Humphrey Metrodome,1.02,1.07,1.16,1.03,1.01,1.03,1.07,0.98,1.02,1.05,1.1,1
1989,Minnesota Twins,Hubert H. Humphrey Metrodome,1.02,1.1,1.18,1.06,1.03,1.05,1.08,0.98,1.03,1.07,1.11,1.01
1990,Minnesota Twins,Hubert H. Humphrey Metrodome,1.02,1.07,1.13,1,1.05,1.03,1.19,0.97,1.04,1.04,1.17,0.98
1991,Minnesota Twins,Hubert H. Humphrey Metrodome,1.02,1.08,1.21,1.01,1.05,1.02,1.42,0.97,1.04,1.04,1.34,0.98
1992,Minnesota Twins,Hubert H. Humphrey Metrodome,1.01,1.11,1.16,1.02,1.04,1.02,1.25,0.94,1.03,1.05,1.21,0.97
1993,Minnesota Twins,Hubert H. Humphrey Metrodome,1.01,1.13,1.29,1,1.01,1.02,1.01,0.98,1.01,1.05,1.1,0.99
1994,Minnesota Twins,Hubert H. Humphrey Metrodome,1,1.08,1.18,1.04,1,1.02,0.98,1.02,1,1.04,1.04,1.02
1995,Minnesota Twins,Hubert H. Humphrey Metrodome,1,1.04,1.16,1.05,1.01,1.02,1.02,1.05,1,1.03,1.07,1.05
1996,Minnesota Twins,Hubert H. Humphrey Metrodome,1.01,1.01,1.07,1.06,1.01,1.05,1.05,1,1.01,1.03,1.06,1.02
1997,Minnesota Twins,Hubert H. Humphrey Metrodome,1.01,1.01,1.11,1.05,1.02,1.05,1.01,0.93,1.02,1.04,1.05,0.98
1998,Minnesota Twins,Hubert H. Humphrey Metrodome,1.02,1.05,1.07,1.06,1.01,1.07,1.03,0.9,1.02,1.07,1.04,0.97
1999,Minnesota Twins,Hubert H. Humphrey Metrodome,1.03,1.04,1.13,1.07,1.02,1.08,1.13,0.91,1.03,1.06,1.13,0.97
2000,Minnesota Twins,Hubert H. Humphrey Metrodome,1.04,1.04,1.1,1.02,1.02,1.09,1.13,0.92,1.03,1.07,1.12,0.96
2001,Minnesota Twins,Hubert H. Humphrey Metrodome,1.03,1.02,1.19,0.94,1.02,1.06,1.25,0.91,1.02,1.04,1.21,0.92
2002,Minnesota Twins,Hubert H. Humphrey Metrodome,1.02,1.05,1.18,0.95,1.02,1.03,1.21,0.92,1.02,1.04,1.19,0.94
2003,Minnesota Twins,Hubert H. Humphrey Metrodome,1.01,1.06,1.03,0.94,1.02,0.98,1.25,0.95,1.01,1.01,1.12,0.94
2004,Minnesota Twins,Hubert H. Humphrey Metrodome,1.01,1.03,1.01,0.97,1.02,0.96,0.94,1.01,1.01,0.99,0.97,0.99
2005,Minnesota Twins,Hubert H. Humphrey Metrodome,1.01,0.98,1.05,0.92,1.01,0.98,0.96,1,1.01,0.98,1,0.96
2006,Minnesota Twins,Hubert H. Humphrey Metrodome,0.99,0.98,1.33,0.9,1,0.99,0.88,0.95,1,0.98,1.07,0.93
2007,Minnesota Twins,Hubert H. Humphrey Metrodome,0.99,0.98,1.28,0.91,0.99,1.01,0.94,0.93,0.99,0.99,1.1,0.92
2008,Minnesota Twins,Hubert H. Humphrey Metrodome,0.98,1,1.24,0.97,1,0.99,0.89,0.95,0.99,1,1.05,0.96
2009,Minnesota Twins,Hubert H. Humphrey Metrodome,0.99,1,1.19,1,0.99,1.01,0.91,1.01,0.99,1.01,1.04,1.01
2010,Minnesota Twins,Target Field,1.01,0.99,1.03,0.84,1.01,1,0.98,0.91,1.01,0.99,1.01,0.88
2011,Minnesota Twins,Target Field,1.01,0.98,1.14,0.87,1.01,0.99,1.06,0.97,1.01,0.99,1.11,0.92
2012,Minnesota Twins,Target Field,1.01,0.98,1.12,0.9,1.01,1,1.06,1,1.01,0.99,1.09,0.95
2013,Minnesota Twins,Target Field,1.01,0.96,1.34,0.92,1.01,1.04,1.03,0.98,1.01,1,1.18,0.96
2014,Minnesota Twins,Target Field,1.01,0.95,1.08,0.94,1.01,1.04,0.9,0.97,1.01,1,1,0.96
2015,Minnesota Twins,Target Field,1,0.95,1.03,0.94,1.01,1.02,0.95,1.01,1.01,0.99,0.99,0.99
2016,Minnesota Twins,Target Field,1.01,0.98,0.98,0.97,1.01,1,0.99,1.05,1.01,0.99,0.99,1.02
2017,Minnesota Twins,Target Field,1.01,1,1.17,0.98,1.02,1.03,0.91,1.01,1.01,1.02,1.03,1
2018,Minnesota Twins,Target Field,1.02,1,1.2,0.98,1.02,1.08,0.91,0.98,1.02,1.04,1.05,0.98
2019,Minnesota Twins,Target Field,1.02,1,1.17,0.95,1.01,1.11,0.83,0.94,1.02,1.05,1,0.95
2020,Minnesota Twins,Target Field,0.99,1.05,0.97,0.95,0.99,1.05,0.97,0.95,0.99,1.05,0.97,0.95
2021,Minnesota Twins,Target Field,0.99,1.02,0.85,0.96,0.99,1.02,0.85,0.96,0.99,1.02,0.85,0.96
2022,Minnesota Twins,Target Field,1,1.05,0.92,0.98,1,1.05,0.92,0.98,1,1.05,0.92,0.98
1891,Milwaukee Brewers,Athletic Park,1.13,1,1,1.13,1.13,1,1,1.13,1.13,1,1,1.13
1878,Milwaukee Grays,Milwaukee Baseball Grounds,1.08,1,1,1.08,1.08,1,1,1.08,1.08,1,1,1.08
1884,Milwaukee Brewers,Wright Street Grounds,1,1,1,1,1,1,1,1,1,1,1,1
1872,Washington Nationals,Nationals Grounds,1.17,1,1,1.17,1.17,1,1,1.17,1.17,1,1,1.17
1914,Indianapolis Hoosiers,Federal League Park,1.06,1,1,1.06,1.06,1,1,1.06,1.06,1,1,1.06
1915,Newark Pepper,Harrison Park,0.96,1,1,0.96,0.96,1,1,0.96,0.96,1,1,0.96
1875,New Haven Elm Citys,Hamilton Park,1,1,1,1,1,1,1,1,1,1,1,1
1871,New York Mutuals,Union Grounds (Brooklyn),0.93,1,1,0.93,0.93,1,1,0.93,0.93,1,1,0.93
1872,New York Mutuals,Union Grounds (Brooklyn),0.94,1,1,0.94,0.94,1,1,0.94,0.94,1,1,0.94
1873,New York Mutuals,Union Grounds (Brooklyn),0.97,1,1,0.97,0.97,1,1,0.97,0.97,1,1,0.97
1874,New York Mutuals,Union Grounds (Brooklyn),1.01,1,1,1.01,1.01,1,1,1.01,1.01,1,1,1.01
1875,New York Mutuals,Union Grounds (Brooklyn),1.02,1,1,1.02,1.02,1,1,1.02,1.02,1,1,1.02
1890,New York Giants,Polo Grounds IV,1.05,1,1,1.05,1.05,1,1,1.05,1.05,1,1,1.05
1962,New York Mets,Polo Grounds,0.99,0.94,1.3,1.58,0.99,0.94,1.19,1.19,0.99,0.94,1.23,1.32
1963,New York Mets,Polo Grounds,0.99,0.94,1.3,1.58,0.99,0.94,1.19,1.19,0.99,0.94,1.23,1.32
1964,New York Mets,Shea Stadium,1.02,0.98,1.16,0.95,1,1,1.19,1.06,1,0.99,1.18,1.01
1965,New York Mets,Shea Stadium,1,0.98,1.19,1,0.99,0.99,1.07,1.08,0.99,0.98,1.12,1.05
1966,New York Mets,Shea Stadium,1,0.97,1.08,1.04,0.99,1.01,1.04,1.08,0.99,1,1.06,1.07
1967,New York Mets,Shea Stadium,0.99,1,1.03,1.1,0.98,1.02,0.93,1.13,0.98,1.01,0.97,1.12
1968,New York Mets,Shea Stadium,0.98,1,0.97,1.06,0.99,1.05,0.95,1.09,0.99,1.03,0.96,1.08
1969,New York Mets,Shea Stadium,1,1.02,1.01,1.13,0.98,1.03,0.95,1.07,0.99,1.02,0.98,1.08
1970,New York Mets,Shea Stadium,1,0.99,1.03,1.19,0.98,1.01,1.05,0.98,0.99,1,1.04,1.03
1971,New York Mets,Shea Stadium,1.01,1.01,0.98,1.15,0.98,0.99,1.03,0.94,0.99,1,1.01,1
1972,New York Mets,Shea Stadium,0.99,0.99,0.99,1.05,0.99,1.02,0.92,0.9,0.99,1.01,0.95,0.96
1973,New York Mets,Shea Stadium,1,1.03,0.94,0.97,1,1.01,0.91,0.92,1,1.02,0.92,0.94
1974,New York Mets,Shea Stadium,0.99,1.01,0.99,1.02,0.99,1.02,0.93,0.94,0.99,1.01,0.95,0.97
1975,New York Mets,Shea Stadium,0.98,0.97,1,1.02,0.99,0.98,1,0.91,0.99,0.97,1,0.95
1976,New York Mets,Shea Stadium,0.97,0.95,0.97,1.07,0.98,1,0.89,0.92,0.98,0.98,0.93,0.97
1977,New York Mets,Shea Stadium,0.97,0.97,0.88,1.08,0.99,1.01,0.93,0.9,0.98,0.99,0.91,0.96
1978,New York Mets,Shea Stadium,0.98,0.98,0.83,1.02,0.98,1.01,0.96,0.94,0.98,1,0.91,0.97
1979,New York Mets,Shea Stadium,0.99,0.99,0.8,1.05,0.99,0.98,0.9,0.97,0.99,0.98,0.86,1
1980,New York Mets,Shea Stadium,0.99,0.99,0.86,0.99,0.99,0.97,0.85,1.03,0.99,0.98,0.85,1.02
1981,New York Mets,Shea Stadium,0.98,0.94,0.83,1.11,1.02,0.98,0.78,1.03,1.01,0.97,0.8,1.06
1982,New York Mets,Shea Stadium,0.97,0.93,0.8,1.08,1.03,0.96,0.83,1.04,1.01,0.95,0.81,1.06
1983,New York Mets,Shea Stadium,0.99,0.95,0.78,1.02,1.02,0.96,0.89,1.05,1.01,0.95,0.83,1.03
1984,New York Mets,Shea Stadium,1,0.97,0.78,0.98,1,0.95,0.9,1.04,1,0.96,0.83,1.01
1985,New York Mets,Shea Stadium,0.99,0.97,0.87,0.94,0.99,1.03,0.94,1.03,0.99,1,0.89,0.99
1986,New York Mets,Shea Stadium,1,0.94,0.95,0.93,0.99,1.03,0.8,1.03,0.99,0.98,0.88,0.99
1987,New York Mets,Shea Stadium,0.99,0.95,1.05,0.93,0.97,1,0.83,1,0.98,0.98,0.94,0.97
1988,New York Mets,Shea Stadium,1.02,0.94,1.04,0.94,0.97,0.95,0.83,1.01,0.99,0.95,0.93,0.97
1989,New York Mets,Shea Stadium,0.97,0.98,1.01,0.99,0.97,0.94,0.89,0.95,0.97,0.96,0.95,0.97
1990,New York Mets,Shea Stadium,0.99,0.97,1.05,1.01,0.99,0.96,0.98,0.97,0.99,0.96,1.01,0.99
1991,New York Mets,Shea Stadium,0.98,1.02,1.06,1.02,1,0.96,0.98,0.92,0.99,0.99,1.02,0.96
1992,New York Mets,Shea Stadium,0.99,0.99,0.98,0.99,1,0.94,1.09,0.96,1,0.96,1.03,0.97
1993,New York Mets,Shea Stadium,0.97,0.99,0.92,1,1.01,0.93,1.09,0.98,0.99,0.96,0.99,0.99
1994,New York Mets,Shea Stadium,0.99,0.92,0.96,1.05,1,0.95,1.17,0.98,1,0.94,1.05,1
1995,New York Mets,Shea Stadium,0.99,0.9,1.06,1.03,0.99,0.95,0.95,0.92,0.99,0.93,1.01,0.97
1996,New York Mets,Shea Stadium,0.99,0.93,1.06,1.03,0.99,1,0.92,0.89,0.99,0.97,0.99,0.95
1997,New York Mets,Shea Stadium,0.99,0.97,1.03,0.98,0.99,0.98,0.92,0.88,0.99,0.98,0.98,0.93
1998,New York Mets,Shea Stadium,1.02,0.98,1.01,0.98,0.98,0.99,0.99,0.92,0.99,0.98,1,0.94
1999,New York Mets,Shea Stadium,1.01,0.98,0.9,0.92,0.97,0.97,0.94,0.95,0.99,0.97,0.92,0.94
2000,New York Mets,Shea Stadium,0.99,0.96,0.87,0.91,0.98,0.97,0.92,0.96,0.98,0.97,0.91,0.94
2001,New York Mets,Shea Stadium,0.98,0.98,0.86,0.99,0.98,0.97,0.99,0.95,0.98,0.98,0.94,0.96
2002,New York Mets,Shea Stadium,1,0.99,0.8,1,0.98,0.99,1.02,0.93,0.99,0.99,0.92,0.96
2003,New York Mets,Shea Stadium,1.01,0.98,0.74,1.01,1,0.98,0.89,0.89,1,0.98,0.81,0.93
2004,New York Mets,Shea Stadium,1.03,0.97,0.7,0.94,1,0.99,0.86,0.9,1.01,0.98,0.77,0.92
2005,New York Mets,Shea Stadium,1.01,0.99,0.84,0.94,0.99,0.98,0.83,0.92,1,0.98,0.83,0.92
2006,New York Mets,Shea Stadium,1,0.99,0.97,0.95,0.97,1,0.91,0.95,0.98,0.99,0.95,0.95
2007,New York Mets,Shea Stadium,0.98,1.02,0.99,0.96,0.96,1,0.82,1,0.97,1.01,0.92,0.98
2008,New York Mets,Shea Stadium,0.98,1,0.95,0.99,0.96,1,0.83,1.02,0.97,1,0.9,1.01
2009,New York Mets,Citi Field,0.97,0.97,1.06,0.98,0.99,0.99,1.35,0.92,0.98,0.98,1.16,0.94
2010,New York Mets,Citi Field,0.99,0.98,1.13,0.95,0.98,0.99,1.17,0.89,0.99,0.98,1.14,0.92
2011,New York Mets,Citi Field,1.01,0.94,1.04,0.96,0.96,0.97,1.03,0.9,0.98,0.96,1.04,0.93
2012,New York Mets,Citi Field,0.98,0.96,1.11,0.99,0.96,0.98,0.79,1,0.97,0.97,0.96,1
2013,New York Mets,Citi Field,0.95,1,0.91,1.01,0.97,0.99,0.83,1.07,0.96,0.99,0.87,1.04
2014,New York Mets,Citi Field,0.94,1.05,0.91,1.05,0.98,1,0.92,1,0.96,1.02,0.91,1.02
2015,New York Mets,Citi Field,0.95,1.07,0.84,1.04,0.97,0.99,0.88,1.01,0.96,1.02,0.86,1.03
2016,New York Mets,Citi Field,0.96,1.03,0.93,1.01,0.96,0.97,0.81,0.97,0.96,1,0.87,0.99
2017,New York Mets,Citi Field,0.96,0.97,0.89,0.95,0.95,0.95,0.84,1.01,0.95,0.96,0.87,0.98
2018,New York Mets,Citi Field,0.97,0.92,0.86,0.95,0.95,0.99,0.91,1,0.96,0.96,0.88,0.98
2019,New York Mets,Citi Field,0.98,0.87,0.8,0.98,0.95,0.99,0.97,1.04,0.96,0.94,0.88,1.01
2020,New York Mets,Citi Field,0.98,0.99,0.8,1.03,0.98,0.99,0.8,1.03,0.98,0.99,0.8,1.03
2021,New York Mets,Citi Field,0.98,0.96,0.85,0.98,0.98,0.96,0.85,0.98,0.98,0.96,0.85,0.98
2022,New York Mets,Citi Field,0.98,0.96,0.85,0.97,0.98,0.96,0.85,0.97,0.98,0.96,0.85,0.97
1883,New York Metropolitans,Polo Grounds I West Diamond,0.98,1,1,0.98,0.98,1,1,0.98,0.98,1,1,0.98
1884,New York Metropolitans,Polo Grounds I West Diamond,0.96,1,1,0.96,0.96,1,1,0.96,0.96,1,1,0.96
1885,New York Metropolitans,Polo Grounds I West Diamond,0.92,1,1,0.92,0.92,1,1,0.92,0.92,1,1,0.92
1886,New York Metropolitans,St. George Cricket Grounds,0.98,1,1,0.98,0.98,1,1,0.98,0.98,1,1,0.98
1887,New York Metropolitans,St. George Cricket Grounds,0.98,1,1,0.98,0.98,1,1,0.98,0.98,1,1,0.98
1876,New York Mutuals,Union Grounds (Brooklyn),0.94,1,1,0.94,0.94,1,1,0.94,0.94,1,1,0.94
1901,Baltimore Orioles,Oriole Park,1.03,0.91,1.11,1.05,1.03,0.91,1.11,1.05,1.03,0.91,1.11,1.05
1902,Baltimore Orioles,Oriole Park,1.03,0.91,1.11,1.05,1.03,0.91,1.11,1.05,1.03,0.91,1.11,1.05
1903,New York Highlanders,Hilltop Park,1,1.01,1.12,1.58,1,1.01,1.12,1.58,1,1.01,1.12,1.58
1904,New York Highlanders,Hilltop Park,1.01,0.95,1.18,1.5,1.01,0.95,1.18,1.5,1.01,0.95,1.18,1.5
1905,New York Highlanders,Hilltop Park,1.03,0.8,1,1.58,1.03,0.97,1.56,1.27,1.02,0.9,1.32,1.67
1906,New York Highlanders,Hilltop Park,1.04,0.84,1.08,1.41,1.04,0.96,1.41,1.31,1.04,0.93,1.29,1.28
1907,New York Highlanders,Hilltop Park,1.01,0.87,1.12,1.5,1.04,1.04,1.22,1.24,1.03,1,1.18,1.34
1908,New York Highlanders,Hilltop Park,0.99,0.95,1.2,1.31,1.04,1.02,1.05,1.24,1.02,1.01,1.11,1.29
1909,New York Highlanders,Hilltop Park,0.96,0.96,1.25,1.31,1.02,1.05,1.1,1.12,1.01,1.03,1.15,1.23
1910,New York Highlanders,Hilltop Park,1.01,1,1.21,0.9,1.03,1.06,1.17,1.19,1.02,1.05,1.18,1.1
1911,New York Highlanders,Hilltop Park,1.03,0.93,1.18,1.08,1.03,1.02,1.19,1.24,1.03,1,1.19,1.2
1912,New York Highlanders,Polo Grounds,1.05,0.93,1.12,1.08,1.04,1.02,1.11,1.36,1.04,1,1.13,1.24
1913,New York Yankees,Polo Grounds,0.98,0.98,0.83,1.93,1,0.99,0.82,1.59,0.99,1,0.83,1.73
1914,New York Yankees,Polo Grounds,0.99,0.94,0.86,2.4,0.99,0.97,0.86,1.87,0.99,0.96,0.86,2.1
1915,New York Yankees,Polo Grounds,1,0.95,0.81,2.13,0.98,0.98,0.83,1.63,0.99,0.97,0.82,1.81
1916,New York Yankees,Polo Grounds,1,0.88,0.91,2.11,0.98,0.95,0.97,1.66,0.99,0.92,0.94,1.88
1917,New York Yankees,Polo Grounds,1,0.92,0.89,1.76,1,0.96,0.91,1.45,0.99,0.94,0.89,1.59
1918,New York Yankees,Polo Grounds,0.99,0.93,0.87,1.76,1,0.96,0.91,1.6,0.99,0.96,0.89,1.71
1919,New York Yankees,Polo Grounds,0.97,0.94,0.83,1.32,0.98,0.98,0.95,1.64,0.97,0.97,0.89,1.47
1920,New York Yankees,Polo Grounds,0.97,0.88,0.96,1.33,0.97,0.98,1.05,1.53,0.97,0.95,1,1.41
1921,New York Yankees,Polo Grounds,0.96,0.85,1.01,1.27,0.97,0.96,1.07,1.46,0.96,0.91,1.04,1.35
1922,New York Yankees,Polo Grounds,0.97,0.82,1.07,1.28,0.97,0.92,1.02,1.3,0.97,0.88,1.04,1.29
1923,New York Yankees,Yankee Stadium,0.97,0.92,1.11,1.47,0.98,0.9,1.46,1.41,0.98,0.9,1.28,1.44
1924,New York Yankees,Yankee Stadium,0.97,0.92,1.15,1.45,0.98,0.9,1.45,1.24,0.98,0.91,1.29,1.34
1925,New York Yankees,Yankee Stadium,0.96,0.89,1.18,1.32,0.98,0.92,1.56,1.09,0.98,0.9,1.36,1.21
1926,New York Yankees,Yankee Stadium,0.97,0.85,1.06,1.19,0.97,0.95,1.44,1.11,0.98,0.9,1.23,1.15
1927,New York Yankees,Yankee Stadium,0.96,0.83,1.03,1.13,0.97,0.93,1.25,1.17,0.97,0.88,1.13,1.14
1928,New York Yankees,Yankee Stadium,0.97,0.85,1.08,1.17,0.98,0.9,1.05,1.14,0.97,0.86,1.05,1.15
1929,New York Yankees,Yankee Stadium,0.95,0.9,1.13,1.17,0.97,0.86,1.02,0.99,0.96,0.88,1.06,1.1
1930,New York Yankees,Yankee Stadium,0.95,0.93,1.15,1.16,0.98,0.88,1.05,1,0.97,0.9,1.09,1.1
1931,New York Yankees,Yankee Stadium,0.95,0.91,1.16,1.11,0.98,0.89,1.13,0.99,0.96,0.9,1.14,1.07
1932,New York Yankees,Yankee Stadium,0.95,0.9,1.11,1.14,0.98,0.89,1.07,0.97,0.96,0.89,1.09,1.07
1933,New York Yankees,Yankee Stadium,0.96,0.85,1.07,1.18,0.96,0.86,1.06,0.9,0.96,0.86,1.07,1.06
1934,New York Yankees,Yankee Stadium,0.96,0.87,0.96,1.34,0.96,0.88,1.07,0.89,0.96,0.88,1.02,1.12
1935,New York Yankees,Yankee Stadium,0.96,0.88,0.94,1.31,0.96,0.88,1.15,0.86,0.96,0.88,1.04,1.07
1936,New York Yankees,Yankee Stadium,0.95,0.88,0.88,1.38,0.98,0.93,1.17,0.82,0.97,0.91,1.02,1.04
1937,New York Yankees,Yankee Stadium,0.95,0.87,0.91,1.48,0.99,0.96,1.16,0.83,0.97,0.92,1.04,1.06
1938,New York Yankees,Yankee Stadium,0.95,0.88,0.84,1.64,1,1.01,1.16,0.85,0.97,0.95,1.01,1.1
1939,New York Yankees,Yankee Stadium,0.95,0.9,0.85,1.61,0.97,1,1.14,0.9,0.96,0.95,0.99,1.14
1940,New York Yankees,Yankee Stadium,0.96,0.92,0.84,1.33,0.96,0.94,1.08,0.92,0.96,0.93,0.96,1.08
1941,New York Yankees,Yankee Stadium,0.96,0.9,0.9,1.36,0.96,0.91,1.12,0.93,0.96,0.9,1.01,1.11
1942,New York Yankees,Yankee Stadium,0.96,0.91,0.96,1.35,0.97,0.89,1.13,0.96,0.97,0.9,1.05,1.14
1943,New York Yankees,Yankee Stadium,0.96,0.9,0.95,1.51,0.99,0.89,1.34,0.94,0.97,0.9,1.17,1.19
1944,New York Yankees,Yankee Stadium,0.96,0.91,0.97,1.61,0.99,0.9,1.32,1.12,0.98,0.9,1.19,1.36
1945,New York Yankees,Yankee Stadium,0.97,0.92,0.84,1.6,0.99,0.91,1.36,0.97,0.98,0.91,1.14,1.24
1946,New York Yankees,Yankee Stadium,0.95,0.91,0.87,1.48,0.98,0.92,1.26,0.92,0.97,0.92,1.08,1.16
1947,New York Yankees,Yankee Stadium,0.95,0.94,0.92,1.31,0.98,0.93,1.24,0.85,0.97,0.93,1.08,1.04
1948,New York Yankees,Yankee Stadium,0.95,0.92,0.99,1.37,0.98,0.93,1.18,0.9,0.96,0.92,1.09,1.1
1949,New York Yankees,Yankee Stadium,0.96,0.89,1.03,1.33,0.99,0.93,1.13,0.87,0.98,0.91,1.08,1.05
1950,New York Yankees,Yankee Stadium,0.95,0.87,0.95,1.26,0.98,0.92,1.06,0.85,0.97,0.9,1.01,1.04
1951,New York Yankees,Yankee Stadium,0.95,0.85,0.97,1.21,0.98,0.91,1.03,0.81,0.97,0.88,1,0.99
1952,New York Yankees,Yankee Stadium,0.94,0.84,1.02,1.2,0.97,0.89,1,0.8,0.96,0.87,1.01,0.98
1953,New York Yankees,Yankee Stadium,0.96,0.81,1.19,1.24,0.97,0.89,1.12,0.8,0.96,0.86,1.15,0.98
1954,New York Yankees,Yankee Stadium,0.97,0.85,1.1,1.2,0.97,0.93,1.31,0.81,0.97,0.9,1.22,0.95
1955,New York Yankees,Yankee Stadium,0.99,0.91,1.06,1.23,0.98,0.95,1.34,0.8,0.98,0.94,1.22,0.95
1956,New York Yankees,Yankee Stadium,0.99,0.99,1.1,1.13,0.98,0.96,1.38,0.8,0.98,0.97,1.29,0.92
1957,New York Yankees,Yankee Stadium,1.01,0.94,1.17,1.12,0.99,0.94,1.27,0.83,1,0.94,1.24,0.93
1958,New York Yankees,Yankee Stadium,0.99,0.89,1.07,1.06,0.99,0.92,1.3,0.81,0.99,0.91,1.22,0.9
1959,New York Yankees,Yankee Stadium,0.99,0.9,1.01,1.09,1,0.95,1.31,0.81,1,0.93,1.17,0.91
1960,New York Yankees,Yankee Stadium,0.98,0.9,0.94,1.03,0.98,0.96,1.45,0.81,0.98,0.94,1.22,0.9
1961,New York Yankees,Yankee Stadium,0.95,0.93,0.99,1.1,0.99,1,1.32,0.82,0.98,0.97,1.18,0.94
1962,New York Yankees,Yankee Stadium,0.97,0.93,0.92,1.13,0.99,1,1.36,0.81,0.98,0.98,1.19,0.95
1963,New York Yankees,Yankee Stadium,0.97,0.96,1,1.15,1,1.02,1.41,0.78,0.99,1,1.25,0.93
1964,New York Yankees,Yankee Stadium,1.01,1.02,1.03,1.11,1,1.01,1.59,0.8,1.01,1.02,1.34,0.94
1965,New York Yankees,Yankee Stadium,1,0.98,1.09,1.09,0.99,1.01,1.37,0.81,1,1,1.25,0.93
1966,New York Yankees,Yankee Stadium,0.98,1.02,1.02,1.17,0.97,0.98,1.18,0.81,0.97,1,1.11,0.97
1967,New York Yankees,Yankee Stadium,0.98,1,1.08,1.2,0.96,1.01,1.03,0.81,0.97,1,1.05,0.97
1968,New York Yankees,Yankee Stadium,0.98,1.01,1.07,1.19,0.95,1.02,1.12,0.81,0.96,1.02,1.1,0.97
1969,New York Yankees,Yankee Stadium,0.98,1.02,1.12,1.22,0.97,0.97,1.14,0.75,0.97,0.99,1.13,0.93
1970,New York Yankees,Yankee Stadium,0.98,1.01,1.11,1.17,0.96,0.96,1.2,0.73,0.97,0.98,1.15,0.91
1971,New York Yankees,Yankee Stadium,0.98,1.07,1.12,1.22,0.97,0.93,1.24,0.73,0.98,0.98,1.18,0.92
1972,New York Yankees,Yankee Stadium,0.98,1.03,1.15,1.21,0.97,1,1.44,0.76,0.98,1.01,1.3,0.95
1973,New York Yankees,Yankee Stadium,0.96,1.03,1.05,1.32,0.98,0.99,1.8,0.75,0.97,1,1.39,0.97
1974,New York Yankees,Shea Stadium,1,1.01,1.11,1.02,0.98,1.06,0.86,0.94,0.99,1.04,0.98,0.98
1975,New York Yankees,Shea Stadium,1,1.01,1.11,1.02,0.98,1.06,0.86,0.94,0.99,1.04,0.98,0.98
1976,New York Yankees,Yankee Stadium,0.99,0.96,1.02,1.15,1,1.04,0.97,0.8,1,1,1,0.98
1977,New York Yankees,Yankee Stadium,0.98,0.95,1.11,1.15,0.99,1.01,1,0.84,0.99,0.98,1.05,1.01
1978,New York Yankees,Yankee Stadium,0.98,1.01,0.98,1.09,0.98,1.03,1.04,0.86,0.98,1.02,1.01,0.99
1979,New York Yankees,Yankee Stadium,1,0.93,1.01,1.12,0.99,1.02,1.18,0.86,0.99,0.98,1.1,1.01
1980,New York Yankees,Yankee Stadium,1.01,0.92,0.93,1.16,1,1.03,1.21,0.79,1.01,0.98,1.08,0.96
1981,New York Yankees,Yankee Stadium,1.02,0.88,1.23,1.17,1,0.95,1.29,0.77,1.01,0.92,1.27,0.94
1982,New York Yankees,Yankee Stadium,1,1,1.01,1.19,1,0.93,1.23,0.79,1,0.95,1.14,0.92
1983,New York Yankees,Yankee Stadium,1,0.99,0.92,1.1,0.98,0.91,1.23,0.82,0.99,0.94,1.09,0.92
1984,New York Yankees,Yankee Stadium,1,0.95,0.89,1.05,0.98,0.94,1.13,0.86,0.99,0.94,1.02,0.94
1985,New York Yankees,Yankee Stadium,0.99,0.93,0.92,1.06,1,0.95,1.04,0.93,0.99,0.94,0.99,0.99
1986,New York Yankees,Yankee Stadium,1,0.93,0.94,1.05,1,0.99,0.99,0.98,1,0.96,0.97,1.01
1987,New York Yankees,Yankee Stadium,1,0.95,0.83,1.11,0.99,0.97,0.96,0.97,0.99,0.96,0.9,1.02
1988,New York Yankees,Yankee Stadium,1.03,0.94,0.76,1.18,0.99,0.98,0.91,0.94,1,0.96,0.85,1.03
1989,New York Yankees,Yankee Stadium,1.03,0.95,0.79,1.24,0.98,1,0.87,0.92,1,0.98,0.84,1.01
1990,New York Yankees,Yankee Stadium,1.01,0.95,0.74,1.2,0.99,1.04,0.84,0.96,1,1,0.8,1.05
1991,New York Yankees,Yankee Stadium,0.99,0.96,0.78,1.19,0.98,1.03,0.89,0.97,0.99,1,0.84,1.05
1992,New York Yankees,Yankee Stadium,0.98,0.96,0.76,1.17,0.98,0.96,0.87,1,0.98,0.96,0.82,1.07
1993,New York Yankees,Yankee Stadium,1,0.94,0.89,1.13,0.96,0.96,0.88,0.97,0.98,0.95,0.89,1.02
1994,New York Yankees,Yankee Stadium,1.02,0.96,0.92,1.06,0.96,0.96,0.87,0.98,0.99,0.96,0.89,1.01
1995,New York Yankees,Yankee Stadium,1.02,0.95,0.89,1.06,0.99,0.99,0.85,0.96,1,0.97,0.87,1
1996,New York Yankees,Yankee Stadium,1,0.96,0.86,1.03,1.01,0.98,1,0.98,1,0.97,0.92,1
1997,New York Yankees,Yankee Stadium,0.99,0.96,0.83,1,1,1.01,0.91,0.95,1,0.98,0.87,0.97
1998,New York Yankees,Yankee Stadium,0.97,0.97,0.82,0.94,1,1.02,0.93,0.96,0.99,1,0.88,0.95
1999,New York Yankees,Yankee Stadium,0.98,0.99,0.8,1.01,0.99,1.02,0.84,0.97,0.99,1.01,0.82,0.99
2000,New York Yankees,Yankee Stadium,0.98,1,0.84,1.07,0.98,1,0.83,1.03,0.98,1,0.84,1.05
2001,New York Yankees,Yankee Stadium,1,0.99,0.85,1.15,0.97,1.01,0.88,1.04,0.98,1,0.87,1.09
2002,New York Yankees,Yankee Stadium,1,0.96,0.8,1.09,0.97,0.99,0.91,1,0.98,0.98,0.86,1.04
2003,New York Yankees,Yankee Stadium,0.98,0.93,0.71,1.04,0.99,0.98,1.04,0.99,0.99,0.96,0.85,1.02
2004,New York Yankees,Yankee Stadium,0.99,0.93,0.84,1.04,1.01,0.94,0.93,1,1,0.94,0.88,1.02
2005,New York Yankees,Yankee Stadium,0.98,0.96,0.81,1.05,1.01,0.96,0.91,1.03,1,0.96,0.85,1.04
2006,New York Yankees,Yankee Stadium,0.99,0.95,0.85,1.1,1.01,0.97,0.84,1.02,1,0.96,0.85,1.05
2007,New York Yankees,Yankee Stadium,0.98,0.97,0.83,1.1,1,1.02,0.88,0.98,0.99,0.99,0.85,1.04
2008,New York Yankees,Yankee Stadium,0.99,0.94,0.88,1.12,1.01,1.03,0.91,0.96,1,0.98,0.88,1.04
2009,New York Yankees,Yankee Stadium,0.99,0.99,0.84,1.2,0.99,0.96,0.73,1.12,0.99,0.97,0.81,1.16
2010,New York Yankees,Yankee Stadium,0.99,0.98,0.87,1.21,1,0.97,0.79,1.09,0.99,0.98,0.85,1.15
2011,New York Yankees,Yankee Stadium,0.98,1.01,0.82,1.26,1,1,0.94,1.02,0.99,1,0.85,1.14
2012,New York Yankees,Yankee Stadium,1,0.98,0.81,1.13,1,0.99,0.94,1.06,1,0.98,0.84,1.1
2013,New York Yankees,Yankee Stadium,1.01,0.97,0.75,1.15,0.98,0.97,0.88,1.11,1,0.97,0.78,1.13
2014,New York Yankees,Yankee Stadium,1.01,0.99,0.8,1.14,0.99,0.94,0.82,1.15,1,0.96,0.81,1.14
2015,New York Yankees,Yankee Stadium,0.98,1.01,0.81,1.23,0.99,0.92,0.75,1.14,0.98,0.97,0.79,1.18
2016,New York Yankees,Yankee Stadium,0.96,1.02,0.85,1.22,0.99,0.93,0.82,1.12,0.97,0.97,0.84,1.16
2017,New York Yankees,Yankee Stadium,0.98,0.97,0.82,1.2,1.01,0.93,0.86,1.11,1,0.95,0.83,1.14
2018,New York Yankees,Yankee Stadium,0.99,0.95,0.75,1.1,1,0.92,1.03,1.03,0.99,0.93,0.86,1.05
2019,New York Yankees,Yankee Stadium,1.01,0.94,0.72,1.03,1,0.9,1.13,1,1.01,0.92,0.83,1.01
2020,New York Yankees,Yankee Stadium,0.98,0.93,0.85,1.04,0.98,0.93,0.85,1.04,0.98,0.93,0.85,1.04
2021,New York Yankees,Yankee Stadium,0.98,0.99,0.94,1.08,0.98,0.99,0.94,1.08,0.98,0.99,0.94,1.08
2022,New York Yankees,Yankee Stadium,0.98,0.99,0.82,1.07,0.98,0.99,0.82,1.07,0.98,0.99,0.82,1.07
1901,Philadelphia Athletics,Columbia Park,1.05,1.13,0.79,0.89,1.05,1.13,0.79,0.89,1.05,1.13,0.79,0.89
1902,Philadelphia Athletics,Columbia Park,1.04,1.08,0.81,0.93,1.04,1.08,0.81,0.93,1.04,1.08,0.81,0.93
1903,Philadelphia Athletics,Columbia Park,1.03,1.09,0.85,0.98,1.03,1.09,0.85,0.98,1.03,1.09,0.85,0.98
1904,Philadelphia Athletics,Columbia Park,1.03,1.1,0.88,1.1,1.03,1.1,0.88,1.1,1.03,1.1,0.88,1.1
1905,Philadelphia Athletics,Columbia Park,1.04,1.03,0.82,1.78,1.03,1.12,0.77,1.17,1.02,1.13,0.83,1.23
1906,Philadelphia Athletics,Columbia Park,1.05,1.15,0.85,1.89,1.04,1.14,0.8,1.15,1.04,1.14,0.81,1.27
1907,Philadelphia Athletics,Columbia Park,1.02,1.19,0.79,1.11,1.04,1.15,0.81,1.26,1.04,1.16,0.8,1.22
1908,Philadelphia Athletics,Columbia Park,1.05,1.26,0.82,1.07,1.06,1.19,0.89,1.16,1.06,1.21,0.85,1.13
1909,Philadelphia Athletics,Shibe Park,1.05,0.99,1.12,1.05,1.01,0.91,1.33,0.79,1.03,0.94,1.22,0.83
1910,Philadelphia Athletics,Shibe Park,1.03,0.99,1.1,1.1,1.01,0.95,1.19,0.68,1.02,0.97,1.14,0.78
1911,Philadelphia Athletics,Shibe Park,1.02,0.98,1.24,1.03,1.01,0.95,1.05,0.71,1.02,0.96,1.12,0.81
1912,Philadelphia Athletics,Shibe Park,1,0.99,1.01,1.09,1.01,0.96,0.94,0.9,1.01,0.97,0.97,0.95
1913,Philadelphia Athletics,Shibe Park,1.01,0.97,0.97,1.1,1.01,0.95,0.85,1.44,1.01,0.96,0.91,1.22
1914,Philadelphia Athletics,Shibe Park,1.01,0.97,0.91,1.2,0.98,0.97,0.85,1.7,1,0.97,0.9,1.4
1915,Philadelphia Athletics,Shibe Park,1.02,0.95,1.02,1.28,0.97,0.99,0.88,1.76,0.99,0.97,0.97,1.61
1916,Philadelphia Athletics,Shibe Park,1,0.95,1.04,1.34,0.96,0.95,1.05,2,0.98,0.95,1.08,1.7
1917,Philadelphia Athletics,Shibe Park,0.99,0.92,1.02,1.2,0.98,0.96,1.14,1.92,0.99,0.94,1.1,1.59
1918,Philadelphia Athletics,Shibe Park,0.99,0.93,1,1.14,1,0.97,1.09,2.22,1,0.94,1.06,1.74
1919,Philadelphia Athletics,Shibe Park,0.99,0.94,1.04,1.24,1,0.98,0.91,2.43,1,0.96,0.96,1.85
1920,Philadelphia Athletics,Shibe Park,1,1.03,0.99,1.31,0.99,0.94,0.83,2.58,0.99,0.98,0.88,1.99
1921,Philadelphia Athletics,Shibe Park,0.99,1.08,0.88,1.35,0.98,0.95,0.87,2.4,0.99,0.99,0.87,1.94
1922,Philadelphia Athletics,Shibe Park,1,1.06,0.82,1.1,1,0.99,0.83,1.92,1,1.01,0.83,1.57
1923,Philadelphia Athletics,Shibe Park,0.98,0.98,0.76,1.02,1.02,0.99,0.87,1.62,1.01,0.98,0.83,1.33
1924,Philadelphia Athletics,Shibe Park,1,0.97,0.7,0.9,1.03,0.99,0.81,1.2,1.02,0.98,0.76,1.04
1925,Philadelphia Athletics,Shibe Park,1.02,0.99,0.75,1.07,1.03,0.97,0.89,1.22,1.03,0.98,0.82,1.14
1926,Philadelphia Athletics,Shibe Park,1.02,1.02,0.83,1.03,1.02,0.97,0.9,1.2,1.02,1,0.86,1.12
1927,Philadelphia Athletics,Shibe Park,1.02,1.03,0.99,1.1,1.01,1.01,0.91,1.17,1.01,1.02,0.94,1.15
1928,Philadelphia Athletics,Shibe Park,1,1.04,1.06,1.07,0.99,0.98,0.96,1.21,1,1.02,1,1.17
1929,Philadelphia Athletics,Shibe Park,1.01,1.04,1.02,1.18,1,1,1.05,1.28,1,1.02,1.04,1.25
1930,Philadelphia Athletics,Shibe Park,1,1.01,0.99,1.19,1,0.97,1.08,1.24,1,0.99,1.03,1.22
1931,Philadelphia Athletics,Shibe Park,1.02,1.01,0.97,1.25,1.01,0.99,0.95,1.31,1.01,1,0.96,1.29
1932,Philadelphia Athletics,Shibe Park,1.02,0.98,0.96,1.27,1,0.96,0.84,1.31,1,0.96,0.88,1.29
1933,Philadelphia Athletics,Shibe Park,1.01,1,0.93,1.36,0.98,0.97,0.84,1.31,0.99,0.97,0.88,1.32
1934,Philadelphia Athletics,Shibe Park,0.99,1.01,0.93,1.18,0.99,0.98,0.84,1.23,0.99,0.98,0.88,1.21
1935,Philadelphia Athletics,Shibe Park,0.98,1.05,1.1,1,0.99,1.02,0.98,1.26,0.99,1.02,1.02,1.18
1936,Philadelphia Athletics,Shibe Park,1,1.06,1.17,0.84,0.98,1.02,0.99,1.27,0.98,1.03,1.06,1.1
1937,Philadelphia Athletics,Shibe Park,1.01,1.03,1.12,0.81,0.96,1,1.07,1.23,0.98,1.01,1.1,1.04
1938,Philadelphia Athletics,Shibe Park,1,1.04,1.2,0.78,0.97,0.97,1.05,1.18,0.98,0.99,1.12,1
1939,Philadelphia Athletics,Shibe Park,1.01,1.04,1.23,0.78,0.99,0.95,0.99,1.13,1,0.99,1.09,0.99
1940,Philadelphia Athletics,Shibe Park,1.02,1.06,1.29,0.83,1,0.93,0.96,1.12,1.01,0.98,1.1,1.01
1941,Philadelphia Athletics,Shibe Park,1.03,1.05,1.19,0.82,1.01,0.98,0.88,1.11,1.02,1.01,1.02,0.99
1942,Philadelphia Athletics,Shibe Park,1.04,1.04,1.14,0.84,1.01,1.02,0.89,1.17,1.02,1.03,1.01,1.01
1943,Philadelphia Athletics,Shibe Park,1.02,1.02,1.21,0.78,1.02,1.04,0.91,1.16,1.02,1.03,1.04,0.97
1944,Philadelphia Athletics,Shibe Park,1,1.04,1.23,0.79,1,1.01,1.01,1.04,1,1.02,1.09,0.93
1945,Philadelphia Athletics,Shibe Park,1,1.09,1.4,0.77,1,1.03,1.07,1.05,1,1.06,1.19,0.92
1946,Philadelphia Athletics,Shibe Park,1.01,1.13,1.17,0.73,0.98,1,1.12,1.18,0.99,1.06,1.15,0.94
1947,Philadelphia Athletics,Shibe Park,1,1.14,1.09,0.74,1,0.95,1.16,1.25,1,1.03,1.12,1
1948,Philadelphia Athletics,Shibe Park,1,1.09,0.98,0.73,0.99,0.91,1.13,1.18,1,0.98,1.05,0.98
1949,Philadelphia Athletics,Shibe Park,1,1.06,0.95,0.76,1,0.95,0.99,1.08,1,1,0.97,0.96
1950,Philadelphia Athletics,Shibe Park,1.03,1.06,1.03,0.74,1,0.99,1,1.1,1.01,1.02,1.02,0.96
1951,Philadelphia Athletics,Shibe Park,1.06,1.09,1.03,0.75,1.01,0.98,1.1,1.19,1.02,1.02,1.07,1.03
1952,Philadelphia Athletics,Shibe Park,1.07,1.09,1,0.76,1.02,0.95,1.43,1.24,1.04,1,1.2,1.06
1953,Philadelphia Athletics,Shibe Park,1.06,1.11,0.93,0.83,1.01,0.98,1.21,1.23,1.03,1.03,1.09,1.09
1954,Philadelphia Athletics,Shibe Park,1.04,1.12,0.88,0.85,1,1.01,1.11,1.19,1.01,1.04,1.02,1.07
1955,Kansas City Athletics,Municipal Stadium,1,1,1.02,1.07,0.98,1.06,1,1.32,0.99,1.04,1.01,1.24
1956,Kansas City Athletics,Municipal Stadium,0.99,1.02,1.02,1.02,0.98,1.06,0.96,1.24,0.98,1.05,0.99,1.17
1957,Kansas City Athletics,Municipal Stadium,0.98,1.08,1.03,1.08,0.98,1.07,0.97,1.24,0.98,1.07,1,1.19
1958,Kansas City Athletics,Municipal Stadium,1,1.13,1.02,0.97,0.99,1.03,0.94,1.23,0.99,1.06,0.97,1.14
1959,Kansas City Athletics,Municipal Stadium,1,1.09,1,1,0.99,1.03,1.06,1.2,1,1.05,1.03,1.13
1960,Kansas City Athletics,Municipal Stadium,1,1,0.98,0.94,1.01,1.02,1.17,0.98,1.01,1.02,1.08,0.97
1961,Kansas City Athletics,Municipal Stadium,1,0.97,1.18,1.02,1.01,1.02,1.42,0.99,1.01,1,1.3,1.01
1962,Kansas City Athletics,Municipal Stadium,1.01,0.97,1.33,1.04,1.03,0.98,1.31,1.04,1.02,0.98,1.32,1.04
1963,Kansas City Athletics,Municipal Stadium,1.02,0.96,1.26,1.13,1.02,0.97,1.08,1.27,1.02,0.97,1.15,1.21
1964,Kansas City Athletics,Municipal Stadium,1.02,0.98,1.18,1.1,1.01,1,1.06,1.08,1.02,0.99,1.11,1.09
1965,Kansas City Athletics,Municipal Stadium,1.05,0.97,1.17,0.97,1.01,1.05,1.24,0.95,1.02,1.02,1.22,0.96
1966,Kansas City Athletics,Municipal Stadium,1.05,1.02,1.48,0.79,1.02,1.1,1.5,0.73,1.03,1.07,1.49,0.75
1967,Kansas City Athletics,Municipal Stadium,1.06,1,1.55,0.66,1.04,1.11,1.62,0.71,1.05,1.07,1.59,0.69
1968,Oakland Athletics,Oakland-Alameda County Coliseum,1,0.99,0.74,0.87,1,0.98,0.84,0.94,1,0.98,0.79,0.91
1969,Oakland Athletics,Oakland-Alameda County Coliseum,1,0.98,0.75,0.86,1,0.98,0.81,0.97,1,0.98,0.78,0.92
1970,Oakland Athletics,Oakland-Alameda County Coliseum,0.99,1.01,0.79,0.96,0.97,0.98,0.77,1.01,0.98,0.99,0.78,0.99
1971,Oakland Athletics,Oakland-Alameda County Coliseum,0.99,1,0.89,1.01,0.97,1,0.77,1.04,0.98,1,0.81,1.03
1972,Oakland Athletics,Oakland-Alameda County Coliseum,0.97,0.97,1.02,1.1,0.96,0.95,0.82,1.03,0.96,0.95,0.88,1.06
1973,Oakland Athletics,Oakland-Alameda County Coliseum,0.97,0.92,1.02,1.01,0.96,0.91,0.82,1.02,0.97,0.91,0.86,1.02
1974,Oakland Athletics,Oakland-Alameda County Coliseum,0.97,0.91,0.95,0.96,0.97,0.89,0.91,1,0.97,0.9,0.92,0.98
1975,Oakland Athletics,Oakland-Alameda County Coliseum,0.98,0.96,0.9,0.94,0.98,0.92,0.91,1.04,0.98,0.93,0.91,1.01
1976,Oakland Athletics,Oakland-Alameda County Coliseum,0.98,0.96,0.89,0.95,0.96,0.93,0.94,1.02,0.97,0.94,0.92,0.99
1977,Oakland Athletics,Oakland-Alameda County Coliseum,1,0.98,0.88,0.97,0.95,0.94,0.87,1.04,0.97,0.96,0.87,1.01
1978,Oakland Athletics,Oakland-Alameda County Coliseum,0.99,0.92,0.95,0.91,0.95,0.94,0.9,0.97,0.96,0.93,0.92,0.94
1979,Oakland Athletics,Oakland-Alameda County Coliseum,0.99,0.9,0.94,0.87,0.95,0.95,0.89,0.95,0.97,0.93,0.91,0.91
1980,Oakland Athletics,Oakland-Alameda County Coliseum,0.97,0.88,0.9,0.84,0.97,0.92,0.91,1.01,0.97,0.9,0.91,0.93
1981,Oakland Athletics,Oakland-Alameda County Coliseum,0.98,0.93,0.84,0.87,0.98,0.89,0.84,1.01,0.98,0.91,0.84,0.95
1982,Oakland Athletics,Oakland-Alameda County Coliseum,0.96,0.95,0.85,0.89,0.98,0.87,0.8,1,0.97,0.9,0.82,0.95
1983,Oakland Athletics,Oakland-Alameda County Coliseum,0.97,0.93,0.83,0.86,0.97,0.89,0.81,0.98,0.97,0.91,0.82,0.93
1984,Oakland Athletics,Oakland-Alameda County Coliseum,0.97,0.94,0.83,0.83,0.97,0.93,0.83,0.96,0.97,0.93,0.83,0.91
1985,Oakland Athletics,Oakland-Alameda County Coliseum,0.98,0.91,0.79,0.86,0.96,0.93,0.83,0.96,0.97,0.92,0.81,0.92
1986,Oakland Athletics,Oakland-Alameda County Coliseum,0.98,0.97,0.82,0.86,0.95,0.92,0.85,0.93,0.97,0.94,0.83,0.91
1987,Oakland Athletics,Oakland-Alameda County Coliseum,0.99,0.94,0.79,0.89,0.97,0.91,0.92,0.92,0.98,0.92,0.85,0.91
1988,Oakland Athletics,Oakland-Alameda County Coliseum,1,0.95,0.78,0.86,0.98,0.92,0.96,0.96,0.99,0.93,0.87,0.93
1989,Oakland Athletics,Oakland-Alameda County Coliseum,0.99,0.92,0.86,0.87,0.99,0.9,0.88,0.94,0.99,0.91,0.87,0.92
1990,Oakland Athletics,Oakland-Alameda County Coliseum,0.98,0.94,0.94,0.87,0.98,0.94,0.81,0.96,0.98,0.94,0.87,0.93
1991,Oakland Athletics,Oakland-Alameda County Coliseum,0.97,0.97,1.03,0.9,0.96,0.94,0.83,1,0.96,0.95,0.93,0.97
1992,Oakland Athletics,Oakland-Alameda County Coliseum,0.98,0.95,0.91,0.99,0.97,0.97,0.87,1.03,0.97,0.96,0.89,1.02
1993,Oakland Athletics,Oakland-Alameda County Coliseum,0.98,0.94,0.86,0.98,0.97,0.93,0.99,1.03,0.98,0.94,0.92,1.02
1994,Oakland Athletics,Oakland-Alameda County Coliseum,0.96,0.94,0.79,0.94,0.98,0.91,1,0.99,0.97,0.92,0.87,0.97
1995,Oakland Athletics,Oakland-Alameda County Coliseum,0.99,0.99,0.86,0.89,0.98,0.93,1.13,0.98,0.98,0.95,0.97,0.94
1996,Oakland Athletics,Oakland-Alameda County Coliseum,1,1.01,0.78,0.97,0.99,0.94,1.02,0.98,1,0.98,0.87,0.97
1997,Oakland Athletics,Oakland-Alameda County Coliseum,1.01,1.04,0.83,0.98,0.99,0.95,1.01,0.95,1,0.99,0.9,0.96
1998,Oakland Athletics,Network Associates Coliseum,0.99,1.02,0.83,0.99,0.99,0.97,0.94,0.95,0.99,0.99,0.88,0.97
1999,Oakland Athletics,Network Associates Coliseum,0.98,1.02,0.99,0.94,0.96,0.95,0.97,0.99,0.97,0.98,0.98,0.96
2000,Oakland Athletics,Network Associates Coliseum,0.98,0.99,0.99,0.94,0.96,0.98,0.92,1.02,0.97,0.99,0.95,0.98
2001,Oakland Athletics,Network Associates Coliseum,1,0.99,1.01,1,0.96,0.99,0.88,1.06,0.98,0.99,0.95,1.03
2002,Oakland Athletics,Network Associates Coliseum,1.01,0.99,1.01,0.99,0.96,1.03,0.81,1.07,0.98,1.01,0.89,1.03
2003,Oakland Athletics,Network Associates Coliseum,1.01,1.02,1.07,1,0.97,1.03,0.77,1.1,0.99,1.02,0.88,1.05
2004,Oakland Athletics,Network Associates Coliseum,1,1.03,1.04,0.92,0.97,1.03,0.77,1.07,0.98,1.03,0.86,1
2005,Oakland Athletics,McAfee Coliseum,1,1.02,0.98,0.93,0.98,1.04,0.85,0.99,0.99,1.03,0.91,0.97
2006,Oakland Athletics,McAfee Coliseum,0.98,1,1.01,0.94,0.96,1.02,1.03,0.9,0.97,1.01,1.02,0.92
2007,Oakland Athletics,McAfee Coliseum,0.97,0.98,0.97,0.99,0.96,1,0.96,0.88,0.96,0.99,0.97,0.93
2008,Oakland Athletics,McAfee Coliseum,0.96,0.95,1.01,1.03,0.97,0.99,0.99,0.88,0.97,0.97,1.01,0.95
2009,Oakland Athletics,Oakland-Alameda County Coliseum,0.98,0.95,1.11,0.95,0.98,1,0.88,0.93,0.98,0.98,1,0.94
2010,Oakland Athletics,Oakland-Alameda County Coliseum,0.99,0.97,1.2,0.87,0.98,1,0.96,0.96,0.99,0.99,1.09,0.92
2011,Oakland Athletics,O.co Coliseum,0.98,0.96,1.2,0.85,0.97,0.99,0.94,0.94,0.98,0.98,1.1,0.9
2012,Oakland Athletics,O.co Coliseum,0.96,0.99,1.17,0.85,0.99,1.02,0.95,0.96,0.98,1,1.06,0.91
2013,Oakland Athletics,O.co Coliseum,0.97,1,1.27,0.89,1,1.01,0.93,0.95,0.99,1.01,1.11,0.92
2014,Oakland Athletics,O.co Coliseum,0.98,1.03,1.29,0.87,1.01,1.02,0.95,0.94,0.99,1.02,1.11,0.91
2015,Oakland Athletics,O.co Coliseum,1,1.02,1.2,0.9,0.98,0.99,0.95,0.89,0.99,1.01,1.08,0.9
2016,Oakland Athletics,O.co Coliseum,0.99,1.02,1.18,0.92,0.98,1.01,1.2,0.93,0.99,1.01,1.19,0.93
2017,Oakland Athletics,Oakland-Alameda County Coliseum,0.98,1.03,1.09,0.93,0.99,1.05,1.13,0.92,0.98,1.04,1.11,0.92
2018,Oakland Athletics,Oakland-Alameda County Coliseum,0.98,1.04,0.99,0.93,0.99,1.07,1.12,0.95,0.99,1.06,1.07,0.94
2019,Oakland Athletics,RingCentral Coliseum,0.97,1.02,0.9,0.89,0.99,1.1,0.91,0.92,0.98,1.06,0.91,0.9
2020,Oakland Athletics,RingCentral Coliseum,0.99,1.01,0.94,0.91,0.99,1.01,0.94,0.91,0.99,1.01,0.94,0.91
2021,Oakland Athletics,RingCentral Coliseum,0.99,1,0.97,0.88,0.99,1,0.97,0.88,0.99,1,0.97,0.88
2022,Oakland Athletics,RingCentral Coliseum,0.98,1.01,1.04,0.9,0.98,1.01,1.04,0.9,0.98,1.01,1.04,0.9
1871,Washington Olympics,Olympics Grounds,0.99,1,1,0.99,0.99,1,1,0.99,0.99,1,1,0.99
1872,Washington Olympics,Olympics Grounds,0.99,1,1,0.99,0.99,1,1,0.99,0.99,1,1,0.99
1890,Pittsburgh Burghers,Exposition Park III,0.94,1,1,0.94,0.94,1,1,0.94,0.94,1,1,0.94
1914,Pittsburgh Rebels,Exposition Park III,0.98,1,1,0.98,0.98,1,1,0.98,0.98,1,1,0.98
1915,Pittsburgh Rebels,Exposition Park III,1,1,1,1,1,1,1,1,1,1,1,1
1882,Philadelphia Athletics,Oakdale Park,1.07,1,1,1.07,1.07,1,1,1.07,1.07,1,1,1.07
1883,Philadelphia Athletics,Jefferson Street Grounds,1.05,1,1,1.05,1.05,1,1,1.05,1.05,1,1,1.05
1884,Philadelphia Athletics,Jefferson Street Grounds,1.04,1,1,1.04,1.04,1,1,1.04,1.04,1,1,1.04
1885,Philadelphia Athletics,Jefferson Street Grounds,1.04,1,1,1.04,1.04,1,1,1.04,1.04,1,1,1.04
1886,Philadelphia Athletics,Jefferson Street Grounds,1.01,1,1,1.01,1.01,1,1,1.01,1.01,1,1,1.01
1887,Philadelphia Athletics,Jefferson Street Grounds,1,1,1,1,1,1,1,1,1,1,1,1
1888,Philadelphia Athletics,Jefferson Street Grounds,1,1,1,1,1,1,1,1,1,1,1,1
1889,Philadelphia Athletics,Jefferson Street Grounds,1.01,1,1,1.01,1.01,1,1,1.01,1.01,1,1,1.01
1890,Philadelphia Athletics,Jefferson Street Grounds,1.02,1,1,1.02,1.02,1,1,1.02,1.02,1,1,1.02
1883,Philadelphia Quakers,Recreation Park,0.99,1,1,0.99,0.99,1,1,0.99,0.99,1,1,0.99
1884,Philadelphia Quakers,Recreation Park,0.99,1,1,0.99,0.99,1,1,0.99,0.99,1,1,0.99
1885,Philadelphia Quakers,Recreation Park,0.98,1,1,0.98,0.98,1,1,0.98,0.98,1,1,0.98
1886,Philadelphia Quakers,Recreation Park,0.98,1,1,0.98,0.98,1,1,0.98,0.98,1,1,0.98
1887,Philadelphia Quakers,Philadelphia Baseball Grounds,1.02,1,1,1.02,1.02,1,1,1.02,1.02,1,1,1.02
1888,Philadelphia Quakers,Philadelphia Baseball Grounds,1.03,1,1,1.03,1.03,1,1,1.03,1.03,1,1,1.03
1889,Philadelphia Quakers,Philadelphia Baseball Grounds,1.05,1,1,1.05,1.05,1,1,1.05,1.05,1,1,1.05
1890,Philadelphia Phillies,Philadelphia Baseball Grounds,1.02,1,1,1.02,1.02,1,1,1.02,1.02,1,1,1.02
1891,Philadelphia Phillies,Philadelphia Baseball Grounds,1.02,1,1,1.02,1.02,1,1,1.02,1.02,1,1,1.02
1892,Philadelphia Phillies,Philadelphia Baseball Grounds,1,1,1,1,1,1,1,1,1,1,1,1
1893,Philadelphia Phillies,Philadelphia Baseball Grounds,0.99,1,1,0.99,0.99,1,1,0.99,0.99,1,1,0.99
1894,Philadelphia Phillies,Philadelphia Baseball Grounds,0.97,1,1,0.97,0.97,1,1,0.97,0.97,1,1,0.97
1895,Philadelphia Phillies,National League Park,1.01,1,1,1.01,1.01,1,1,1.01,1.01,1,1,1.01
1896,Philadelphia Phillies,National League Park,1,1,1,1,1,1,1,1,1,1,1,1
1897,Philadelphia Phillies,National League Park,0.99,1,1,0.99,0.99,1,1,0.99,0.99,1,1,0.99
1898,Philadelphia Phillies,National League Park,0.97,1,1,0.97,0.97,1,1,0.97,0.97,1,1,0.97
1899,Philadelphia Phillies,National League Park,0.98,1,1,0.98,0.98,1,1,0.98,0.98,1,1,0.98
1900,Philadelphia Phillies,National League Park,0.99,1,1,0.99,0.99,1,1,0.99,0.99,1,1,0.99
1901,Philadelphia Phillies,National League Park,1.02,1.11,0.85,0.83,1.02,1.11,0.85,0.83,1.02,1.11,0.85,0.83
1902,Philadelphia Phillies,National League Park,1.01,1.05,0.83,0.88,1.01,1.05,0.83,0.88,1.01,1.05,0.83,0.88
1903,Philadelphia Phillies,National League Park,1,1.02,0.81,0.83,1,1.02,0.81,0.83,1,1.02,0.81,0.83
1904,Philadelphia Phillies,National League Park,1.01,1.03,0.81,0.87,1.01,1.03,0.81,0.87,1.01,1.03,0.81,0.87
1905,Philadelphia Phillies,National League Park,1.01,1.1,0.78,0.91,1.04,1.02,0.86,0.68,1.02,1.04,0.8,0.77
1906,Philadelphia Phillies,National League Park,1.02,1.14,0.81,0.84,1.04,1.05,0.88,0.67,1.03,1.08,0.83,0.75
1907,Philadelphia Phillies,National League Park,1,1.09,0.89,0.74,1.02,1.03,0.9,0.59,1.01,1.05,0.88,0.64
1908,Philadelphia Phillies,National League Park,1.01,1.1,0.9,0.87,1.01,1.07,0.95,0.63,1.01,1.08,0.92,0.73
1909,Philadelphia Phillies,National League Park,1,1.08,0.87,1.05,0.98,1.03,0.92,0.81,0.99,1.05,0.89,0.89
1910,Philadelphia Phillies,Baker Bowl,1.03,1.11,0.9,1.47,0.99,1.08,0.95,1.23,1.01,1.08,0.92,1.29
1911,Philadelphia Phillies,Baker Bowl,1.05,1.07,0.88,1.39,0.99,1.11,0.89,1.39,1.01,1.09,0.87,1.35
1912,Philadelphia Phillies,Baker Bowl,1.08,1.05,0.9,1.3,1.01,1.19,0.81,1.65,1.03,1.14,0.83,1.46
1913,Philadelphia Phillies,Baker Bowl,1.05,1.04,0.78,1.16,1.01,1.24,0.69,1.8,1.02,1.19,0.72,1.47
1914,Philadelphia Phillies,Baker Bowl,1.05,1.13,0.75,1.29,1.03,1.26,0.66,2.16,1.03,1.23,0.7,1.73
1915,Philadelphia Phillies,Baker Bowl,1.02,1.08,0.69,1.34,1.02,1.23,0.65,2.32,1.02,1.19,0.67,1.81
1916,Philadelphia Phillies,Baker Bowl,1.02,1.07,0.72,1.29,1.02,1.2,0.68,2.26,1.02,1.17,0.69,1.79
1917,Philadelphia Phillies,Baker Bowl,1.02,1.11,0.71,1.1,1.02,1.24,0.67,2.26,1.02,1.2,0.68,1.66
1918,Philadelphia Phillies,Baker Bowl,1.05,1.21,0.68,1.16,1.04,1.22,0.68,1.95,1.04,1.2,0.68,1.6
1919,Philadelphia Phillies,Baker Bowl,1.05,1.29,0.7,1.42,1.03,1.26,0.65,2.21,1.04,1.24,0.67,1.81
1920,Philadelphia Phillies,Baker Bowl,1.03,1.26,0.68,1.68,1.02,1.18,0.63,1.81,1.03,1.19,0.65,1.69
1921,Philadelphia Phillies,Baker Bowl,1.02,1.26,0.69,1.67,1.03,1.17,0.63,2.19,1.03,1.2,0.65,1.9
1922,Philadelphia Phillies,Baker Bowl,1.02,1.2,0.69,1.6,1.04,1.14,0.66,1.99,1.03,1.16,0.67,1.78
1923,Philadelphia Phillies,Baker Bowl,1.04,1.1,0.71,1.47,1.05,1.13,0.7,2.03,1.04,1.12,0.7,1.76
1924,Philadelphia Phillies,Baker Bowl,1.08,1.1,0.72,1.63,1.04,1.14,0.69,1.55,1.05,1.14,0.69,1.59
1925,Philadelphia Phillies,Baker Bowl,1.06,1.07,0.69,1.49,1.03,1.15,0.67,1.45,1.04,1.13,0.68,1.47
1926,Philadelphia Phillies,Baker Bowl,1.05,1.12,0.67,1.32,1.02,1.13,0.66,1.38,1.03,1.14,0.66,1.33
1927,Philadelphia Phillies,Baker Bowl,1.02,1.11,0.67,1.22,1.02,1.1,0.64,1.35,1.02,1.1,0.66,1.28
1928,Philadelphia Phillies,Baker Bowl,1.05,1.08,0.67,1.25,1.04,1.07,0.63,1.14,1.04,1.07,0.65,1.22
1929,Philadelphia Phillies,Baker Bowl,1.07,1.11,0.69,1.24,1.06,1.09,0.61,1.05,1.06,1.09,0.64,1.15
1930,Philadelphia Phillies,Baker Bowl,1.08,1.09,0.69,1.23,1.06,1.12,0.62,0.98,1.06,1.1,0.65,1.11
1931,Philadelphia Phillies,Baker Bowl,1.08,1.08,0.71,1.33,1.06,1.12,0.63,1.09,1.06,1.11,0.66,1.19
1932,Philadelphia Phillies,Baker Bowl,1.09,1.03,0.69,1.55,1.07,1.13,0.67,1.14,1.07,1.09,0.68,1.32
1933,Philadelphia Phillies,Baker Bowl,1.11,1.05,0.67,1.43,1.06,1.09,0.71,1.26,1.08,1.07,0.7,1.31
1934,Philadelphia Phillies,Baker Bowl,1.13,1.13,0.66,1.27,1.04,1.07,0.68,1.14,1.07,1.09,0.68,1.21
1935,Philadelphia Phillies,Baker Bowl,1.09,1.15,0.72,1.29,1.02,1.08,0.67,1.18,1.05,1.11,0.71,1.24
1936,Philadelphia Phillies,Baker Bowl,1.09,1.15,0.72,1.36,1.02,1.09,0.67,1.22,1.05,1.12,0.7,1.32
1937,Philadelphia Phillies,Baker Bowl,1.07,1.15,0.76,1.43,1.03,1.11,0.69,1.31,1.05,1.14,0.75,1.48
1938,Philadelphia Phillies,Baker Bowl,1,1.09,0.96,0.71,1,0.97,1.09,1.02,1.06,1.15,0.73,1.52
1939,Philadelphia Phillies,Shibe Park,1,1.03,1.01,0.75,1,0.96,1.03,1.02,0.99,0.97,1.06,0.9
1940,Philadelphia Phillies,Shibe Park,0.99,1.03,1.02,0.78,1,0.97,1.16,1.08,1,0.99,1.09,0.95
1941,Philadelphia Phillies,Shibe Park,1,0.99,1.04,0.76,1,0.97,1.1,1.12,1,0.98,1.07,0.97
1942,Philadelphia Phillies,Shibe Park,0.98,1.07,1.1,0.73,1,0.98,1.15,1.05,0.99,1.01,1.13,0.91
1943,Philadelphia Phillies,Shibe Park,0.99,1.04,1.29,0.68,1,0.96,0.98,0.96,1,0.99,1.1,0.84
1944,Philadelphia Blue Jays,Shibe Park,0.98,1.06,1.31,0.66,1.01,0.96,1.03,0.96,1,0.99,1.15,0.82
1945,Philadelphia Blue Jays,Shibe Park,1,1.03,1.33,0.69,1.01,0.94,1.04,1.05,1,0.98,1.17,0.87
1946,Philadelphia Phillies,Shibe Park,1,1.05,1.21,0.73,1.01,0.93,1.25,1.01,1.01,0.97,1.24,0.89
1947,Philadelphia Phillies,Shibe Park,1.01,1.02,1.18,0.77,0.99,0.91,1.13,0.94,1,0.95,1.16,0.88
1948,Philadelphia Phillies,Shibe Park,1.01,1.02,1.16,0.76,1,0.93,1.05,0.91,1,0.96,1.1,0.86
1949,Philadelphia Phillies,Shibe Park,1.01,1,1.18,0.74,0.98,0.93,1.02,0.94,0.99,0.95,1.09,0.88
1950,Philadelphia Phillies,Shibe Park,1,1.04,1.23,0.75,0.99,0.98,1.11,0.94,0.99,1,1.16,0.89
1951,Philadelphia Phillies,Shibe Park,1.02,1.01,1.19,0.79,0.98,1.02,1.28,0.95,0.99,1.02,1.24,0.91
1952,Philadelphia Phillies,Shibe Park,1.03,1,1.07,0.82,0.98,1.09,1.35,0.99,1,1.05,1.21,0.94
1953,Philadelphia Phillies,Shibe Park,1.03,1.04,1.06,0.81,0.98,1.02,1.3,1.01,1,1.02,1.18,0.95
1954,Philadelphia Phillies,Shibe Park,1.01,1.1,1.04,0.8,0.98,0.99,1.28,1.09,0.99,1.03,1.16,0.99
1955,Philadelphia Phillies,Shibe Park,1,1.1,1.17,0.77,0.99,0.96,1.18,1.07,0.99,1.01,1.17,0.97
1956,Philadelphia Phillies,Shibe Park,1.01,1.07,1.1,0.76,0.99,1.01,1.13,1.13,1,1.03,1.12,0.98
1957,Philadelphia Phillies,Shibe Park,1.01,1.06,1.3,0.79,0.99,1,1.02,1.09,1,1.02,1.13,0.96
1958,Philadelphia Phillies,Shibe Park,1,1.11,1.38,0.8,1.01,1.02,1.05,1.1,1,1.06,1.19,0.96
1959,Philadelphia Phillies,Shibe Park,1.01,1.08,1.63,0.85,1.01,1.01,1.1,1.11,1.01,1.04,1.3,0.99
1960,Philadelphia Phillies,Connie Mack Stadium,1.01,1.03,1.77,0.82,1.01,0.99,1.12,1.08,1.01,1.01,1.35,0.96
1961,Philadelphia Phillies,Connie Mack Stadium,1.02,1.06,1.73,0.87,1,0.99,1.06,1.03,1,1.02,1.28,0.97
1962,Philadelphia Phillies,Connie Mack Stadium,1.01,1.12,1.47,0.89,0.99,0.97,1,1,1,1.03,1.17,0.95
1963,Philadelphia Phillies,Connie Mack Stadium,1.01,1.19,1.39,0.9,0.98,1,1.11,1.01,0.99,1.07,1.22,0.96
1964,Philadelphia Phillies,Connie Mack Stadium,1.01,1.14,1.33,0.89,0.98,0.99,1.04,1.1,0.99,1.04,1.16,1
1965,Philadelphia Phillies,Connie Mack Stadium,1.01,1.1,1.45,0.85,0.98,1,1.15,1.07,0.99,1.04,1.27,0.97
1966,Philadelphia Phillies,Connie Mack Stadium,1.01,1.1,1.23,0.88,0.99,1.01,1.03,1.07,1,1.04,1.11,0.98
1967,Philadelphia Phillies,Connie Mack Stadium,1.02,1.07,1.21,0.86,0.99,1,1.07,1.06,1,1.03,1.13,0.98
1968,Philadelphia Phillies,Connie Mack Stadium,1,1.07,1.01,0.9,0.99,1.02,0.93,1.09,0.99,1.04,0.96,1.02
1969,Philadelphia Phillies,Connie Mack Stadium,0.99,0.98,1.04,0.9,0.99,1.03,0.92,1.06,0.99,1.01,0.96,1.01
1970,Philadelphia Phillies,Connie Mack Stadium,0.98,1,1,0.92,1.01,1.07,0.89,1.03,1,1.05,0.92,1
1971,Philadelphia Phillies,Veterans Stadium,0.99,1.13,1.06,1.06,1.02,1.08,0.95,1.15,1.01,1.1,0.99,1.12
1972,Philadelphia Phillies,Veterans Stadium,1.01,1.12,1.15,1.12,1.01,1.09,0.95,1.17,1.01,1.1,1.03,1.16
1973,Philadelphia Phillies,Veterans Stadium,1.02,1.05,1.17,1.13,1.02,1.08,1.03,1.08,1.02,1.07,1.09,1.09
1974,Philadelphia Phillies,Veterans Stadium,1.02,1.04,1.18,1.1,1,1.09,1.07,1.11,1.01,1.07,1.11,1.11
1975,Philadelphia Phillies,Veterans Stadium,1,1.02,1.06,1.06,1.01,1.08,1.12,1.06,1.01,1.06,1.1,1.06
1976,Philadelphia Phillies,Veterans Stadium,1,1.05,1.01,1.06,1.01,1.07,1.06,1.05,1.01,1.07,1.05,1.05
1977,Philadelphia Phillies,Veterans Stadium,0.99,1.07,1.02,1.2,1.02,1.05,1.06,1.08,1.01,1.06,1.04,1.11
1978,Philadelphia Phillies,Veterans Stadium,0.99,1.06,1.04,1.16,1,1.05,1.1,1.05,0.99,1.05,1.08,1.07
1979,Philadelphia Phillies,Veterans Stadium,0.99,1.09,1.12,1.13,1,1.03,1.23,1.06,1,1.05,1.18,1.08
1980,Philadelphia Phillies,Veterans Stadium,1,1.07,1.26,1.02,1.01,1.06,1.25,1.04,1.01,1.06,1.26,1.03
1981,Philadelphia Phillies,Veterans Stadium,1.01,1.08,1.35,0.99,1,1.03,1.07,1.1,1,1.05,1.17,1.08
1982,Philadelphia Phillies,Veterans Stadium,0.99,1.03,1.29,1.16,0.99,1.08,1.02,1.05,0.99,1.06,1.13,1.07
1983,Philadelphia Phillies,Veterans Stadium,0.99,1.02,1.22,1.09,0.99,1.08,1,1.03,0.99,1.06,1.08,1.05
1984,Philadelphia Phillies,Veterans Stadium,0.99,1.04,1.23,1.16,1.01,1.1,1.13,0.98,1,1.07,1.17,1.02
1985,Philadelphia Phillies,Veterans Stadium,1,1.04,1.22,1.03,1.03,1.09,1.15,0.98,1.02,1.07,1.18,0.99
1986,Philadelphia Phillies,Veterans Stadium,0.99,1.05,1.12,1.01,1.04,1.08,1.33,0.95,1.02,1.07,1.24,0.96
1987,Philadelphia Phillies,Veterans Stadium,0.98,1.06,1.01,0.94,1.03,1.12,1.33,1.02,1.01,1.1,1.18,0.99
1988,Philadelphia Phillies,Veterans Stadium,0.98,1.07,1.03,1.01,1.01,1.09,1.32,1.01,1,1.08,1.17,1.01
1989,Philadelphia Phillies,Veterans Stadium,0.98,1.08,1.16,1.11,1,1.09,1.07,1.02,0.99,1.09,1.11,1.05
1990,Philadelphia Phillies,Veterans Stadium,0.99,1.07,1.1,1.15,1.01,1.03,1,0.93,1,1.05,1.04,1.01
1991,Philadelphia Phillies,Veterans Stadium,0.99,1.02,1.08,1.17,1.02,1.03,1,0.91,1,1.03,1.04,1.01
1992,Philadelphia Phillies,Veterans Stadium,0.99,1.01,1.02,1.09,1.03,1.02,1,0.92,1.01,1.02,1.01,0.99
1993,Philadelphia Phillies,Veterans Stadium,1,1.03,1.08,1.04,1,1.02,1.04,0.91,1,1.03,1.06,0.97
1994,Philadelphia Phillies,Veterans Stadium,1,1.07,1.08,1.04,1,1.09,0.87,0.97,1,1.08,0.97,1
1995,Philadelphia Phillies,Veterans Stadium,0.99,1.07,1.09,1.02,1,1.09,0.86,0.97,1,1.08,0.97,0.99
1996,Philadelphia Phillies,Veterans Stadium,0.99,1.04,1.07,0.99,1.01,1.13,0.87,1,1,1.09,0.98,1
1997,Philadelphia Phillies,Veterans Stadium,1.01,1.04,1.14,0.94,1.02,1.07,1.02,1,1.01,1.05,1.08,0.98
1998,Philadelphia Phillies,Veterans Stadium,1.02,1.03,1.09,1.04,1.01,1.08,1.11,0.99,1.01,1.06,1.1,1.01
1999,Philadelphia Phillies,Veterans Stadium,1.02,1.07,1.12,1.07,1.03,1.1,1.35,0.95,1.03,1.09,1.23,0.99
2000,Philadelphia Phillies,Veterans Stadium,0.99,1.08,1.01,1.09,1.01,1.11,1.23,0.92,1,1.1,1.12,0.98
2001,Philadelphia Phillies,Veterans Stadium,0.96,1.09,1.11,1.02,1,1.07,1.09,0.95,0.98,1.08,1.1,0.97
2002,Philadelphia Phillies,Veterans Stadium,0.96,1.07,1.17,1.01,0.98,1,0.9,0.97,0.97,1.03,1.01,0.99
2003,Philadelphia Phillies,Veterans Stadium,0.96,1.07,1.24,0.99,0.98,0.97,0.87,0.99,0.97,1.01,1.01,0.99
2004,Philadelphia Phillies,Citizens Bank Park,0.99,1.03,1.34,1.08,1.02,0.94,0.97,1.1,1,0.98,1.18,1.09
2005,Philadelphia Phillies,Citizens Bank Park,0.99,1.03,1.17,1.08,1.01,0.96,0.83,1.11,1,0.99,1.01,1.1
2006,Philadelphia Phillies,Citizens Bank Park,1,1.03,1.08,1.13,1.01,0.99,0.78,1.18,1.01,1.01,0.95,1.15
2007,Philadelphia Phillies,Citizens Bank Park,1.01,0.98,0.91,1.11,0.99,1,0.83,1.11,1,0.99,0.88,1.11
2008,Philadelphia Phillies,Citizens Bank Park,1.02,0.96,0.89,1.06,1,1.01,0.96,1.09,1.01,0.99,0.92,1.07
2009,Philadelphia Phillies,Citizens Bank Park,1.01,0.97,0.87,1.02,0.99,1.02,0.99,1.02,1,1,0.91,1.02
2010,Philadelphia Phillies,Citizens Bank Park,1,1,0.99,1.05,1,1.03,0.85,0.99,1,1.02,0.93,1.02
2011,Philadelphia Phillies,Citizens Bank Park,0.98,1.02,0.99,1.12,0.99,1.02,0.81,0.97,0.99,1.02,0.92,1.04
2012,Philadelphia Phillies,Citizens Bank Park,0.99,1.04,1.01,1.17,0.98,1.03,0.88,1.03,0.99,1.04,0.95,1.09
2013,Philadelphia Phillies,Citizens Bank Park,0.99,1.02,0.95,1.11,0.98,1.02,0.99,1.15,0.98,1.02,0.96,1.13
2014,Philadelphia Phillies,Citizens Bank Park,0.99,1.02,0.95,1.06,0.97,1,0.93,1.21,0.98,1.01,0.94,1.14
2015,Philadelphia Phillies,Citizens Bank Park,0.97,0.99,0.93,1.05,0.98,0.96,0.91,1.13,0.98,0.98,0.92,1.09
2016,Philadelphia Phillies,Citizens Bank Park,0.97,1,0.99,1.12,0.99,0.97,0.92,1.14,0.98,0.98,0.96,1.13
2017,Philadelphia Phillies,Citizens Bank Park,0.98,1,1.07,1.14,0.99,0.98,0.95,1.15,0.98,0.99,1.01,1.15
2018,Philadelphia Phillies,Citizens Bank Park,1,1.01,1.04,1.13,0.99,0.96,0.96,1.14,0.99,0.98,1.01,1.14
2019,Philadelphia Phillies,Citizens Bank Park,1.01,1.01,1.01,1.1,0.99,0.95,0.93,1.1,1,0.98,0.98,1.1
2020,Philadelphia Phillies,Citizens Bank Park,1,0.96,1.09,1.06,1,0.96,1.09,1.06,1,0.96,1.09,1.06
2021,Philadelphia Phillies,Citizens Bank Park,0.99,0.99,1.13,1.05,0.99,0.99,1.13,1.05,0.99,0.99,1.13,1.05
2022,Philadelphia Phillies,Citizens Bank Park,0.99,1,1.08,1.05,0.99,1,1.08,1.05,0.99,1,1.08,1.05
1884,Philadelphia Keystones,Keystone Park,0.97,1,1,0.97,0.97,1,1,0.97,0.97,1,1,0.97
1890,Philadelphia Athletics,Forepaugh Park,1.01,1,1,1.01,1.01,1,1,1.01,1.01,1,1,1.01
1891,Philadelphia Athletics,Forepaugh Park,1.01,1,1,1.01,1.01,1,1,1.01,1.01,1,1,1.01
1882,Pittsburg Alleghenys,Exposition Park,1,1,1,1,1,1,1,1,1,1,1,1
1883,Pittsburg Alleghenys,Exposition Park,1,1,1,1,1,1,1,1,1,1,1,1
1884,Pittsburg Alleghenys,Exposition Park,1.02,1,1,1.02,1.02,1,1,1.02,1.02,1,1,1.02
1885,Pittsburg Alleghenys,Recreation Park,0.99,1,1,0.99,0.99,1,1,0.99,0.99,1,1,0.99
1886,Pittsburg Alleghenys,Recreation Park,0.98,1,1,0.98,0.98,1,1,0.98,0.98,1,1,0.98
1887,Pittsburg Alleghenys,Recreation Park,0.95,1,1,0.95,0.95,1,1,0.95,0.95,1,1,0.95
1888,Pittsburg Alleghenys,Recreation Park,0.94,1,1,0.94,0.94,1,1,0.94,0.94,1,1,0.94
1889,Pittsburg Alleghenys,Recreation Park,0.95,1,1,0.95,0.95,1,1,0.95,0.95,1,1,0.95
1890,Pittsburg Alleghenys,Recreation Park,0.94,1,1,0.94,0.94,1,1,0.94,0.94,1,1,0.94
1891,Pittsburgh Pirates,Exposition Park,0.98,1,1,0.98,0.98,1,1,0.98,0.98,1,1,0.98
1892,Pittsburgh Pirates,Exposition Park,1,1,1,1,1,1,1,1,1,1,1,1
1893,Pittsburgh Pirates,Exposition Park,0.98,1,1,0.98,0.98,1,1,0.98,0.98,1,1,0.98
1894,Pittsburgh Pirates,Exposition Park,0.99,1,1,0.99,0.99,1,1,0.99,0.99,1,1,0.99
1895,Pittsburgh Pirates,Exposition Park,0.96,1,1,0.96,0.96,1,1,0.96,0.96,1,1,0.96
1896,Pittsburgh Pirates,Exposition Park,0.97,1,1,0.97,0.97,1,1,0.97,0.97,1,1,0.97
1897,Pittsburgh Pirates,Exposition Park,0.97,1,1,0.97,0.97,1,1,0.97,0.97,1,1,0.97
1898,Pittsburgh Pirates,Exposition Park,0.99,1,1,0.99,0.99,1,1,0.99,0.99,1,1,0.99
1899,Pittsburgh Pirates,Exposition Park,0.99,1,1,0.99,0.99,1,1,0.99,0.99,1,1,0.99
1900,Pittsburgh Pirates,Exposition Park,0.99,1,1,0.99,0.99,1,1,0.99,0.99,1,1,0.99
1901,Pittsburgh Pirates,Exposition Park,1.01,0.99,1.4,0.98,1.01,0.99,1.4,0.98,1.01,0.99,1.4,0.98
1902,Pittsburgh Pirates,Exposition Park,1.02,0.97,1.42,1,1.02,0.97,1.42,1,1.02,0.97,1.42,1
1903,Pittsburgh Pirates,Exposition Park,1.03,0.97,1.39,0.88,1.03,0.97,1.39,0.88,1.03,0.97,1.39,0.88
1904,Pittsburgh Pirates,Exposition Park,1.03,0.94,1.33,0.74,1.03,0.94,1.33,0.74,1.03,0.94,1.33,0.74
1905,Pittsburgh Pirates,Exposition Park,1.03,0.9,1.33,0.68,1.01,0.98,1.29,0.77,1.02,0.96,1.27,0.69
1906,Pittsburgh Pirates,Exposition Park,1.05,0.93,1.43,0.75,1.02,0.95,1.19,0.73,1.02,0.97,1.23,0.72
1907,Pittsburgh Pirates,Exposition Park,1.02,0.9,1.41,0.89,1.01,0.95,1.08,0.83,1.01,0.96,1.18,0.83
1908,Pittsburgh Pirates,Exposition Park,1.02,0.94,1.51,1.03,1.02,0.92,1.02,0.75,1.02,0.94,1.16,0.79
1909,Pittsburgh Pirates,Forbes Field,1.01,0.97,1.4,0.8,1.03,1.06,1.17,1.03,1.01,1.06,1.16,1.01
1910,Pittsburgh Pirates,Forbes Field,1.01,0.94,1.46,0.84,1.03,1.01,1.08,0.88,1.02,1.02,1.17,0.95
1911,Pittsburgh Pirates,Forbes Field,0.99,0.96,1.5,0.73,1.02,0.97,1.12,0.91,1.01,0.97,1.23,0.86
1912,Pittsburgh Pirates,Forbes Field,1,0.97,1.46,0.77,1,0.93,1.16,0.81,1,0.94,1.26,0.8
1913,Pittsburgh Pirates,Forbes Field,0.96,1.01,1.37,0.68,0.99,0.92,1.31,0.78,0.98,0.92,1.32,0.72
1914,Pittsburgh Pirates,Forbes Field,0.98,0.99,1.38,0.7,0.99,0.92,1.24,0.69,0.99,0.92,1.27,0.69
1915,Pittsburgh Pirates,Forbes Field,1,0.95,1.21,0.63,0.99,0.93,1.22,0.7,0.99,0.92,1.21,0.69
1916,Pittsburgh Pirates,Forbes Field,1.03,0.98,1.26,0.62,1.01,0.92,1.13,0.77,1.01,0.93,1.15,0.71
1917,Pittsburgh Pirates,Forbes Field,1.04,0.93,1.2,0.73,1.01,0.94,1.27,0.78,1.01,0.94,1.22,0.74
1918,Pittsburgh Pirates,Forbes Field,1.03,0.98,1.4,0.79,1.02,0.92,1.29,0.83,1.02,0.95,1.32,0.78
1919,Pittsburgh Pirates,Forbes Field,1.02,0.93,1.29,0.85,1.01,0.95,1.44,0.7,1.01,0.96,1.37,0.75
1920,Pittsburgh Pirates,Forbes Field,1,0.93,1.34,0.8,1.02,0.96,1.33,0.69,1.01,0.96,1.35,0.73
1921,Pittsburgh Pirates,Forbes Field,1,0.91,1.25,0.78,1.02,0.93,1.37,0.7,1.02,0.94,1.33,0.74
1922,Pittsburgh Pirates,Forbes Field,1.02,0.95,1.26,0.75,1.03,0.95,1.32,0.69,1.03,0.97,1.34,0.72
1923,Pittsburgh Pirates,Forbes Field,1.04,1.02,1.23,0.74,1.04,0.96,1.3,0.75,1.04,0.99,1.31,0.75
1924,Pittsburgh Pirates,Forbes Field,1.05,1.04,1.25,0.78,1.03,0.97,1.26,0.75,1.04,0.98,1.28,0.76
1925,Pittsburgh Pirates,Forbes Field,1.05,1.03,1.31,0.8,1.04,0.99,1.2,0.82,1.05,1,1.23,0.81
1926,Pittsburgh Pirates,Forbes Field,1.04,0.95,1.29,0.8,1.04,0.96,1.21,0.81,1.04,0.96,1.24,0.81
1927,Pittsburgh Pirates,Forbes Field,1.03,0.94,1.38,0.76,1.07,0.98,1.19,0.78,1.05,0.96,1.26,0.77
1928,Pittsburgh Pirates,Forbes Field,1.01,0.96,1.36,0.79,1.06,0.95,1.32,0.8,1.04,0.95,1.34,0.79
1929,Pittsburgh Pirates,Forbes Field,1.01,0.97,1.41,0.75,1.05,0.93,1.21,0.78,1.04,0.95,1.28,0.77
1930,Pittsburgh Pirates,Forbes Field,1.01,0.99,1.26,0.79,1.02,0.95,1.26,0.84,1.01,0.96,1.25,0.81
1931,Pittsburgh Pirates,Forbes Field,1.01,0.97,1.29,0.79,1.01,0.92,1.21,0.77,1.01,0.94,1.23,0.78
1932,Pittsburgh Pirates,Forbes Field,1.01,0.95,1.23,0.83,1.02,0.95,1.31,0.69,1.01,0.95,1.26,0.76
1933,Pittsburgh Pirates,Forbes Field,1.01,0.93,1.4,0.85,1.03,0.93,1.27,0.7,1.02,0.93,1.33,0.78
1934,Pittsburgh Pirates,Forbes Field,1.01,0.92,1.49,0.9,1.03,0.96,1.37,0.75,1.02,0.94,1.43,0.83
1935,Pittsburgh Pirates,Forbes Field,1,0.91,1.58,0.92,1.04,0.93,1.54,0.78,1.02,0.92,1.56,0.85
1936,Pittsburgh Pirates,Forbes Field,1.01,0.92,1.57,0.89,1.02,0.93,1.72,0.74,1.02,0.92,1.63,0.81
1937,Pittsburgh Pirates,Forbes Field,1.01,0.9,1.57,0.81,1.01,0.94,1.42,0.71,1.01,0.92,1.5,0.75
1938,Pittsburgh Pirates,Forbes Field,1.02,0.93,1.5,0.86,1.01,0.99,1.33,0.68,1.02,0.96,1.42,0.75
1939,Pittsburgh Pirates,Forbes Field,1.02,0.93,1.22,0.84,1.01,0.99,1.23,0.69,1.02,0.96,1.22,0.76
1940,Pittsburgh Pirates,Forbes Field,1.02,0.94,1.07,0.89,1.01,0.99,1.43,0.72,1.02,0.97,1.23,0.79
1941,Pittsburgh Pirates,Forbes Field,1.02,0.95,1.08,0.8,1.01,0.97,1.44,0.73,1.01,0.96,1.25,0.76
1942,Pittsburgh Pirates,Forbes Field,1,0.94,1.16,0.81,1.03,0.96,1.56,0.77,1.02,0.95,1.35,0.78
1943,Pittsburgh Pirates,Forbes Field,1.02,0.91,1.31,0.8,1.03,0.95,1.47,0.77,1.03,0.93,1.39,0.78
1944,Pittsburgh Pirates,Forbes Field,1.04,0.91,1.36,0.89,1.03,0.98,1.37,0.78,1.03,0.96,1.37,0.83
1945,Pittsburgh Pirates,Forbes Field,1.04,0.92,1.46,0.91,1.03,1.01,1.3,0.78,1.03,0.97,1.37,0.83
1946,Pittsburgh Pirates,Forbes Field,1.02,0.98,1.26,0.87,1.03,1.01,1.04,1.07,1.02,1,1.12,1
1947,Pittsburgh Pirates,Forbes Field,1.02,1.02,1.16,0.84,1.02,1,1.02,1.23,1.02,1.01,1.08,1.1
1948,Pittsburgh Pirates,Forbes Field,1.02,1.04,1.05,0.82,1,1.03,1.07,1.3,1.01,1.03,1.06,1.16
1949,Pittsburgh Pirates,Forbes Field,1.02,1,1.22,0.83,1,1.02,1.19,1.26,1,1.01,1.21,1.12
1950,Pittsburgh Pirates,Forbes Field,1.02,0.91,1.09,0.78,1,0.98,1.12,1.24,1.01,0.96,1.11,1.08
1951,Pittsburgh Pirates,Forbes Field,1.03,0.94,1.27,0.78,1.01,0.93,0.99,1.23,1.02,0.93,1.11,1.05
1952,Pittsburgh Pirates,Forbes Field,1.02,0.92,1.34,0.79,1.02,0.94,1.09,1.23,1.02,0.94,1.2,1.04
1953,Pittsburgh Pirates,Forbes Field,1,0.95,1.92,0.8,1.02,1,1.13,1,1.01,0.98,1.4,0.92
1954,Pittsburgh Pirates,Forbes Field,1.01,0.92,1.93,0.79,1.02,1.04,1.1,0.87,1.02,1,1.37,0.84
1955,Pittsburgh Pirates,Forbes Field,1,0.95,1.58,0.78,1.02,1.03,1.08,0.75,1.02,1,1.25,0.76
1956,Pittsburgh Pirates,Forbes Field,1.03,0.94,1.4,0.77,1.03,1.02,1.17,0.74,1.03,0.99,1.26,0.75
1957,Pittsburgh Pirates,Forbes Field,1.01,0.96,1.44,0.78,1.05,1.01,1.3,0.72,1.03,0.99,1.35,0.74
1958,Pittsburgh Pirates,Forbes Field,1.03,0.96,1.48,0.83,1.06,1.02,1.44,0.72,1.05,0.99,1.46,0.75
1959,Pittsburgh Pirates,Forbes Field,1.02,0.96,1.49,0.9,1.05,0.98,1.44,0.74,1.04,0.97,1.46,0.79
1960,Pittsburgh Pirates,Forbes Field,1.04,0.94,1.43,0.91,1.04,1,1.43,0.81,1.04,0.98,1.43,0.84
1961,Pittsburgh Pirates,Forbes Field,1.03,0.93,1.46,0.88,1.03,1.01,1.39,0.86,1.03,0.98,1.42,0.86
1962,Pittsburgh Pirates,Forbes Field,1.02,0.96,1.29,0.87,1.02,1.05,1.28,0.89,1.02,1.01,1.29,0.88
1963,Pittsburgh Pirates,Forbes Field,1.01,1,1.23,0.9,1.03,1.02,1.37,0.86,1.02,1.01,1.31,0.87
1964,Pittsburgh Pirates,Forbes Field,1.02,0.98,1.37,0.84,1.02,0.95,1.36,0.83,1.02,0.96,1.37,0.83
1965,Pittsburgh Pirates,Forbes Field,1.03,0.92,1.42,0.78,1.03,0.94,1.66,0.8,1.03,0.94,1.58,0.79
1966,Pittsburgh Pirates,Forbes Field,1.04,0.89,1.42,0.79,1.02,0.96,1.62,0.81,1.03,0.94,1.55,0.81
1967,Pittsburgh Pirates,Forbes Field,1.04,0.9,1.09,0.86,1.04,0.98,1.54,0.81,1.04,0.95,1.34,0.82
1968,Pittsburgh Pirates,Forbes Field,1.05,0.91,1.09,0.92,1.02,0.98,1.44,0.79,1.03,0.95,1.28,0.84
1969,Pittsburgh Pirates,Forbes Field,1.05,0.9,0.97,0.89,1.03,0.96,1.43,0.74,1.04,0.93,1.2,0.8
1970,Pittsburgh Pirates,Three Rivers Stadium,1,0.96,1.15,0.97,1.02,0.97,1.04,0.81,1.01,0.96,0.99,0.92
1971,Pittsburgh Pirates,Three Rivers Stadium,1.01,1.04,1.14,0.94,1.02,1.02,0.99,0.82,1.01,1.02,0.97,0.9
1972,Pittsburgh Pirates,Three Rivers Stadium,1,1.03,1.31,0.93,1,1.01,0.99,0.86,1,1.02,1.09,0.9
1973,Pittsburgh Pirates,Three Rivers Stadium,1,1.06,1.3,0.88,1,1.06,1.05,0.84,1,1.06,1.14,0.86
1974,Pittsburgh Pirates,Three Rivers Stadium,1,0.98,1.23,0.93,0.99,1.02,1.03,0.87,0.99,1,1.11,0.9
1975,Pittsburgh Pirates,Three Rivers Stadium,0.98,0.99,1.22,0.96,0.98,1.05,0.98,0.89,0.98,1.03,1.07,0.92
1976,Pittsburgh Pirates,Three Rivers Stadium,1,1.03,1.17,1.1,0.98,0.99,0.94,0.92,0.99,1.01,1.03,0.99
1977,Pittsburgh Pirates,Three Rivers Stadium,1.01,1.12,1.24,1.09,0.99,0.99,0.98,0.94,1,1.04,1.08,1
1978,Pittsburgh Pirates,Three Rivers Stadium,1.03,1.08,1.01,1.09,1.01,0.97,0.91,1.03,1.02,1.01,0.95,1.06
1979,Pittsburgh Pirates,Three Rivers Stadium,1.01,1.03,1.06,1.07,1.02,1.02,0.93,1.07,1.02,1.02,0.99,1.07
1980,Pittsburgh Pirates,Three Rivers Stadium,0.98,0.98,0.94,1.08,1.02,1.01,0.94,1.07,1,1,0.94,1.07
1981,Pittsburgh Pirates,Three Rivers Stadium,0.99,0.98,1.27,1.11,1.02,1.01,1.01,1.03,1.01,1,1.12,1.07
1982,Pittsburgh Pirates,Three Rivers Stadium,1,1.02,1.14,1.08,1.03,1.01,0.94,1.1,1.02,1.02,1.03,1.09
1983,Pittsburgh Pirates,Three Rivers Stadium,1.02,1.05,1.15,1.05,1.02,0.99,0.92,1.04,1.02,1.02,1.03,1.04
1984,Pittsburgh Pirates,Three Rivers Stadium,1.01,1.05,0.99,1.04,1.01,1.02,0.93,0.98,1.01,1.03,0.96,1
1985,Pittsburgh Pirates,Three Rivers Stadium,1,1.1,1.07,1.01,1,0.99,0.96,0.96,1,1.03,1.02,0.98
1986,Pittsburgh Pirates,Three Rivers Stadium,1,1.08,1.14,1.12,1.01,0.99,0.99,0.95,1,1.03,1.07,1.01
1987,Pittsburgh Pirates,Three Rivers Stadium,0.99,1.09,1.14,1.06,0.99,1.03,0.94,0.95,0.99,1.06,1.05,1
1988,Pittsburgh Pirates,Three Rivers Stadium,0.98,1.05,1.03,1.14,0.99,1.02,0.88,0.9,0.98,1.03,0.96,1
1989,Pittsburgh Pirates,Three Rivers Stadium,0.97,1.05,1.04,1,0.99,1.06,0.85,0.92,0.98,1.06,0.94,0.96
1990,Pittsburgh Pirates,Three Rivers Stadium,0.98,1.01,0.99,0.98,0.99,1.04,0.99,0.93,0.98,1.02,0.99,0.95
1991,Pittsburgh Pirates,Three Rivers Stadium,1.01,0.99,1.09,0.9,1,1.08,1.05,0.93,1,1.04,1.07,0.92
1992,Pittsburgh Pirates,Three Rivers Stadium,1,0.98,1.11,0.98,1,1.07,1.08,0.91,1,1.03,1.09,0.94
1993,Pittsburgh Pirates,Three Rivers Stadium,1,0.99,1.1,1.03,1.01,1.05,0.94,0.91,1.01,1.03,1.01,0.96
1994,Pittsburgh Pirates,Three Rivers Stadium,0.99,0.99,1.15,1.09,1,1.09,0.89,0.98,1,1.05,0.98,1.02
1995,Pittsburgh Pirates,Three Rivers Stadium,1.01,0.99,1.09,1.02,1.01,1.11,0.9,1.01,1.01,1.06,0.97,1.01
1996,Pittsburgh Pirates,Three Rivers Stadium,1.01,1.02,1.25,1.07,1.01,1.09,1,1.03,1.01,1.06,1.09,1.04
1997,Pittsburgh Pirates,Three Rivers Stadium,0.99,1.01,1.23,1.03,1.02,1.08,1.11,1.01,1.01,1.06,1.16,1.02
1998,Pittsburgh Pirates,Three Rivers Stadium,0.98,1,1.22,1.07,1.02,1.09,1.04,1.02,1,1.05,1.12,1.04
1999,Pittsburgh Pirates,Three Rivers Stadium,0.99,1.01,1.21,1.03,1,1.1,0.98,1.05,0.99,1.07,1.08,1.04
2000,Pittsburgh Pirates,Three Rivers Stadium,0.99,1.02,1.17,1.07,0.99,1.09,0.96,1.05,0.99,1.06,1.06,1.06
2001,Pittsburgh Pirates,PNC Park,1,1.12,0.87,0.92,1,0.96,0.8,0.94,1,1.01,0.84,0.93
2002,Pittsburgh Pirates,PNC Park,1.01,1.08,0.89,0.94,1,0.97,0.82,0.93,1,1.01,0.86,0.93
2003,Pittsburgh Pirates,PNC Park,1.02,1.01,0.87,0.95,0.99,1.02,0.89,0.93,1,1.02,0.88,0.94
2004,Pittsburgh Pirates,PNC Park,1.03,1.03,0.86,0.99,1,1.02,1.03,0.89,1.01,1.02,0.95,0.93
2005,Pittsburgh Pirates,PNC Park,1.02,1.03,0.81,0.98,1.01,1.04,1.08,0.88,1.01,1.03,0.97,0.91
2006,Pittsburgh Pirates,PNC Park,1.03,1.09,0.78,0.99,1.02,1.01,1.05,0.86,1.02,1.03,0.93,0.9
2007,Pittsburgh Pirates,PNC Park,1,1.05,0.86,0.98,1.01,1.01,0.89,0.85,1.01,1.03,0.88,0.89
2008,Pittsburgh Pirates,PNC Park,1.01,0.99,0.9,1.02,0.99,1,0.81,0.88,1,0.99,0.85,0.93
2009,Pittsburgh Pirates,PNC Park,1,0.96,0.98,0.99,0.99,1.03,0.93,0.89,0.99,1,0.95,0.93
2010,Pittsburgh Pirates,PNC Park,0.99,0.96,0.91,0.94,0.99,1.02,0.94,0.91,0.99,1,0.92,0.92
2011,Pittsburgh Pirates,PNC Park,0.98,1.03,0.9,0.9,0.98,1.05,1,0.84,0.98,1.04,0.95,0.86
2012,Pittsburgh Pirates,PNC Park,0.97,1,0.87,0.87,0.99,0.99,0.86,0.82,0.98,0.99,0.86,0.84
2013,Pittsburgh Pirates,PNC Park,0.99,0.99,0.77,0.9,0.99,0.99,0.93,0.78,0.99,0.99,0.86,0.83
2014,Pittsburgh Pirates,PNC Park,0.98,0.96,0.77,0.95,1,0.95,0.94,0.86,0.99,0.96,0.88,0.89
2015,Pittsburgh Pirates,PNC Park,0.99,1.01,0.88,1,1.01,0.97,1.16,0.87,1,0.98,1.04,0.91
2016,Pittsburgh Pirates,PNC Park,0.98,1,0.9,1,1.01,0.98,1.08,0.91,1,0.99,0.99,0.94
2017,Pittsburgh Pirates,PNC Park,1.01,1.03,0.86,1,1.01,1,1.06,0.86,1.01,1.01,0.95,0.91
2018,Pittsburgh Pirates,PNC Park,1,1.07,0.85,0.97,1,1.05,0.91,0.89,1,1.06,0.88,0.92
2019,Pittsburgh Pirates,PNC Park,1,1.12,0.9,0.99,0.99,1.06,0.94,0.89,0.99,1.08,0.92,0.93
2020,Pittsburgh Pirates,PNC Park,1,1.09,1.01,0.9,1,1.09,1.01,0.9,1,1.09,1.01,0.9
2021,Pittsburgh Pirates,PNC Park,1.01,1.01,1.02,0.91,1.01,1.01,1.02,0.91,1.01,1.01,1.02,0.91
2022,Pittsburgh Pirates,PNC Park,1.01,1,1.01,0.89,1.01,1,1.01,0.89,1.01,1,1.01,0.89
1871,Philadelphia Athletics,Jefferson Street Grounds,0.99,1,1,0.99,0.99,1,1,0.99,0.99,1,1,0.99
1872,Philadelphia Athletics,Jefferson Street Grounds,1,1,1,1,1,1,1,1,1,1,1,1
1873,Philadelphia Athletics,Jefferson Street Grounds,1.04,1,1,1.04,1.04,1,1,1.04,1.04,1,1,1.04
1874,Philadelphia Athletics,Jefferson Street Grounds,1.04,1,1,1.04,1.04,1,1,1.04,1.04,1,1,1.04
1875,Philadelphia Athletics,Jefferson Street Grounds,1.05,1,1,1.05,1.05,1,1,1.05,1.05,1,1,1.05
1878,Providence Grays,Messer Street Grounds,0.99,1,1,0.99,0.99,1,1,0.99,0.99,1,1,0.99
1879,Providence Grays,Messer Street Grounds,0.98,1,1,0.98,0.98,1,1,0.98,0.98,1,1,0.98
1880,Providence Grays,Messer Street Grounds,0.96,1,1,0.96,0.96,1,1,0.96,0.96,1,1,0.96
1881,Providence Grays,Messer Street Grounds,0.97,1,1,0.97,0.97,1,1,0.97,0.97,1,1,0.97
1882,Providence Grays,Messer Street Grounds,0.98,1,1,0.98,0.98,1,1,0.98,0.98,1,1,0.98
1883,Providence Grays,Messer Street Grounds,0.99,1,1,0.99,0.99,1,1,0.99,0.99,1,1,0.99
1884,Providence Grays,Messer Street Grounds,0.96,1,1,0.96,0.96,1,1,0.96,0.96,1,1,0.96
1885,Providence Grays,Messer Street Grounds,0.94,1,1,0.94,0.94,1,1,0.94,0.94,1,1,0.94
1873,Philadelphia Whites,Jefferson Street Grounds,1.01,1,1,1.01,1.01,1,1,1.01,1.01,1,1,1.01
1874,Philadelphia Whites,Jefferson Street Grounds,1.01,1,1,1.01,1.01,1,1,1.01,1.01,1,1,1.01
1875,Philadelphia Whites,Jefferson Street Grounds,1.02,1,1,1.02,1.02,1,1,1.02,1.02,1,1,1.02
1873,Elizabeth Resolutes,Waverly Fairgrounds,1,1,1,1,1,1,1,1,1,1,1,1
1884,Richmond Virginians,Allens Pasture,1.01,1,1,1.01,1.01,1,1,1.01,1.01,1,1,1.01
1890,Rochester Broncos,Culver Field I,0.94,1,1,0.94,0.94,1,1,0.94,0.94,1,1,0.94
1871,Rockford Forest Citys,Agricultural Society Fair Grounds,0.99,1,1,0.99,0.99,1,1,0.99,0.99,1,1,0.99
1876,St. Louis Brown Stockings,Grand Avenue Park,0.94,1,1,0.94,0.94,1,1,0.94,0.94,1,1,0.94
1877,St. Louis Brown Stockings,Grand Avenue Park,0.93,1,1,0.93,0.93,1,1,0.93,0.93,1,1,0.93
1969,San Diego Padres,San Diego Stadium,0.96,1.04,0.93,0.74,1.02,1.05,1.17,0.87,1.01,1.05,1.09,0.84
1970,San Diego Padres,San Diego Stadium,0.98,0.98,0.92,0.8,1.01,1.07,1.07,0.88,1,1.05,1.02,0.86
1971,San Diego Padres,San Diego Stadium,1,0.9,0.91,0.8,1,1.04,0.96,0.89,1,1,0.94,0.86
1972,San Diego Padres,San Diego Stadium,0.99,0.86,0.89,0.84,0.98,1,0.89,0.97,0.98,0.95,0.89,0.93
1973,San Diego Padres,San Diego Stadium,0.99,0.91,0.89,0.82,0.99,0.93,0.93,0.99,0.99,0.92,0.91,0.93
1974,San Diego Padres,San Diego Stadium,1,0.97,0.88,0.83,0.99,0.94,1.02,0.95,0.99,0.95,0.95,0.91
1975,San Diego Padres,San Diego Stadium,1,1.02,0.88,0.87,0.98,0.94,1.1,0.89,0.98,0.97,0.97,0.89
1976,San Diego Padres,San Diego Stadium,1,1.01,0.91,0.82,0.96,0.95,1.03,0.92,0.97,0.97,0.98,0.88
1977,San Diego Padres,San Diego Stadium,0.98,0.97,0.92,0.8,0.97,0.94,0.93,0.9,0.97,0.95,0.93,0.87
1978,San Diego Padres,San Diego Stadium,1,0.94,0.97,0.78,0.98,0.95,1.02,0.87,0.99,0.95,1,0.84
1979,San Diego Padres,San Diego Stadium,0.98,0.94,0.95,0.79,1,0.97,1.08,0.82,0.99,0.96,1.02,0.81
1980,San Diego Padres,San Diego Stadium,0.99,0.96,0.95,0.79,0.99,0.98,1.06,0.83,0.99,0.97,1.01,0.82
1981,San Diego Padres,Jack Murphy Stadium,0.98,0.99,0.88,0.85,0.99,0.97,0.97,0.91,0.99,0.98,0.92,0.88
1982,San Diego Padres,Jack Murphy Stadium,0.99,0.96,0.9,0.93,0.98,0.95,0.92,1.09,0.99,0.95,0.91,1.02
1983,San Diego Padres,Jack Murphy Stadium,1,0.96,0.87,1.01,0.99,0.91,1.03,1.13,0.99,0.93,0.94,1.08
1984,San Diego Padres,Jack Murphy Stadium,0.99,0.96,0.98,1.1,0.99,0.9,1.09,1.22,0.99,0.92,1.03,1.16
1985,San Diego Padres,Jack Murphy Stadium,1,1.03,0.92,1.18,0.97,0.92,1.08,1.13,0.99,0.96,1,1.15
1986,San Diego Padres,Jack Murphy Stadium,0.99,1.03,1.17,1.26,0.96,0.93,1.16,1.13,0.98,0.97,1.17,1.17
1987,San Diego Padres,Jack Murphy Stadium,1,1.01,1.03,1.2,0.95,0.94,1.08,1.09,0.97,0.97,1.06,1.13
1988,San Diego Padres,Jack Murphy Stadium,0.99,0.97,1.09,1.23,0.96,0.97,1.01,1.13,0.97,0.97,1.06,1.16
1989,San Diego Padres,Jack Murphy Stadium,1,0.93,1.05,1.13,0.98,0.98,0.98,1.13,0.99,0.96,1.02,1.13
1990,San Diego Padres,Jack Murphy Stadium,1,0.91,1.03,1.14,0.98,1.03,0.95,1.1,0.99,0.97,0.99,1.11
1991,San Diego Padres,Jack Murphy Stadium,1,0.93,0.98,1.09,1.01,0.97,1,1.14,1,0.96,0.98,1.12
1992,San Diego Padres,Jack Murphy Stadium,0.99,0.9,0.91,1.14,1,0.98,0.97,1.13,1,0.94,0.93,1.14
1993,San Diego Padres,Jack Murphy Stadium,0.97,0.95,1.02,1.12,1,0.99,0.95,1.24,0.99,0.97,0.98,1.19
1994,San Diego Padres,Jack Murphy Stadium,0.96,0.93,1.02,1.04,0.99,0.99,0.95,1.13,0.98,0.96,0.98,1.09
1995,San Diego Padres,Jack Murphy Stadium,0.97,0.95,1.02,0.99,1,0.99,0.88,1.12,0.98,0.97,0.96,1.06
1996,San Diego Padres,Jack Murphy Stadium,0.97,0.95,0.93,0.98,0.99,0.94,0.92,1.09,0.98,0.95,0.92,1.04
1997,San Diego Padres,Qualcomm Stadium,0.97,0.94,0.85,0.99,0.98,0.94,0.95,1.06,0.97,0.94,0.89,1.03
1998,San Diego Padres,Qualcomm Stadium,0.97,0.97,0.82,0.95,0.98,0.91,1,1.02,0.97,0.94,0.89,1
1999,San Diego Padres,Qualcomm Stadium,0.97,0.97,0.85,0.93,0.98,0.9,0.92,0.97,0.97,0.94,0.88,0.95
2000,San Diego Padres,Qualcomm Stadium,0.98,0.97,0.99,0.94,0.97,0.92,0.99,0.96,0.98,0.95,0.99,0.95
2001,San Diego Padres,Qualcomm Stadium,0.98,0.91,1.02,0.92,0.96,0.93,0.99,0.94,0.97,0.92,1.01,0.93
2002,San Diego Padres,Qualcomm Stadium,0.99,0.89,1.05,0.9,0.97,0.94,1.12,0.93,0.98,0.92,1.09,0.92
2003,San Diego Padres,Qualcomm Stadium,1,0.88,1.06,0.85,0.99,0.94,1.07,0.92,0.99,0.91,1.07,0.89
2004,San Diego Padres,Petco Park,0.98,1.01,1.24,0.94,0.98,0.94,1.29,0.84,0.98,0.97,1.26,0.88
2005,San Diego Padres,Petco Park,0.98,0.99,1.14,0.94,0.97,0.93,1.29,0.9,0.97,0.96,1.21,0.92
2006,San Diego Padres,Petco Park,0.97,0.94,1.07,0.93,0.97,0.92,1.22,0.92,0.97,0.93,1.14,0.92
2007,San Diego Padres,Petco Park,0.98,0.93,1.04,0.85,0.95,0.9,1.1,0.98,0.96,0.92,1.07,0.92
2008,San Diego Padres,Petco Park,0.96,0.94,0.99,0.81,0.94,0.91,1.06,0.94,0.95,0.92,1.02,0.88
2009,San Diego Padres,Petco Park,0.96,0.99,1.09,0.8,0.95,0.9,0.98,0.99,0.95,0.94,1.04,0.9
2010,San Diego Padres,Petco Park,0.96,1.01,1.08,0.82,0.95,0.93,1.2,1.01,0.95,0.96,1.14,0.92
2011,San Diego Padres,Petco Park,0.98,1.01,1.08,0.79,0.98,0.96,1.38,0.97,0.98,0.98,1.21,0.9
2012,San Diego Padres,Petco Park,0.98,1.01,0.93,0.89,0.97,0.95,1.63,0.92,0.97,0.97,1.18,0.91
2013,San Diego Padres,Petco Park,0.98,0.98,0.95,0.92,0.98,0.95,1.43,0.89,0.98,0.97,1.1,0.9
2014,San Diego Padres,Petco Park,0.98,1.02,0.96,1.05,0.97,0.94,1.07,0.95,0.97,0.97,1,0.99
2015,San Diego Padres,Petco Park,0.98,1.03,0.84,0.95,0.99,0.97,1.04,1,0.99,1,0.92,0.98
2016,San Diego Padres,Petco Park,1,1.04,0.79,0.93,0.99,0.97,1.11,0.99,0.99,0.99,0.93,0.97
2017,San Diego Padres,Petco Park,1.01,1.04,0.77,0.9,0.98,0.99,1.13,0.97,0.99,1.01,0.93,0.94
2018,San Diego Padres,Petco Park,0.99,1.01,0.97,0.9,0.97,0.99,0.96,0.95,0.97,1,0.95,0.94
2019,San Diego Padres,Petco Park,0.99,1.03,1.03,0.92,0.96,1,0.85,0.97,0.97,1.01,0.91,0.95
2020,San Diego Padres,Petco Park,0.97,1.01,0.82,0.98,0.97,1.01,0.82,0.98,0.97,1.01,0.82,0.98
2021,San Diego Padres,Petco Park,0.97,0.97,0.79,1.02,0.97,0.97,0.79,1.02,0.97,0.97,0.79,1.02
2022,San Diego Padres,Petco Park,0.98,0.98,0.82,0.99,0.98,0.98,0.82,0.99,0.98,0.98,0.82,0.99
1977,Seattle Mariners,Kingdome,0.98,0.97,0.89,1.19,0.98,1.05,0.96,1.13,0.98,1.01,0.92,1.15
1978,Seattle Mariners,Kingdome,0.98,0.98,0.96,1.24,0.98,1.05,0.94,1.18,0.98,1.01,0.95,1.21
1979,Seattle Mariners,Kingdome,0.99,1,0.99,1.29,0.97,1.06,0.93,1.37,0.98,1.03,0.96,1.33
1980,Seattle Mariners,Kingdome,0.98,1.06,1.04,1.27,0.96,1.05,0.85,1.44,0.97,1.06,0.93,1.37
1981,Seattle Mariners,Kingdome,1,1.07,1,1.29,0.98,1.05,0.8,1.36,0.99,1.06,0.88,1.34
1982,Seattle Mariners,Kingdome,1.02,1.05,0.86,1.18,0.98,1.02,0.89,1.24,1,1.03,0.88,1.23
1983,Seattle Mariners,Kingdome,1.03,1.04,0.89,1.17,1,1.02,0.93,1.19,1.01,1.02,0.91,1.18
1984,Seattle Mariners,Kingdome,1.01,1.03,0.87,1.08,0.98,0.99,0.98,1.1,1,1,0.93,1.09
1985,Seattle Mariners,Kingdome,1.01,1.03,1.02,1.16,0.99,1.04,0.93,1.1,1,1.03,0.97,1.12
1986,Seattle Mariners,Kingdome,0.99,1,1.09,1.2,0.98,1.04,1,1.13,0.99,1.02,1.04,1.15
1987,Seattle Mariners,Kingdome,0.98,1.06,1.2,1.17,0.99,1.06,1.07,1.29,0.99,1.06,1.12,1.24
1988,Seattle Mariners,Kingdome,0.98,1.09,1.15,1.16,1,1.02,1.03,1.24,0.99,1.05,1.08,1.21
1989,Seattle Mariners,Kingdome,1,1.12,1.01,1.08,1,1.04,1.05,1.11,1,1.07,1.03,1.1
1990,Seattle Mariners,Kingdome,1.01,1.07,1.05,1.17,0.99,1.04,0.98,0.95,1,1.05,1.01,1.03
1991,Seattle Mariners,Kingdome,1.02,1.05,1.06,1.08,0.99,1.1,0.96,0.96,1,1.08,1.01,1.01
1992,Seattle Mariners,Kingdome,1.02,1.07,1.11,1.08,1,1.09,0.87,0.96,1.01,1.08,0.99,1
1993,Seattle Mariners,Kingdome,1.01,1.11,1.04,0.99,1.01,1.14,0.87,0.98,1.01,1.13,0.95,0.99
1994,Seattle Mariners,Kingdome,0.99,1.13,0.9,1.03,1,1.12,0.91,1,1,1.12,0.9,1.02
1995,Seattle Mariners,Kingdome,1,1.12,0.87,1.07,0.99,1.12,0.98,1.04,1,1.12,0.92,1.05
1996,Seattle Mariners,Kingdome,0.99,1.09,0.82,1.06,1.01,1.09,0.94,1.04,1,1.09,0.86,1.05
1997,Seattle Mariners,Kingdome,1,1.06,0.92,1.03,1,1.06,0.84,1.04,1,1.06,0.88,1.03
1998,Seattle Mariners,Kingdome,1,1.09,0.86,1.05,1.02,1.08,0.83,1.05,1.02,1.09,0.85,1.06
1999,Seattle Mariners,Safeco Field,0.93,0.99,0.76,0.97,0.98,1,0.88,0.93,0.95,0.98,0.85,0.92
2000,Seattle Mariners,Safeco Field,0.94,0.99,0.76,0.98,0.98,0.99,0.86,0.9,0.96,0.98,0.83,0.91
2001,Seattle Mariners,Safeco Field,0.96,0.97,0.84,0.97,0.98,0.96,0.85,0.89,0.97,0.97,0.84,0.92
2002,Seattle Mariners,Safeco Field,0.96,0.95,0.95,1.03,0.98,0.93,1.01,0.9,0.97,0.94,0.97,0.95
2003,Seattle Mariners,Safeco Field,0.96,0.95,1.05,1.08,0.98,0.99,0.98,0.93,0.97,0.98,1.01,0.99
2004,Seattle Mariners,Safeco Field,0.97,0.96,0.85,1.09,0.98,1,0.94,0.94,0.98,0.98,0.9,1
2005,Seattle Mariners,Safeco Field,0.99,1.02,0.85,1.05,0.97,1.03,0.88,0.94,0.98,1.02,0.86,0.98
2006,Seattle Mariners,Safeco Field,1.02,0.99,0.79,0.97,0.97,0.99,0.89,0.97,0.99,0.99,0.84,0.97
2007,Seattle Mariners,Safeco Field,1,0.97,0.89,0.98,0.99,1,0.94,0.98,0.99,0.99,0.91,0.98
2008,Seattle Mariners,Safeco Field,0.99,0.92,0.85,0.99,1,1,0.93,0.96,1,0.97,0.88,0.97
2009,Seattle Mariners,Safeco Field,0.98,0.92,0.9,0.97,1.01,1,1.03,0.88,1,0.96,0.95,0.92
2010,Seattle Mariners,Safeco Field,0.99,0.93,0.8,1.02,0.98,0.98,1,0.89,0.99,0.96,0.87,0.95
2011,Seattle Mariners,Safeco Field,0.96,0.93,0.75,0.94,0.98,0.96,0.98,0.85,0.97,0.94,0.83,0.89
2012,Seattle Mariners,Safeco Field,0.97,0.97,0.74,0.95,0.99,0.96,0.99,0.9,0.98,0.97,0.82,0.93
2013,Seattle Mariners,T-Mobile Park,0.97,0.98,0.74,0.95,0.99,0.96,0.88,0.9,0.98,0.97,0.79,0.92
2014,Seattle Mariners,T-Mobile Park,0.99,0.98,0.79,1,0.98,0.99,0.9,0.97,0.98,0.98,0.83,0.98
2015,Seattle Mariners,T-Mobile Park,0.98,0.97,0.84,1.06,0.97,0.98,0.8,1.03,0.97,0.98,0.82,1.04
2016,Seattle Mariners,T-Mobile Park,0.98,0.97,0.89,1.04,0.98,0.98,0.93,1,0.98,0.98,0.91,1.02
2017,Seattle Mariners,T-Mobile Park,0.98,1,0.85,1.03,0.98,0.96,1.03,1.03,0.98,0.98,0.92,1.03
2018,Seattle Mariners,T-Mobile Park,0.99,0.98,0.81,0.97,0.99,0.93,1,1.01,0.99,0.95,0.89,0.99
2019,Seattle Mariners,T-Mobile Park,0.99,0.96,0.79,0.94,0.98,0.93,0.94,1.04,0.99,0.94,0.85,1
2020,Seattle Mariners,T-Mobile Park,0.97,0.96,0.76,1,0.97,0.96,0.76,1,0.97,0.96,0.76,1
2021,Seattle Mariners,T-Mobile Park,0.95,0.98,0.75,1.01,0.95,0.98,0.75,1.01,0.95,0.98,0.75,1.01
2022,Seattle Mariners,T-Mobile Park,0.96,0.98,0.81,1,0.96,0.98,0.81,1,0.96,0.98,0.81,1
1883,New York Gothams,Polo Grounds,0.99,1,1,0.99,0.99,1,1,0.99,0.99,1,1,0.99
1884,New York Gothams,Polo Grounds,1.02,1,1,1.02,1.02,1,1,1.02,1.02,1,1,1.02
1885,New York Giants,Polo Grounds,0.99,1,1,0.99,0.99,1,1,0.99,0.99,1,1,0.99
1886,New York Giants,Polo Grounds,1,1,1,1,1,1,1,1,1,1,1,1
1887,New York Giants,Polo Grounds,0.95,1,1,0.95,0.95,1,1,0.95,0.95,1,1,0.95
1888,New York Giants,Polo Grounds,0.98,1,1,0.98,0.98,1,1,0.98,0.98,1,1,0.98
1889,New York Giants,Polo Grounds,0.98,1,1,0.98,0.98,1,1,0.98,0.98,1,1,0.98
1890,New York Giants,Polo Grounds,0.98,1,1,0.98,0.98,1,1,0.98,0.98,1,1,0.98
1891,New York Giants,Polo Grounds,0.97,1,1,0.97,0.97,1,1,0.97,0.97,1,1,0.97
1892,New York Giants,Polo Grounds,0.99,1,1,0.99,0.99,1,1,0.99,0.99,1,1,0.99
1893,New York Giants,Polo Grounds,1,1,1,1,1,1,1,1,1,1,1,1
1894,New York Giants,Polo Grounds,0.99,1,1,0.99,0.99,1,1,0.99,0.99,1,1,0.99
1895,New York Giants,Polo Grounds,0.98,1,1,0.98,0.98,1,1,0.98,0.98,1,1,0.98
1896,New York Giants,Polo Grounds,0.98,1,1,0.98,0.98,1,1,0.98,0.98,1,1,0.98
1897,New York Giants,Polo Grounds,0.98,1,1,0.98,0.98,1,1,0.98,0.98,1,1,0.98
1898,New York Giants,Polo Grounds,0.97,1,1,0.97,0.97,1,1,0.97,0.97,1,1,0.97
1899,New York Giants,Polo Grounds,0.98,1,1,0.98,0.98,1,1,0.98,0.98,1,1,0.98
1900,New York Giants,Polo Grounds,0.98,1,1,0.98,0.98,1,1,0.98,0.98,1,1,0.98
1901,New York Giants,Polo Grounds,1.01,1.01,0.79,0.93,1.01,1.01,0.79,0.93,1.01,1.01,0.79,0.93
1902,New York Giants,Polo Grounds,1.01,1.02,0.77,0.94,1.01,1.02,0.77,0.94,1.01,1.02,0.77,0.94
1903,New York Giants,Polo Grounds,1.01,1.05,0.84,1.39,1.01,1.05,0.84,1.39,1.01,1.05,0.84,1.39
1904,New York Giants,Polo Grounds,1,1.01,0.89,1.85,1,1.01,0.89,1.85,1,1.01,0.89,1.85
1905,New York Giants,Polo Grounds,1.02,1.07,0.98,3.1,0.99,1.01,0.86,2.12,0.98,1,0.96,2.31
1906,New York Giants,Polo Grounds,1.01,1.05,0.92,3.07,1,0.98,0.92,2.18,0.97,0.99,0.95,2.41
1907,New York Giants,Polo Grounds,1.04,1.09,0.82,1.51,1.02,1.04,0.9,1.16,0.96,1.05,0.9,1.41
1908,New York Giants,Polo Grounds,1.01,1.04,0.89,1.62,1.04,1.06,1.02,1.46,0.96,1.06,0.98,1.63
1909,New York Giants,Polo Grounds,1.02,1.03,0.89,1.22,1.03,1.07,1.01,1.44,0.97,1.05,0.97,1.34
1910,New York Giants,Polo Grounds,0.99,1,0.99,1.42,1.02,1.02,1.12,2.04,0.98,1.01,1.07,1.66
1911,New York Giants,Polo Grounds,0.97,0.91,0.9,1.22,1.03,1.03,0.9,1.4,0.99,1,0.89,1.44
1912,New York Giants,Polo Grounds,0.99,0.9,0.95,1.14,1.02,0.98,0.93,1.4,0.99,0.97,0.92,1.4
1913,New York Giants,Polo Grounds,0.99,0.92,0.98,1.01,1.01,0.98,0.91,1.38,0.99,0.97,0.92,1.25
1914,New York Giants,Polo Grounds,0.97,0.93,1,0.95,1,0.96,0.86,1.36,0.98,0.95,0.89,1.18
1915,New York Giants,Polo Grounds,0.96,0.92,0.89,1.01,0.98,0.96,0.86,1.18,0.99,0.95,0.87,1.09
1916,New York Giants,Polo Grounds,0.95,0.92,0.87,1.07,0.98,0.94,0.86,1.14,0.99,0.94,0.87,1.11
1917,New York Giants,Polo Grounds,0.95,0.91,0.81,1.2,0.97,0.96,0.87,1.17,0.99,0.94,0.87,1.2
1918,New York Giants,Polo Grounds,0.94,0.93,0.88,1.17,0.99,1,0.81,1.53,1,0.98,0.85,1.32
1919,New York Giants,Polo Grounds,0.95,0.91,0.89,1.56,0.99,1.02,0.84,1.7,1,0.98,0.86,1.57
1920,New York Giants,Polo Grounds,0.96,0.9,0.97,1.31,0.97,1.04,0.95,1.42,1.01,0.97,0.97,1.38
1921,New York Giants,Polo Grounds,0.96,0.88,0.99,1.4,0.97,0.97,1.02,1.25,1,0.92,1.02,1.3
1922,New York Giants,Polo Grounds,0.97,0.91,0.95,1.24,0.98,0.95,1.08,1.15,0.98,0.92,1.02,1.19
1923,New York Giants,Polo Grounds,0.96,0.9,0.95,1.25,0.99,0.91,0.96,1.09,0.99,0.91,0.92,1.14
1924,New York Giants,Polo Grounds,0.97,0.91,0.92,1.1,0.98,0.92,0.96,1.04,0.99,0.93,0.92,1.08
1925,New York Giants,Polo Grounds,0.96,0.91,0.94,1.02,0.96,0.9,0.94,1.12,1,0.91,0.92,1.11
1926,New York Giants,Polo Grounds,0.99,0.91,0.88,1.03,0.95,0.91,0.95,1.24,0.99,0.9,0.93,1.17
1927,New York Giants,Polo Grounds,0.98,0.89,0.84,1.05,0.95,0.94,0.93,1.68,0.99,0.91,0.88,1.33
1928,New York Giants,Polo Grounds,0.97,0.87,0.83,0.99,0.95,0.92,0.95,1.7,1,0.9,0.9,1.28
1929,New York Giants,Polo Grounds,0.96,0.85,0.89,1.02,0.95,0.89,0.94,1.56,1.01,0.88,0.92,1.26
1930,New York Giants,Polo Grounds,0.94,0.84,0.92,1.1,0.95,0.84,0.91,1.62,1.01,0.84,0.92,1.33
1931,New York Giants,Polo Grounds,0.96,0.81,0.93,1.28,0.96,0.84,0.91,1.68,1.02,0.83,0.92,1.45
1932,New York Giants,Polo Grounds,0.93,0.83,0.92,1.32,0.95,0.83,0.96,2.33,1.03,0.83,0.95,1.65
1933,New York Giants,Polo Grounds,0.94,0.86,0.86,1.28,0.96,0.85,0.92,1.75,1.04,0.85,0.89,1.45
1934,New York Giants,Polo Grounds,0.94,0.87,0.83,1.32,0.95,0.84,0.87,1.6,1.04,0.84,0.85,1.45
1935,New York Giants,Polo Grounds,0.95,0.87,0.82,1.33,0.97,0.83,0.87,1.59,1.03,0.84,0.84,1.45
1936,New York Giants,Polo Grounds,0.94,0.85,0.88,1.39,0.97,0.8,0.85,1.8,1.02,0.82,0.87,1.57
1937,New York Giants,Polo Grounds,0.94,0.85,0.95,1.46,0.98,0.78,0.87,2.01,1.03,0.81,0.9,1.68
1938,New York Giants,Polo Grounds,0.94,0.8,1.02,1.57,0.97,0.79,1,1.84,1.03,0.79,1.01,1.69
1939,New York Giants,Polo Grounds,0.95,0.78,1.09,1.7,0.98,0.81,1.1,1.68,1.04,0.79,1.09,1.68
1940,New York Giants,Polo Grounds,0.96,0.75,1.09,1.62,0.98,0.84,1.03,1.87,1.02,0.8,1.05,1.73
1941,New York Giants,Polo Grounds,0.97,0.77,0.97,1.68,0.98,0.82,0.88,1.85,1.02,0.8,0.91,1.74
1942,New York Giants,Polo Grounds,0.98,0.77,0.85,1.66,0.99,0.8,0.89,2.07,1.02,0.79,0.87,1.82
1943,New York Giants,Polo Grounds,0.97,0.81,0.81,1.85,0.98,0.82,1.06,1.99,1.01,0.82,0.92,1.92
1944,New York Giants,Polo Grounds,0.98,0.84,0.8,1.75,0.98,0.84,1.19,1.75,1.01,0.84,0.96,1.75
1945,New York Giants,Polo Grounds,0.96,0.88,0.88,1.72,0.97,0.89,1.17,1.49,1.02,0.89,1.01,1.6
1946,New York Giants,Polo Grounds,0.98,0.89,0.88,1.53,0.96,0.88,1.17,1.21,1.03,0.89,1.06,1.34
1947,New York Giants,Polo Grounds,0.95,0.87,0.9,1.49,0.97,0.91,1.08,1.18,1.04,0.9,1.02,1.31
1948,New York Giants,Polo Grounds,0.95,0.86,0.82,1.43,0.98,0.91,1.18,1.19,1.05,0.89,1.05,1.28
1949,New York Giants,Polo Grounds,0.94,0.86,0.84,1.42,0.98,0.93,1.07,1.14,1.05,0.9,0.97,1.24
1950,New York Giants,Polo Grounds,0.96,0.82,0.88,1.51,0.95,0.94,1.17,1.18,1.04,0.9,1.04,1.26
1951,New York Giants,Polo Grounds,0.95,0.82,0.95,1.5,0.95,0.9,1.06,1.23,1.02,0.87,1.01,1.3
1952,New York Giants,Polo Grounds,0.96,0.8,0.96,1.53,0.96,0.85,1.13,1.25,1.01,0.83,1.06,1.33
1953,New York Giants,Polo Grounds,0.96,0.81,0.92,1.37,0.97,0.84,1.13,1.31,1.01,0.83,1.04,1.34
1954,New York Giants,Polo Grounds,0.95,0.77,0.82,1.27,0.97,0.84,1.21,1.22,1.01,0.81,1.04,1.24
1955,New York Giants,Polo Grounds,0.94,0.78,0.85,1.26,0.96,0.87,1.09,1.27,1.02,0.84,0.99,1.27
1956,New York Giants,Polo Grounds,0.94,0.78,0.93,1.28,0.95,0.86,1.11,1.19,1.01,0.83,1.04,1.22
1957,New York Giants,Polo Grounds,0.95,0.79,1.02,1.39,0.94,0.87,1.05,1.23,1.01,0.85,1.04,1.28
1958,San Francisco Giants,Seals Stadium,0.98,0.91,1.04,0.96,0.96,0.94,0.75,0.99,1.02,0.93,0.82,0.98
1959,San Francisco Giants,Seals Stadium,0.98,0.91,1.04,0.96,0.96,0.94,0.75,0.99,1.04,0.93,0.82,0.98
1960,San Francisco Giants,Candlestick Park,0.96,0.89,0.96,1.04,0.98,0.99,1.1,0.87,1.05,0.96,1.05,0.93
1961,San Francisco Giants,Candlestick Park,0.96,0.92,0.93,1.06,0.98,0.97,1.03,0.93,1.05,0.95,0.99,0.98
1962,San Francisco Giants,Candlestick Park,0.94,0.97,0.77,1.2,0.97,0.96,0.93,0.97,1.06,0.96,0.87,1.04
1963,San Francisco Giants,Candlestick Park,0.94,0.98,0.76,1.17,0.96,1,0.85,0.98,1.05,0.99,0.82,1.04
1964,San Francisco Giants,Candlestick Park,0.96,1.01,0.7,1.24,0.96,1.01,0.93,0.96,1.04,1.01,0.84,1.05
1965,San Francisco Giants,Candlestick Park,0.97,1.02,0.68,1.24,0.96,1.03,0.93,0.99,1.04,1.03,0.83,1.07
1966,San Francisco Giants,Candlestick Park,0.97,1.04,0.69,1.19,0.96,0.97,1.03,0.98,0.98,1,0.87,1.05
1967,San Francisco Giants,Candlestick Park,0.95,1.03,0.71,1.12,0.96,0.99,0.9,0.97,0.98,1.01,0.83,1.02
1968,San Francisco Giants,Candlestick Park,0.96,0.98,0.81,1.01,0.98,0.96,0.9,1.03,0.98,0.96,0.86,1.03
1969,San Francisco Giants,Candlestick Park,0.96,0.97,0.91,1.01,0.99,1.01,0.92,1.05,0.99,1,0.92,1.04
1970,San Francisco Giants,Candlestick Park,0.96,1.02,0.88,1,0.99,1.02,0.97,1.05,1.01,1.02,0.93,1.03
1971,San Francisco Giants,Candlestick Park,0.97,1.1,0.89,1.01,1,1.01,1.14,1.04,1.01,1.04,1.04,1.03
1972,San Francisco Giants,Candlestick Park,0.97,1.1,0.91,1.08,0.99,0.99,1.11,1.03,0.99,1.03,1.03,1.05
1973,San Francisco Giants,Candlestick Park,0.98,1.06,1.02,1.18,1,1.01,1.11,1.03,0.99,1.03,1.08,1.07
1974,San Francisco Giants,Candlestick Park,1,1,1.14,1.08,1.01,1.05,1.07,0.96,1,1.03,1.1,1.01
1975,San Francisco Giants,Candlestick Park,1.02,0.98,1.26,0.94,1.02,1.07,1.16,0.98,1.02,1.03,1.2,0.96
1976,San Francisco Giants,Candlestick Park,1.03,0.93,1.27,0.86,1.01,1.04,1.38,1.01,1.02,0.99,1.32,0.93
1977,San Francisco Giants,Candlestick Park,1.03,0.94,1.19,0.87,0.99,1.05,1.39,0.96,1.02,1,1.31,0.91
1978,San Francisco Giants,Candlestick Park,1.01,0.94,1.05,0.92,0.98,1.02,1.18,0.88,1.02,0.99,1.13,0.89
1979,San Francisco Giants,Candlestick Park,0.99,0.96,0.96,0.88,0.97,0.98,1.02,0.84,1.03,0.97,1,0.85
1980,San Francisco Giants,Candlestick Park,1.01,0.94,0.85,0.92,1,0.94,0.94,0.82,1.03,0.94,0.91,0.85
1981,San Francisco Giants,Candlestick Park,0.99,0.92,0.81,0.93,1.01,0.94,0.92,0.82,1.02,0.93,0.88,0.86
1982,San Francisco Giants,Candlestick Park,0.99,0.95,0.79,1.07,1.02,0.97,0.85,0.88,1,0.96,0.82,0.95
1983,San Francisco Giants,Candlestick Park,0.99,0.95,0.81,1.02,1,0.96,0.85,0.98,0.99,0.95,0.83,0.99
1984,San Francisco Giants,Candlestick Park,0.99,0.99,0.78,0.98,0.97,0.97,0.9,1.06,0.99,0.97,0.85,1.03
1985,San Francisco Giants,Candlestick Park,1,1.03,0.8,0.86,0.97,0.98,0.89,1.07,1,1,0.85,1
1986,San Francisco Giants,Candlestick Park,0.98,1.05,0.86,0.99,0.95,1,0.88,1.06,1.01,1.02,0.87,1.04
1987,San Francisco Giants,Candlestick Park,0.98,1.03,0.84,1.03,0.97,1,0.81,1.01,1.01,1.01,0.83,1.02
1988,San Francisco Giants,Candlestick Park,0.97,0.99,0.89,1.02,0.99,1,0.9,1.02,1,1,0.89,1.02
1989,San Francisco Giants,Candlestick Park,0.99,0.97,0.82,0.95,1.01,1.01,0.92,1.02,1,1,0.86,1
1990,San Francisco Giants,Candlestick Park,0.98,1.02,0.87,0.95,0.99,1,1.09,1.01,0.99,1.01,0.96,0.99
1991,San Francisco Giants,Candlestick Park,0.99,1.02,0.79,0.99,0.98,1,1.19,0.99,0.99,1.01,0.95,0.99
1992,San Francisco Giants,Candlestick Park,0.96,1.01,0.81,0.96,0.97,1.02,1.13,0.98,0.99,1.01,0.97,0.97
1993,San Francisco Giants,Candlestick Park,0.96,0.96,0.77,0.95,0.99,1.05,0.99,1.04,1,1.01,0.9,1
1994,San Francisco Giants,Candlestick Park,0.96,0.92,0.95,0.91,0.98,1.05,0.81,1.05,1,1,0.86,0.99
1995,San Francisco Giants,Candlestick Park,0.98,0.95,0.94,0.97,0.99,1.02,0.82,1.03,1,0.99,0.86,1
1996,San Francisco Giants,Candlestick Park,0.98,0.98,0.97,0.99,0.97,0.99,0.85,0.98,1,0.99,0.9,0.98
1997,San Francisco Giants,Candlestick Park,1,1.01,0.86,1.07,0.99,0.96,0.96,1,0.99,0.98,0.91,1.03
1998,San Francisco Giants,Candlestick Park,0.99,0.99,0.86,1.04,0.98,0.95,1.02,1,0.98,0.97,0.93,1.02
1999,San Francisco Giants,Candlestick Park,0.99,0.97,0.79,1.06,0.98,0.96,1.07,1.03,0.98,0.97,0.92,1.04
2000,San Francisco Giants,Pac Bell Park,0.96,0.99,1.3,0.84,0.99,1.01,0.99,0.89,0.99,1,1.09,0.87
2001,San Francisco Giants,Pac Bell Park,0.97,1,1.42,0.82,0.99,0.98,1.07,0.86,0.99,0.98,1.18,0.84
2002,San Francisco Giants,Pac Bell Park,0.98,0.97,1.55,0.81,1.01,0.97,1.22,0.85,0.99,0.97,1.34,0.83
2003,San Francisco Giants,Pac Bell Park,1.01,1,1.56,0.86,1.04,0.95,1.24,0.89,1,0.97,1.37,0.88
2004,San Francisco Giants,SBC Park,1.01,1,1.38,0.9,1.03,0.96,1.08,0.96,1,0.97,1.21,0.94
2005,San Francisco Giants,SBC Park,1.01,1.03,1.19,0.87,1.02,0.98,1.03,0.95,1.01,1,1.11,0.92
2006,San Francisco Giants,AT & T Park,1.01,1.02,1.07,0.85,1,0.96,1.02,0.91,1,0.99,1.05,0.89
2007,San Francisco Giants,AT & T Park,1.02,1.07,1.1,0.89,1.01,0.98,1.19,0.9,0.99,1.02,1.13,0.89
2008,San Francisco Giants,AT & T Park,1.02,1.04,1.16,0.93,1.01,0.99,1.16,0.96,1,1.01,1.16,0.95
2009,San Francisco Giants,AT & T Park,1.01,1.03,1.1,0.92,1,1.01,1.09,1,1,1.02,1.09,0.97
2010,San Francisco Giants,AT & T Park,1.01,1,1.08,0.84,1,1.01,0.91,0.98,0.99,1,1,0.92
2011,San Francisco Giants,AT & T Park,0.99,1.01,1,0.82,0.99,0.98,0.9,0.86,0.99,0.99,0.95,0.84
2012,San Francisco Giants,AT & T Park,0.99,1.01,1.16,0.79,0.98,0.99,0.99,0.84,0.99,1,1.07,0.82
2013,San Francisco Giants,AT & T Park,1,0.98,1.18,0.83,0.98,0.98,1.19,0.84,0.99,0.98,1.19,0.84
2014,San Francisco Giants,AT & T Park,1.01,0.95,1.43,0.8,0.98,0.99,1.38,0.89,0.99,0.97,1.42,0.85
2015,San Francisco Giants,AT & T Park,1.02,0.94,1.38,0.79,1.01,0.98,1.19,0.88,1,0.96,1.31,0.84
2016,San Francisco Giants,AT & T Park,1,0.97,1.27,0.76,1.02,0.97,1.04,0.87,1,0.97,1.17,0.82
2017,San Francisco Giants,AT & T Park,1,1.04,1.26,0.8,1.03,0.96,0.97,0.87,0.99,0.99,1.12,0.84
2018,San Francisco Giants,AT & T Park,0.99,1.03,1.25,0.79,1,0.93,1.03,0.87,0.99,0.97,1.13,0.84
2019,San Francisco Giants,Oracle Park,1,1.02,1.49,0.83,1,0.92,1.05,0.88,0.98,0.96,1.21,0.86
2020,San Francisco Giants,Oracle Park,1.01,1,1.18,0.89,1.01,1,1.18,0.89,1.01,1,1.18,0.89
2021,San Francisco Giants,Oracle Park,1.03,1.04,1.15,0.9,1.03,1.04,1.15,0.9,1.03,1.04,1.15,0.9
2022,San Francisco Giants,Oracle Park,1.01,0.99,1.13,0.9,1.01,0.99,1.13,0.9,1.01,0.99,1.13,0.9
1914,St. Louis Terriers,Handlan's Park,1.02,1,1,1.02,1.02,1,1,1.02,1.02,1,1,1.02
1915,St. Louis Terriers,Handlan's Park,1.04,1,1,1.04,1.04,1,1,1.04,1.04,1,1,1.04
1884,St. Louis Maroons,Union Grounds,1,1,1,1,1,1,1,1,1,1,1,1
1885,St. Louis Maroons,Sportsman's Park I,0.97,1,1,0.97,0.97,1,1,0.97,0.97,1,1,0.97
1886,St. Louis Maroons,Sportsman's Park I,0.97,1,1,0.97,0.97,1,1,0.97,0.97,1,1,0.97
1875,St. Louis Red Stockings,Red Stocking Baseball Park,0.93,1,1,0.93,0.93,1,1,0.93,0.93,1,1,0.93
1875,St. Louis Brown Stockings,Grand Avenue Park,0.97,1,1,0.97,0.97,1,1,0.97,0.97,1,1,0.97
1882,St. Louis Brown Stockings,Sportsmans Park,1.02,1,1,1.02,1.02,1,1,1.02,1.02,1,1,1.02
1883,St. Louis Browns,Sportsmans Park,1.03,1,1,1.03,1.03,1,1,1.03,1.03,1,1,1.03
1884,St. Louis Browns,Sportsmans Park,1,1,1,1,1,1,1,1,1,1,1,1
1885,St. Louis Browns,Sportsmans Park,1.01,1,1,1.01,1.01,1,1,1.01,1.01,1,1,1.01
1886,St. Louis Browns,Sportsmans Park,1.01,1,1,1.01,1.01,1,1,1.01,1.01,1,1,1.01
1887,St. Louis Browns,Sportsmans Park,1.04,1,1,1.04,1.04,1,1,1.04,1.04,1,1,1.04
1888,St. Louis Browns,Sportsmans Park,1.04,1,1,1.04,1.04,1,1,1.04,1.04,1,1,1.04
1889,St. Louis Browns,Sportsmans Park,1.07,1,1,1.07,1.07,1,1,1.07,1.07,1,1,1.07
1890,St. Louis Browns,Sportsmans Park,1.08,1,1,1.08,1.08,1,1,1.08,1.08,1,1,1.08
1891,St. Louis Browns,Sportsmans Park,1.09,1,1,1.09,1.09,1,1,1.09,1.09,1,1,1.09
1892,St. Louis Browns,Sportsmans Park,0.99,1,1,0.99,0.99,1,1,0.99,0.99,1,1,0.99
1893,St. Louis Browns,Robison Field,1,1,1,1,1,1,1,1,1,1,1,1
1894,St. Louis Browns,Robison Field,1,1,1,1,1,1,1,1,1,1,1,1
1895,St. Louis Browns,Robison Field,1,1,1,1,1,1,1,1,1,1,1,1
1896,St. Louis Browns,Robison Field,0.99,1,1,0.99,0.99,1,1,0.99,0.99,1,1,0.99
1897,St. Louis Browns,Robison Field,1.01,1,1,1.01,1.01,1,1,1.01,1.01,1,1,1.01
1898,St. Louis Browns,Robison Field,1.03,1,1,1.03,1.03,1,1,1.03,1.03,1,1,1.03
1899,St. Louis Perfectos,Robison Field,1.02,1,1,1.02,1.02,1,1,1.02,1.02,1,1,1.02
1900,St. Louis Cardinals,League Park,0.99,1,1,0.99,0.99,1,1,0.99,0.99,1,1,0.99
1901,St. Louis Cardinals,League Park,0.97,0.9,1.19,0.96,0.97,0.9,1.19,0.96,0.97,0.9,1.19,0.96
1902,St. Louis Cardinals,League Park,0.96,0.91,1.24,1.01,0.96,0.91,1.24,1.01,0.96,0.91,1.24,1.01
1903,St. Louis Cardinals,League Park,0.97,0.94,1.15,1.07,0.97,0.94,1.15,1.07,0.97,0.94,1.15,1.07
1904,St. Louis Cardinals,League Park,0.97,0.93,1.11,1.12,0.97,0.93,1.11,1.12,0.97,0.93,1.11,1.12
1905,St. Louis Cardinals,League Park,1,0.91,1.12,1.22,0.98,0.85,1.08,0.9,0.98,0.9,1.06,1.07
1906,St. Louis Cardinals,League Park,0.97,0.92,1.09,1.21,0.97,0.88,1.12,0.9,0.97,0.89,1.11,0.95
1907,St. Louis Cardinals,League Park,0.94,0.91,1.15,1.19,0.97,0.9,1.12,1.01,0.96,0.91,1.13,1.04
1908,St. Louis Cardinals,League Park,0.95,1,0.93,1.26,0.97,0.93,1.08,1.02,0.96,0.95,1.04,1.07
1909,St. Louis Cardinals,League Park,0.97,1,1.04,1,0.96,0.88,1.09,0.99,0.97,0.92,1.07,0.99
1910,St. Louis Cardinals,League Park,0.99,1.03,0.89,0.92,0.98,0.88,1.13,0.82,0.98,0.93,1.02,0.85
1911,St. Louis Cardinals,League Park,0.98,0.97,0.94,0.89,0.99,0.86,1.2,0.72,0.99,0.9,1.05,0.79
1912,St. Louis Cardinals,Robison Field,0.97,0.96,0.88,0.84,1.01,0.89,1.21,0.77,0.99,0.92,1.04,0.81
1913,St. Louis Cardinals,Robison Field,0.97,0.96,0.92,0.89,1,0.89,1.2,0.84,0.99,0.92,1.07,0.91
1914,St. Louis Cardinals,Robison Field,0.99,0.94,0.92,0.88,0.99,0.9,1.22,0.87,0.99,0.93,1.1,0.92
1915,St. Louis Cardinals,Robison Field,0.99,0.91,0.91,1.1,0.99,0.91,1.18,0.77,0.99,0.92,1.08,0.97
1916,St. Louis Cardinals,Robison Field,1,0.88,0.94,1.12,0.99,0.9,1.15,0.79,0.99,0.9,1.06,0.94
1917,St. Louis Cardinals,Robison Field,0.99,0.87,0.95,1.13,0.98,0.89,1.12,0.82,0.99,0.89,1.04,0.96
1918,St. Louis Cardinals,Robison Field,1,0.9,0.93,0.99,0.99,0.87,1.11,0.91,1,0.89,1.04,0.94
1919,St. Louis Cardinals,Robison Field,0.99,0.88,0.93,0.88,0.99,0.9,1.12,0.87,1,0.9,1.05,0.89
1920,St. Louis Cardinals,Sportsmans Park,1.02,0.98,0.87,1.07,1,1.05,0.85,0.86,1.01,1.04,0.84,0.97
1921,St. Louis Cardinals,Sportsmans Park,1.01,1.03,0.98,1.14,1,1.08,0.83,0.93,1,1.08,0.86,1.03
1922,St. Louis Cardinals,Sportsmans Park,0.98,1.04,1,1.02,0.98,1.06,0.83,0.88,0.98,1.05,0.88,0.93
1923,St. Louis Cardinals,Sportsmans Park,0.99,1.06,1.03,1.02,0.99,1.06,0.85,0.89,0.99,1.06,0.9,0.94
1924,St. Louis Cardinals,Sportsmans Park,0.99,1.04,0.95,1.03,1,1.06,0.91,0.93,0.99,1.05,0.93,0.97
1925,St. Louis Cardinals,Sportsmans Park,1.01,1.08,0.96,1.23,1,1.06,0.94,1.02,1,1.07,0.95,1.1
1926,St. Louis Cardinals,Sportsmans Park,0.98,1.1,0.96,1.39,1,1.06,1.03,1.11,0.99,1.08,0.99,1.22
1927,St. Louis Cardinals,Sportsmans Park,0.99,1.11,1.03,1.35,0.99,1.06,1.06,1.14,0.99,1.09,1.02,1.26
1928,St. Louis Cardinals,Sportsmans Park,1.01,1.13,0.99,1.28,0.99,1.08,1.09,1.04,0.99,1.11,1.02,1.17
1929,St. Louis Cardinals,Sportsmans Park,1.04,1.12,1.01,1.23,0.99,1.11,1.01,0.97,1.01,1.12,1,1.09
1930,St. Louis Cardinals,Sportsmans Park,1.03,1.15,0.91,1.1,1,1.1,1.04,0.94,1.01,1.13,1.01,1.02
1931,St. Louis Cardinals,Sportsmans Park,1.01,1.11,0.81,1.01,1.02,1.11,1.02,0.99,1.02,1.12,0.94,1.01
1932,St. Louis Cardinals,Sportsmans Park,1.02,1.12,0.8,0.94,1.03,1.09,1,0.91,1.03,1.11,0.9,0.92
1933,St. Louis Cardinals,Sportsmans Park,1.05,1.11,0.8,1.08,1.04,1.08,0.95,0.86,1.04,1.1,0.88,0.97
1934,St. Louis Cardinals,Sportsmans Park,1.06,1.12,0.92,1.08,1.03,1.12,0.96,0.87,1.04,1.12,0.94,0.94
1935,St. Louis Cardinals,Sportsmans Park,1.04,1.11,0.89,1.02,1.01,1.12,0.98,0.88,1.03,1.12,0.95,0.97
1936,St. Louis Cardinals,Sportsmans Park,1.02,1.07,0.88,1,1,1.14,0.9,0.94,1.02,1.13,0.9,0.96
1937,St. Louis Cardinals,Sportsmans Park,1.04,1.07,0.85,1.14,1.02,1.12,0.97,0.97,1.03,1.11,0.91,1.06
1938,St. Louis Cardinals,Sportsmans Park,1.04,1.1,0.81,1.31,1.03,1.15,0.9,1.05,1.03,1.13,0.85,1.16
1939,St. Louis Cardinals,Sportsmans Park,1.06,1.13,0.81,1.37,1.02,1.08,0.99,1.08,1.03,1.1,0.89,1.21
1940,St. Louis Cardinals,Sportsmans Park,1.05,1.16,0.9,1.35,1.01,1.08,0.85,1.05,1.02,1.11,0.88,1.19
1941,St. Louis Cardinals,Sportsmans Park,1.05,1.16,0.91,1.27,1.01,1.08,0.98,1.01,1.02,1.11,0.94,1.14
1942,St. Louis Cardinals,Sportsmans Park,1.03,1.15,0.92,1.27,1,1.12,0.85,0.89,1.01,1.13,0.89,1.05
1943,St. Louis Cardinals,Sportsmans Park,1.03,1.13,0.87,1.03,1,1.07,0.9,0.79,1.01,1.1,0.88,0.89
1944,St. Louis Cardinals,Sportsmans Park,1.02,1.12,0.9,0.96,1,1.04,0.9,0.79,1.01,1.07,0.9,0.86
1945,St. Louis Cardinals,Sportsmans Park,1.03,1.11,0.92,0.94,1.01,0.99,0.94,0.85,1.02,1.04,0.93,0.89
1946,St. Louis Cardinals,Sportsmans Park,1.05,1.09,0.93,0.94,1.01,1.03,0.91,0.9,1.03,1.06,0.92,0.92
1947,St. Louis Cardinals,Sportsmans Park,1.04,1.1,0.94,0.96,1.03,1.01,0.93,0.87,1.04,1.04,0.94,0.91
1948,St. Louis Cardinals,Sportsmans Park,1.06,1.1,0.97,0.96,1.05,0.98,0.98,0.81,1.06,1.02,0.97,0.87
1949,St. Louis Cardinals,Sportsmans Park,1.04,1.12,0.93,0.97,1.05,0.97,1.01,0.79,1.05,1.03,0.96,0.87
1950,St. Louis Cardinals,Sportsmans Park,1.04,1.11,1.04,1,1.05,1.01,0.82,0.81,1.05,1.05,0.93,0.88
1951,St. Louis Cardinals,Sportsmans Park,1,1.18,1.02,1.05,1.04,1.08,0.78,0.84,1.02,1.13,0.9,0.92
1952,St. Louis Cardinals,Sportsmans Park,1,1.16,1,1.08,1.02,1.09,0.79,0.84,1.01,1.12,0.9,0.93
1953,St. Louis Cardinals,Sportsmans Park,1.02,1.11,0.91,1.07,1,1.09,0.91,0.89,1.01,1.1,0.92,0.96
1954,St. Louis Cardinals,Sportsmans Park,1.02,0.98,0.96,1.19,1,1.09,0.94,0.87,1.01,1.04,0.96,0.99
1955,St. Louis Cardinals,Sportsmans Park,1.03,1.01,1.02,1.19,1.01,1.07,1.02,0.89,1.02,1.04,1.02,1.01
1956,St. Louis Cardinals,Sportsmans Park,1.01,1.03,1.1,1.2,1.01,1.08,1.06,0.86,1.01,1.06,1.09,1
1957,St. Louis Cardinals,Sportsmans Park,1.05,1.11,0.99,1.16,0.99,1.1,0.99,0.92,1.01,1.1,1,1.01
1958,St. Louis Cardinals,Sportsmans Park,1.04,1.09,0.95,1.22,1,1.1,0.92,0.92,1.02,1.1,0.93,1.03
1959,St. Louis Cardinals,Sportsmans Park,1.05,1.08,0.86,1.29,1.03,1.1,0.83,0.96,1.04,1.09,0.85,1.07
1960,St. Louis Cardinals,Sportsmans Park,1.05,1.09,0.86,1.19,1.05,1.06,0.89,0.93,1.05,1.07,0.88,1.02
1961,St. Louis Cardinals,Sportsmans Park,1.05,1.14,0.89,1.17,1.06,1.07,0.92,0.96,1.05,1.09,0.9,1.04
1962,St. Louis Cardinals,Sportsmans Park,1.07,1.19,0.86,1.16,1.05,1.05,1.04,1.02,1.05,1.09,0.95,1.08
1963,St. Louis Cardinals,Sportsmans Park,1.06,1.12,0.85,1.22,1.04,1.07,0.91,1.06,1.05,1.09,0.88,1.12
1964,St. Louis Cardinals,Sportsmans Park,1.06,1.06,0.86,1.32,1.04,1.02,0.87,1.18,1.04,1.04,0.87,1.23
1965,St. Louis Cardinals,Sportsmans Park,1.04,1.02,0.88,1.42,1.04,1.03,0.77,1.14,1.03,1.02,0.81,1.24
1966,St. Louis Cardinals,Busch Stadium,0.98,0.97,1.27,1,0.98,1.03,0.96,0.93,0.99,1.01,1.1,0.94
1967,St. Louis Cardinals,Busch Stadium,0.97,0.97,1.24,0.94,0.98,1,1.01,0.92,0.98,0.99,1.12,0.92
1968,St. Louis Cardinals,Busch Stadium,0.96,0.92,1.11,0.89,1,0.96,1,0.95,0.98,0.94,1.06,0.93
1969,St. Louis Cardinals,Busch Stadium,0.98,0.95,1.14,0.87,1,0.98,1.05,0.89,1,0.97,1.09,0.89
1970,St. Louis Cardinals,Busch Stadium,1,0.95,1.07,0.9,1.02,0.98,1.09,0.88,1.01,0.96,1.08,0.89
1971,St. Louis Cardinals,Busch Stadium,1.02,0.94,1.21,0.9,1.01,1,1.16,0.87,1.02,0.97,1.18,0.88
1972,St. Louis Cardinals,Busch Stadium,0.99,0.99,1.03,0.84,1,0.97,1.21,0.82,1,0.98,1.12,0.83
1973,St. Louis Cardinals,Busch Stadium,0.98,1.03,1.06,0.9,1,0.98,1.1,0.84,1,1.01,1.08,0.86
1974,St. Louis Cardinals,Busch Stadium,0.97,1.04,1.02,0.95,1.03,0.98,1.14,0.83,1,1,1.06,0.88
1975,St. Louis Cardinals,Busch Stadium,1,1.04,1.03,0.97,1.04,0.98,1.26,0.92,1.03,1.01,1.11,0.94
1976,St. Louis Cardinals,Busch Stadium,1,0.98,1.05,0.85,1.03,0.98,1.26,0.88,1.02,0.98,1.13,0.87
1977,St. Louis Cardinals,Busch Stadium,1.01,1,1.11,0.77,1.02,0.96,1.13,0.85,1.02,0.98,1.12,0.82
1978,St. Louis Cardinals,Busch Stadium,1.01,0.97,1.21,0.85,1.02,0.99,1.08,0.87,1.02,0.98,1.14,0.86
1979,St. Louis Cardinals,Busch Stadium,1.03,1.03,1.28,0.87,1.02,1.04,1.09,0.89,1.03,1.03,1.18,0.88
1980,St. Louis Cardinals,Busch Stadium,1.03,1.04,1.37,0.91,1.03,1.05,1.13,0.94,1.03,1.04,1.26,0.93
1981,St. Louis Cardinals,Busch Stadium,1.03,1.1,1.27,0.82,1.01,1.01,1.3,0.96,1.02,1.05,1.29,0.9
1982,St. Louis Cardinals,Busch Stadium,1.01,1.03,1.31,0.88,1,0.97,1.63,0.98,1,1,1.43,0.94
1983,St. Louis Cardinals,Busch Stadium,0.99,1.03,1.14,0.87,0.99,1.04,1.66,0.96,0.99,1.04,1.33,0.92
1984,St. Louis Cardinals,Busch Stadium,1,1.01,1.18,0.9,0.98,1.06,1.43,0.89,0.99,1.04,1.29,0.89
1985,St. Louis Cardinals,Busch Stadium,1,1.02,1.07,0.9,0.99,1.1,1.26,0.87,1,1.06,1.16,0.88
1986,St. Louis Cardinals,Busch Stadium,1.01,1.04,1.05,0.91,1,1.04,1.09,0.89,1.01,1.04,1.07,0.9
1987,St. Louis Cardinals,Busch Stadium,1,1.05,1.11,0.93,1.02,1.01,1.05,0.89,1.01,1.02,1.08,0.9
1988,St. Louis Cardinals,Busch Stadium,0.99,1.09,1.3,0.9,1.01,1.01,1.07,0.86,1.01,1.04,1.17,0.87
1989,St. Louis Cardinals,Busch Stadium,0.99,1.06,1.47,0.92,1,1.02,1.17,0.89,1,1.04,1.31,0.9
1990,St. Louis Cardinals,Busch Stadium,0.98,1.01,1.59,0.82,0.99,1.07,1.15,0.92,0.99,1.04,1.35,0.88
1991,St. Louis Cardinals,Busch Stadium,0.98,1.01,1.35,0.88,0.99,1.01,1.06,0.97,0.99,1.01,1.2,0.93
1992,St. Louis Cardinals,Busch Stadium,0.98,1,1.24,0.88,0.99,0.99,1,0.9,0.99,0.99,1.11,0.9
1993,St. Louis Cardinals,Busch Stadium,1.01,1.05,0.98,0.99,0.99,0.98,1.01,0.93,1,1.01,0.99,0.95
1994,St. Louis Cardinals,Busch Stadium,1.01,1.05,0.91,0.97,0.99,1.03,1.1,0.91,1,1.04,1,0.93
1995,St. Louis Cardinals,Busch Stadium,1.02,1.05,0.89,0.96,0.99,1.05,1.09,0.96,1.01,1.05,0.98,0.96
1996,St. Louis Cardinals,Busch Stadium,0.99,1.05,0.81,0.96,1,1.04,0.96,0.94,1,1.04,0.88,0.95
1997,St. Louis Cardinals,Busch Stadium,0.98,1.03,0.81,1.01,1,1.01,0.99,0.97,0.99,1.02,0.89,0.99
1998,St. Louis Cardinals,Busch Stadium,0.98,1.03,0.8,1.08,0.98,0.97,0.86,0.98,0.98,0.99,0.83,1.01
1999,St. Louis Cardinals,Busch Stadium,0.98,1.02,0.98,1.13,0.98,0.97,0.9,1.01,0.98,0.99,0.93,1.05
2000,St. Louis Cardinals,Busch Stadium,0.99,1,1.03,1.09,0.98,0.95,0.87,1.01,0.98,0.97,0.93,1.04
2001,St. Louis Cardinals,Busch Stadium,0.99,1,0.93,1.06,0.99,1,0.9,1,0.99,1,0.92,1.02
2002,St. Louis Cardinals,Busch Stadium,0.98,0.99,0.8,0.98,1,1,0.91,0.93,1,1,0.86,0.95
2003,St. Louis Cardinals,Busch Stadium,1,1,0.78,0.94,1,1.03,0.9,0.91,1,1.02,0.84,0.92
2004,St. Louis Cardinals,Busch Stadium,1,1.02,0.82,0.94,1.01,1.01,0.95,0.95,1.01,1.01,0.89,0.95
2005,St. Louis Cardinals,Busch Stadium,1.02,1.03,0.88,0.95,1,1.01,0.97,1,1.01,1.02,0.93,0.98
2006,St. Louis Cardinals,Busch Stadium,1,0.94,0.83,0.89,1,0.96,1.04,0.9,1,0.95,0.93,0.89
2007,St. Louis Cardinals,Busch Stadium,0.99,0.94,0.87,0.93,1,0.96,1.07,0.91,1,0.95,0.95,0.92
2008,St. Louis Cardinals,Busch Stadium,1.01,0.93,0.88,0.91,1,0.97,1,0.89,1.01,0.96,0.94,0.89
2009,St. Louis Cardinals,Busch Stadium,0.99,0.92,0.93,0.95,1,1,0.96,0.88,1,0.96,0.94,0.91
2010,St. Louis Cardinals,Busch Stadium,0.99,0.9,0.91,0.93,0.98,1.01,0.86,0.86,0.99,0.97,0.89,0.89
2011,St. Louis Cardinals,Busch Stadium,0.99,0.93,0.91,0.99,0.99,1.02,0.91,0.87,0.99,0.99,0.91,0.91
2012,St. Louis Cardinals,Busch Stadium,1,0.96,0.85,0.97,0.97,1,0.93,0.9,0.99,0.98,0.88,0.93
2013,St. Louis Cardinals,Busch Stadium,1,1.02,0.96,0.97,0.99,1.03,0.99,0.93,1,1.02,0.97,0.95
2014,St. Louis Cardinals,Busch Stadium,1,0.98,1.06,0.93,0.99,1.02,0.98,0.94,1,1,1.02,0.94
2015,St. Louis Cardinals,Busch Stadium,0.99,0.98,1.06,0.98,1,1.01,0.88,0.92,1,1,0.95,0.94
2016,St. Louis Cardinals,Busch Stadium,1,0.98,0.89,0.98,1,0.96,0.92,0.9,1,0.97,0.91,0.93
2017,St. Louis Cardinals,Busch Stadium,0.98,1.01,0.8,0.99,0.99,0.94,0.96,0.9,0.99,0.97,0.87,0.93
2018,St. Louis Cardinals,Busch Stadium,0.98,0.99,0.88,0.96,0.99,0.94,1.04,0.9,0.99,0.96,0.96,0.92
2019,St. Louis Cardinals,Busch Stadium,0.97,0.96,0.87,0.96,0.99,0.95,1.01,0.9,0.98,0.95,0.94,0.92
2020,St. Louis Cardinals,Busch Stadium,0.98,0.95,0.92,0.9,0.98,0.95,0.92,0.9,0.98,0.95,0.92,0.9
2021,St. Louis Cardinals,Busch Stadium,0.97,0.94,0.8,0.84,0.97,0.94,0.8,0.84,0.97,0.94,0.8,0.84
2022,St. Louis Cardinals,Busch Stadium,0.99,0.97,0.87,0.94,0.99,0.97,0.87,0.94,0.99,0.97,0.87,0.94
1884,St. Paul White Caps,St. Paul Park,1,1,1,1,1,1,1,1,1,1,1,1
1879,Syracuse Stars,Star Park I,0.95,1,1,0.95,0.95,1,1,0.95,0.95,1,1,0.95
1890,Syracuse Stars,Star Park II,0.94,1,1,0.94,0.94,1,1,0.94,0.94,1,1,0.94
1998,Tampa Bay Devil Rays,Tropicana Field,0.99,1.02,0.96,1.17,0.99,1.02,0.95,0.99,0.99,1.02,0.96,1.06
1999,Tampa Bay Devil Rays,Tropicana Field,0.98,1.02,1.01,1.11,0.99,1.03,0.98,1.01,0.99,1.03,0.99,1.05
2000,Tampa Bay Devil Rays,Tropicana Field,1,1.04,1.27,1.01,1,1.05,1.09,0.98,1,1.05,1.18,0.99
2001,Tampa Bay Devil Rays,Tropicana Field,0.99,1.03,1.18,0.98,1.02,1.03,1.18,0.96,1.01,1.03,1.18,0.97
2002,Tampa Bay Devil Rays,Tropicana Field,1,1.01,1.05,0.96,1.02,1.02,1.22,0.91,1.01,1.02,1.13,0.93
2003,Tampa Bay Devil Rays,Tropicana Field,1,0.98,1.03,0.99,0.99,0.99,1.07,0.9,0.99,0.99,1.05,0.94
2004,Tampa Bay Devil Rays,Tropicana Field,1,0.96,1.1,0.98,0.99,0.98,1.02,0.93,0.99,0.97,1.06,0.95
2005,Tampa Bay Devil Rays,Tropicana Field,0.99,0.97,1.35,1.06,0.98,0.97,0.99,0.97,0.98,0.97,1.15,1.01
2006,Tampa Bay Devil Rays,Tropicana Field,0.98,0.98,1.23,1.01,0.99,0.97,1.05,0.99,0.98,0.97,1.13,1
2007,Tampa Bay Devil Rays,Tropicana Field,0.99,0.98,1.13,1,0.98,0.97,1.14,1.01,0.98,0.98,1.12,1.01
2008,Tampa Bay Devil Rays,Tropicana Field,1.01,1.01,1.06,0.95,0.98,0.95,1.18,0.99,0.99,0.98,1.1,0.97
2009,Tampa Bay Devil Rays,Tropicana Field,1,1.01,1.1,0.96,0.99,0.93,1.34,0.98,0.99,0.97,1.18,0.97
2010,Tampa Bay Devil Rays,Tropicana Field,0.98,1.02,0.97,1,0.98,0.94,1.27,0.95,0.98,0.97,1.1,0.97
2011,Tampa Bay Devil Rays,Tropicana Field,0.96,0.97,0.96,0.94,0.98,0.97,1.26,0.95,0.97,0.97,1.08,0.95
2012,Tampa Bay Devil Rays,Tropicana Field,0.96,0.98,1.02,0.97,0.98,0.97,1.17,0.93,0.97,0.97,1.09,0.95
2013,Tampa Bay Rays,Tropicana Field,0.97,0.98,1.11,0.91,0.99,0.96,1.1,0.94,0.98,0.97,1.11,0.93
2014,Tampa Bay Rays,Tropicana Field,0.98,0.98,0.99,1.06,1,0.94,1.02,0.93,0.99,0.95,1.01,0.98
2015,Tampa Bay Rays,Tropicana Field,0.99,0.96,0.89,1.01,0.99,0.95,0.93,0.94,0.99,0.95,0.91,0.97
2016,Tampa Bay Rays,Tropicana Field,0.99,0.95,0.97,1,1,0.96,1.02,0.97,0.99,0.95,0.99,0.99
2017,Tampa Bay Rays,Tropicana Field,0.98,0.95,1.16,0.95,0.99,0.96,1.02,0.98,0.99,0.95,1.09,0.97
2018,Tampa Bay Rays,Tropicana Field,0.98,0.93,1.12,0.95,1,1,1.13,0.99,1.03,0.97,1.12,1.01
2019,Tampa Bay Rays,Tropicana Field,0.98,0.92,1.14,0.99,0.99,1.02,1.12,0.96,1.05,0.98,1.13,1.03
2020,Tampa Bay Rays,Tropicana Field,1.04,1.01,1.01,0.97,1.04,1.01,1.01,0.97,1.04,1.01,1.01,0.97
2021,Tampa Bay Rays,Tropicana Field,0.98,1.02,0.96,0.94,0.98,1.02,0.96,0.94,0.98,1.02,0.96,0.94
2022,Tampa Bay Rays,Tropicana Field,0.98,1.04,0.99,0.97,0.98,1.04,0.99,0.97,0.98,1.04,0.99,0.97
1961,Washington Senators,Griffith Stadium,1.08,0.99,1.43,0.72,1,1.06,1.4,0.82,1.03,1.04,1.43,0.77
1962,Washington Senators,D.C. Stadium,0.98,1.04,0.98,0.91,1.01,0.97,1.13,1.02,1,0.99,1.08,0.97
1963,Washington Senators,D.C. Stadium,0.98,1.04,1.06,0.99,1.01,0.95,1.08,1.04,1,0.98,1.07,1.02
1964,Washington Senators,D.C. Stadium,0.99,1.01,1.08,1.03,0.99,0.93,1.01,1.01,0.99,0.96,1.03,1.02
1965,Washington Senators,D.C. Stadium,0.98,1.06,1.07,1.03,0.99,0.98,0.88,1.07,0.98,1.01,0.94,1.06
1966,Washington Senators,D.C. Stadium,0.97,1.05,1.1,0.94,0.99,1,0.95,1.05,0.98,1.02,1,1.01
1967,Washington Senators,D.C. Stadium,0.97,1.03,1.13,0.86,1,0.97,0.95,1.03,0.99,0.99,1.02,0.97
1968,Washington Senators,D.C. Stadium,0.97,0.98,1.34,0.88,1,0.92,1.18,0.99,0.99,0.94,1.25,0.94
1969,Washington Senators,RFK Stadium,0.97,0.99,1.19,0.89,0.99,0.97,0.99,0.96,0.98,0.98,1.07,0.93
1970,Washington Senators,RFK Stadium,0.99,0.93,1.06,0.93,0.99,1,0.95,0.93,0.99,0.97,0.99,0.93
1971,Washington Senators,RFK Stadium,1,0.93,0.85,0.94,0.98,1.05,0.9,0.89,0.99,1,0.88,0.9
1972,Texas Rangers,Arlington Stadium,1,1.03,0.76,0.8,1,1.02,0.97,0.96,1,1.02,0.87,0.9
1973,Texas Rangers,Arlington Stadium,1.01,1.05,0.83,0.89,1,1.01,0.94,0.91,1.01,1.02,0.89,0.9
1974,Texas Rangers,Arlington Stadium,1,1.01,0.93,0.95,1.02,1.01,0.88,0.88,1.01,1.01,0.91,0.9
1975,Texas Rangers,Arlington Stadium,0.99,0.97,0.97,1.05,1.01,1,0.78,0.93,1,0.99,0.86,0.97
1976,Texas Rangers,Arlington Stadium,1,0.95,1.01,1.09,1.01,1,0.77,0.99,1.01,0.98,0.87,1.03
1977,Texas Rangers,Arlington Stadium,1,0.95,0.99,1.03,1.02,1.01,0.77,1,1.01,0.98,0.86,1.01
1978,Texas Rangers,Arlington Stadium,1.01,0.93,1.05,1.05,1.03,0.98,0.79,0.94,1.02,0.96,0.89,0.98
1979,Texas Rangers,Arlington Stadium,1.01,0.95,0.93,0.97,1.02,0.95,0.76,0.93,1.01,0.95,0.84,0.95
1980,Texas Rangers,Arlington Stadium,1.02,0.97,0.85,0.94,1.01,0.95,0.79,0.89,1.02,0.96,0.82,0.92
1981,Texas Rangers,Arlington Stadium,1.01,0.99,0.71,0.92,1,0.97,0.81,0.88,1,0.98,0.76,0.9
1982,Texas Rangers,Arlington Stadium,0.99,0.98,0.81,0.89,1.01,1,0.89,0.83,1.01,0.99,0.85,0.84
1983,Texas Rangers,Arlington Stadium,1,1.02,0.79,0.9,1.02,1.01,0.92,0.88,1.01,1.01,0.86,0.89
1984,Texas Rangers,Arlington Stadium,1.02,1,0.83,0.98,1.04,1,1.01,0.99,1.03,1,0.92,0.98
1985,Texas Rangers,Arlington Stadium,1,0.96,0.81,0.96,1.03,0.99,0.96,1.04,1.02,0.98,0.88,1
1986,Texas Rangers,Arlington Stadium,1.01,0.93,0.9,1.03,1.03,0.95,0.96,1.04,1.02,0.95,0.93,1.04
1987,Texas Rangers,Arlington Stadium,1.01,0.94,1.17,0.97,1.03,0.96,0.84,0.99,1.02,0.95,0.97,0.99
1988,Texas Rangers,Arlington Stadium,1.01,0.93,1.15,1.02,1.02,0.96,0.84,1.09,1.02,0.95,0.96,1.07
1989,Texas Rangers,Arlington Stadium,0.99,0.95,1.25,1.05,1.03,0.95,0.86,1.14,1.01,0.95,1.03,1.1
1990,Texas Rangers,Arlington Stadium,0.98,0.97,1.22,1.08,1.03,0.96,1.06,1.06,1.01,0.96,1.14,1.07
1991,Texas Rangers,Arlington Stadium,0.99,1,1.23,1.09,1.03,0.98,1.11,0.98,1.01,0.99,1.16,1.02
1992,Texas Rangers,Arlington Stadium,0.98,0.99,1.11,1.03,1.01,0.99,1.16,0.98,1,0.99,1.13,0.99
1993,Texas Rangers,Arlington Stadium,0.98,0.99,1.01,1.01,1.01,0.99,1.1,1,1,0.99,1.05,1
1994,Texas Rangers,The Ballpark in Arlington,0.99,0.89,1.04,1.03,1.01,0.99,1.23,0.9,1,0.95,1.12,0.95
1995,Texas Rangers,The Ballpark in Arlington,1,0.89,1.14,1.09,1.02,0.99,1.24,0.91,1.01,0.95,1.18,0.97
1996,Texas Rangers,The Ballpark in Arlington,1.01,0.91,1.13,1.15,1.01,0.98,1.3,0.96,1.01,0.95,1.19,1.03
1997,Texas Rangers,The Ballpark in Arlington,1.04,0.95,1.28,1.11,1.02,1,1.27,0.95,1.03,0.98,1.28,1.01
1998,Texas Rangers,The Ballpark in Arlington,1.03,0.98,1.22,1.07,1.02,0.97,1.28,0.96,1.02,0.98,1.24,1.01
1999,Texas Rangers,The Ballpark in Arlington,1.02,1.04,1.16,1.07,1.01,0.99,1.08,1,1.02,1.01,1.12,1.03
2000,Texas Rangers,The Ballpark in Arlington,1,1,1.21,1.05,1.01,0.98,1.04,1,1.01,0.99,1.12,1.02
2001,Texas Rangers,The Ballpark in Arlington,1.01,1,1.1,1.08,1.01,1.03,1.06,1.06,1.01,1.02,1.08,1.07
2002,Texas Rangers,The Ballpark in Arlington,1.02,0.96,1.23,1.07,1.03,1.04,1.13,1.06,1.03,1.01,1.17,1.07
2003,Texas Rangers,The Ballpark in Arlington,1.02,0.98,1.15,1.1,1.04,1.05,1.15,1.08,1.03,1.02,1.15,1.09
2004,Texas Rangers,Ameriquest Field in Arlington,1.01,0.98,1.47,1.15,1.03,1.04,1.12,1.02,1.02,1.01,1.26,1.08
2005,Texas Rangers,Ameriquest Field in Arlington,1,0.99,1.24,1.12,1.01,1.04,1.1,1,1.01,1.02,1.16,1.05
2006,Texas Rangers,Ameriquest Field in Arlington,0.99,0.97,1.25,1.12,1.01,1.03,1.09,0.99,1,1.01,1.17,1.05
2007,Texas Rangers,Ameriquest Field in Arlington,1,0.98,1.3,1.05,1.02,1.02,1.16,1.04,1.01,1,1.23,1.04
2008,Texas Rangers,Ameriquest Field in Arlington,1,0.97,1.4,1.09,1.03,1.01,1.32,1.05,1.02,0.99,1.35,1.07
2009,Texas Rangers,Ameriquest Field in Arlington,1,1,1.26,1.12,1.03,1.01,1.13,1.07,1.02,1,1.19,1.09
2010,Texas Rangers,Ameriquest Field in Arlington,1,1.05,1.23,1.14,1.03,1,1.08,1.1,1.02,1.02,1.15,1.12
2011,Texas Rangers,Rangers Ballpark in Arlington,1.02,1.06,1.02,1.15,1.02,1.01,1.08,1.09,1.02,1.02,1.05,1.11
2012,Texas Rangers,Rangers Ballpark in Arlington,1.03,1.01,0.99,1.1,1.02,1,1.1,1.06,1.02,1,1.05,1.07
2013,Texas Rangers,Rangers Ballpark in Arlington,1.02,0.94,1,1.05,1,0.96,1.15,0.97,1.01,0.95,1.07,1
2014,Texas Rangers,Globe Life Park,1.01,0.93,1.06,1,1.01,0.96,1.04,0.97,1.01,0.94,1.05,0.98
2015,Texas Rangers,Globe Life Park,1.01,0.93,1.29,1.02,1.02,0.97,1.11,0.98,1.02,0.96,1.18,1
2016,Texas Rangers,Globe Life Park,1.03,0.96,1.06,1.03,1.04,1.03,0.99,1.02,1.04,1,1.02,1.02
2017,Texas Rangers,Globe Life Park,1.04,0.96,1.34,1.08,1.04,1.03,1.14,1.03,1.04,1,1.22,1.05
2018,Texas Rangers,Globe Life Park,1.04,0.99,1.17,1.06,1.04,1,1.18,1.02,1.04,1,1.17,1.04
2019,Texas Rangers,Globe Life Park,1.03,1,1.29,1.06,1.05,0.98,1.23,1.01,1.04,0.99,1.26,1.04
2020,Texas Rangers,Globe Life Field,1,0.98,0.9,0.96,1,0.98,0.9,0.96,1,0.98,0.9,0.96
2021,Texas Rangers,Globe Life Field,1,1,0.95,1,1,1,0.95,1,1,1,0.95,1
2022,Texas Rangers,Globe Life Field,1,1.03,0.91,1.08,1,1.03,0.91,1.08,1,1.03,0.91,1.08
1890,Toledo Maumees,Speranza Park,1.01,1,1,1.01,1.01,1,1,1.01,1.01,1,1,1.01
1884,Toledo Blue Stockings,League Park,1.02,1,1,1.02,1.02,1,1,1.02,1.02,1,1,1.02
1977,Toronto Blue Jays,Exhibition Stadium,0.98,1.11,1.04,1.01,1.03,1.02,1.08,1.08,1.01,1.06,1.07,1.05
1978,Toronto Blue Jays,Exhibition Stadium,0.98,1.05,1.02,0.97,1.03,1.05,1.05,1.03,1.01,1.05,1.04,1
1979,Toronto Blue Jays,Exhibition Stadium,0.97,1.08,1.07,0.93,1.04,1.06,1.11,0.99,1,1.07,1.09,0.96
1980,Toronto Blue Jays,Exhibition Stadium,0.98,1.09,1.11,0.97,1.03,1.09,1.21,1.01,1.01,1.09,1.16,0.99
1981,Toronto Blue Jays,Exhibition Stadium,1.01,1.14,1.3,1.03,1.02,1.11,1.29,1.04,1.01,1.12,1.29,1.03
1982,Toronto Blue Jays,Exhibition Stadium,1.04,1.13,1.39,1.2,1.02,1.11,1.41,1.08,1.03,1.12,1.4,1.13
1983,Toronto Blue Jays,Exhibition Stadium,1.03,1.12,1.52,1.1,1.01,1.1,1.18,1.05,1.02,1.11,1.35,1.07
1984,Toronto Blue Jays,Exhibition Stadium,1.01,1.16,1.49,1.08,1,1.07,1.19,1.07,1,1.11,1.33,1.07
1985,Toronto Blue Jays,Exhibition Stadium,1.01,1.15,1.31,0.99,0.99,1.08,1.11,1.04,1,1.11,1.21,1.02
1986,Toronto Blue Jays,Exhibition Stadium,0.99,1.14,1.15,1.03,0.99,1.05,1.12,1.01,0.99,1.09,1.13,1.02
1987,Toronto Blue Jays,Exhibition Stadium,0.99,1.09,1.15,1.03,1,1.01,1.1,1,1,1.04,1.12,1.01
1988,Toronto Blue Jays,Exhibition Stadium,0.97,1.08,1.32,1.03,1,0.97,1.07,0.97,0.99,1.02,1.16,0.99
1989,Toronto Blue Jays,SkyDome,0.96,1.01,1.2,1.02,0.99,1,1.05,1.14,0.98,1,1.11,1.11
1990,Toronto Blue Jays,SkyDome,0.99,1.04,1.17,0.97,1,1,1,1.22,1,1.02,1.08,1.12
1991,Toronto Blue Jays,SkyDome,1.02,1.12,1.06,0.93,0.99,0.99,1.08,1.18,1.01,1.03,1.08,1.09
1992,Toronto Blue Jays,SkyDome,1.01,1.13,1.24,0.9,1,1.02,1.2,1.25,1.01,1.06,1.23,1.1
1993,Toronto Blue Jays,SkyDome,0.99,1.08,1.12,1,0.99,1.02,1.27,1.11,0.99,1.04,1.2,1.07
1994,Toronto Blue Jays,SkyDome,0.98,1.02,1.16,1.01,1,1.05,1.18,1.18,0.99,1.04,1.16,1.11
1995,Toronto Blue Jays,SkyDome,1,1.01,1.05,1.09,1,1.05,1.01,1.03,1,1.04,1.03,1.05
1996,Toronto Blue Jays,SkyDome,1,1.03,1.3,0.98,1,1.04,1.02,1.01,1,1.03,1.13,1
1997,Toronto Blue Jays,SkyDome,0.99,1.07,1.16,0.99,1,1.03,1.01,0.96,1,1.05,1.07,0.97
1998,Toronto Blue Jays,SkyDome,0.99,1.07,0.99,0.95,0.99,1.05,0.94,0.94,0.99,1.06,0.96,0.94
1999,Toronto Blue Jays,SkyDome,0.99,1.07,0.81,0.98,0.99,1.11,0.92,0.98,0.99,1.09,0.86,0.98
2000,Toronto Blue Jays,SkyDome,1,1.06,0.82,0.99,1.01,1.11,0.95,0.97,1,1.09,0.89,0.98
2001,Toronto Blue Jays,SkyDome,0.99,1.06,0.88,1.01,1.01,1.11,0.98,1.03,1,1.09,0.93,1.02
2002,Toronto Blue Jays,SkyDome,1,1.08,0.85,1.06,1.02,1.1,1.03,1.02,1.01,1.09,0.93,1.04
2003,Toronto Blue Jays,SkyDome,1.01,1.06,0.87,1.07,1.01,1.08,1.08,1.05,1.01,1.07,0.96,1.06
2004,Toronto Blue Jays,SkyDome,1.02,1.04,0.88,1.07,1.01,1.05,1.14,1.09,1.02,1.05,1,1.08
2005,Toronto Blue Jays,SkyDome,1,1,1.04,1.05,1.01,1.03,1.25,1.14,1.01,1.01,1.16,1.1
2006,Toronto Blue Jays,SkyDome,1,0.99,1.11,1.14,0.99,1.08,1.27,1.12,0.99,1.04,1.2,1.13
2007,Toronto Blue Jays,SkyDome,1,1.04,1.15,1.11,0.98,1.06,1.62,1.06,0.99,1.05,1.36,1.08
2008,Toronto Blue Jays,SkyDome,0.99,1.07,1.19,1.03,0.97,1.07,1.31,1.04,0.98,1.07,1.25,1.03
2009,Toronto Blue Jays,SkyDome,0.98,1.07,1.11,1,0.98,1,1.3,1.09,0.98,1.03,1.2,1.06
2010,Toronto Blue Jays,SkyDome,0.99,1.03,1.09,1.03,1,1.05,1.21,1.11,1,1.04,1.15,1.08
2011,Toronto Blue Jays,SkyDome,1.01,1.06,1.06,1.03,1.01,1.02,1.28,1.12,1.01,1.03,1.16,1.09
2012,Toronto Blue Jays,SkyDome,1.01,1.15,0.94,1.05,1.02,1.1,1.16,1.1,1.01,1.12,1.03,1.08
2013,Toronto Blue Jays,SkyDome,1.01,1.16,0.93,1.06,1,1.07,1.09,1.14,1.01,1.11,0.99,1.1
2014,Toronto Blue Jays,SkyDome,1,1.14,0.98,1.08,0.99,1.11,0.95,1.11,0.99,1.12,0.97,1.1
2015,Toronto Blue Jays,SkyDome,1.02,1.09,1.06,1.06,0.99,1.07,1.06,1.04,1,1.08,1.07,1.05
2016,Toronto Blue Jays,Rogers Centre,1.01,1.06,1.05,0.99,1,1.09,0.96,1,1,1.07,1,1
2017,Toronto Blue Jays,Rogers Centre,1.02,1.05,0.95,0.99,1,1.07,1.01,1.02,1.01,1.07,0.99,1.01
2018,Toronto Blue Jays,Rogers Centre,0.98,1.01,1,1.05,0.99,1.05,0.97,1.07,0.98,1.03,0.98,1.06
2019,Toronto Blue Jays,Rogers Centre,0.96,1.01,0.95,1.09,0.98,1.04,1.01,1.11,0.97,1.03,0.98,1.1
2020,Toronto Blue Jays,Rogers Centre,0.99,1.01,0.95,1.04,0.99,1.01,0.95,1.04,0.99,1.01,0.95,1.04
2021,Toronto Blue Jays,Rogers Centre,1,1.02,0.84,1,1,1.02,0.84,1,1,1.02,0.84,1
2022,Toronto Blue Jays,Rogers Centre,0.98,1.04,0.82,1,0.98,1.04,0.82,1,0.98,1.04,0.82,1
1871,Troy Haymakers,Haymakers' Grounds,1.04,1,1,1.04,1.04,1,1,1.04,1.04,1,1,1.04
1872,Troy Haymakers,Haymakers' Grounds,1.03,1,1,1.03,1.03,1,1,1.03,1.03,1,1,1.03
1879,Troy Trojans,Putnam Grounds,0.99,1,1,0.99,0.99,1,1,0.99,0.99,1,1,0.99
1880,Troy Trojans,Haymakers' Grounds,1.03,1,1,1.03,1.03,1,1,1.03,1.03,1,1,1.03
1881,Troy Trojans,Haymakers' Grounds,1.04,1,1,1.04,1.04,1,1,1.04,1.04,1,1,1.04
1882,Troy Trojans,Troy Ball Club Grounds,0.97,1,1,0.97,0.97,1,1,0.97,0.97,1,1,0.97
1891,Washington Statesmen,Boundary Field,1.02,1,1,1.02,1.02,1,1,1.02,1.02,1,1,1.02
1892,Washington Senators,Boundary Field,0.99,1,1,0.99,0.99,1,1,0.99,0.99,1,1,0.99
1893,Washington Senators,Boundary Field,0.99,1,1,0.99,0.99,1,1,0.99,0.99,1,1,0.99
1894,Washington Senators,Boundary Field,1,1,1,1,1,1,1,1,1,1,1,1
1895,Washington Senators,Boundary Field,1.01,1,1,1.01,1.01,1,1,1.01,1.01,1,1,1.01
1896,Washington Senators,Boundary Field,1.01,1,1,1.01,1.01,1,1,1.01,1.01,1,1,1.01
1897,Washington Senators,Boundary Field,1.01,1,1,1.01,1.01,1,1,1.01,1.01,1,1,1.01
1898,Washington Senators,Boundary Field,1.01,1,1,1.01,1.01,1,1,1.01,1.01,1,1,1.01
1899,Washington Senators,Boundary Field,1.01,1,1,1.01,1.01,1,1,1.01,1.01,1,1,1.01
1873,Washington Blue Legs,Olympics Grounds,1.01,1,1,1.01,1.01,1,1,1.01,1.01,1,1,1.01
1875,Keokuk Westerns,Perry Park,1.05,1,1,1.05,1.05,1,1,1.05,1.05,1,1,1.05
1884,Wilmington Quicksteps,Union Street Park,1.03,1,1,1.03,1.03,1,1,1.03,1.03,1,1,1.03
1884,Washington Nationals,Capitol Grounds,0.98,1,1,0.98,0.98,1,1,0.98,0.98,1,1,0.98
1886,Washington Nationals,Swampdoodle Grounds,0.98,1,1,0.98,0.98,1,1,0.98,0.98,1,1,0.98
1887,Washington Nationals,Swampdoodle Grounds,0.98,1,1,0.98,0.98,1,1,0.98,0.98,1,1,0.98
1888,Washington Nationals,Swampdoodle Grounds,0.98,1,1,0.98,0.98,1,1,0.98,0.98,1,1,0.98
1889,Washington Nationals,Swampdoodle Grounds,0.98,1,1,0.98,0.98,1,1,0.98,0.98,1,1,0.98
1875,Washington Nationals,Olympics Grounds,0.96,1,1,0.96,0.96,1,1,0.96,0.96,1,1,0.96
1880,Worcester Ruby Legs,Agricultural County Fair Grounds,1.06,1,1,1.06,1.06,1,1,1.06,1.06,1,1,1.06
1881,Worcester Ruby Legs,Agricultural County Fair Grounds,1.06,1,1,1.06,1.06,1,1,1.06,1.06,1,1,1.06
1882,Worcester Ruby Legs,Agricultural County Fair Grounds,1.05,1,1,1.05,1.05,1,1,1.05,1.05,1,1,1.05
1969,Montreal Expos,Jarry Park,1.02,1.01,0.82,1.16,0.97,0.94,1.04,1.19,0.99,0.97,0.93,1.18
1970,Montreal Expos,Jarry Park,1.01,0.99,0.91,1.22,0.98,0.95,0.95,1.11,0.99,0.97,0.94,1.15
1971,Montreal Expos,Jarry Park,0.99,0.96,0.92,1.22,0.99,0.97,0.98,1.05,0.99,0.97,0.96,1.12
1972,Montreal Expos,Jarry Park,0.99,0.92,0.96,1.23,1.01,0.95,0.99,0.97,1,0.94,0.98,1.08
1973,Montreal Expos,Jarry Park,0.99,0.9,0.92,1.14,1.01,0.95,1.2,1,1,0.93,1.05,1.07
1974,Montreal Expos,Jarry Park,1.01,0.93,0.99,1.12,1.03,0.95,1.24,1.02,1.02,0.94,1.11,1.07
1975,Montreal Expos,Jarry Park,1.03,0.94,0.94,1.06,1.03,0.96,1.16,1.02,1.03,0.95,1.06,1.04
1976,Montreal Expos,Jarry Park,1.05,0.98,0.88,1.04,1.03,0.94,1.11,1.01,1.04,0.95,1.02,1.02
1977,Montreal Expos,Olympic Stadium,0.99,1,1.18,0.88,0.98,1.03,1.23,0.92,0.98,1.02,1.22,0.91
1978,Montreal Expos,Olympic Stadium,1,1.05,1.14,0.88,0.99,1.05,1.33,0.92,0.99,1.05,1.27,0.91
1979,Montreal Expos,Olympic Stadium,1.02,1.07,1.01,0.94,0.99,1.02,1.44,0.87,1,1.03,1.25,0.89
1980,Montreal Expos,Olympic Stadium,1.02,1.04,0.92,0.98,1,1.04,1.38,0.87,1.01,1.04,1.12,0.9
1981,Montreal Expos,Olympic Stadium,1.03,1,0.95,1.06,0.99,1.04,1.19,0.88,1.01,1.02,1.05,0.94
1982,Montreal Expos,Olympic Stadium,1.01,1.04,0.93,0.99,0.99,1.15,0.92,0.9,1,1.1,0.92,0.93
1983,Montreal Expos,Olympic Stadium,0.98,1.05,1.02,1.05,0.99,1.11,0.93,0.9,0.99,1.08,0.97,0.95
1984,Montreal Expos,Olympic Stadium,0.97,1.04,1.07,0.96,0.98,1.08,0.91,0.88,0.98,1.07,0.98,0.9
1985,Montreal Expos,Olympic Stadium,0.96,1.04,1.24,1.01,0.99,0.98,0.99,0.87,0.98,1,1.1,0.91
1986,Montreal Expos,Olympic Stadium,1,1.03,1.25,0.98,1,1.02,1.08,0.92,1,1.02,1.16,0.94
1987,Montreal Expos,Olympic Stadium,1.02,1.13,1.19,1.01,1.01,1.02,1.14,0.93,1.01,1.06,1.17,0.96
1988,Montreal Expos,Olympic Stadium,1.02,1.07,1.01,0.99,1.01,1.09,1.11,1.01,1.02,1.08,1.06,1
1989,Montreal Expos,Olympic Stadium,1.02,1.11,0.99,0.96,1,1.06,1.03,0.98,1.01,1.08,1.01,0.97
1990,Montreal Expos,Olympic Stadium,1,1.04,0.91,0.91,1,1.02,1.02,0.96,1,1.03,0.96,0.94
1991,Montreal Expos,Olympic Stadium,1.01,1.05,0.99,0.95,0.98,1.05,1.09,0.91,1,1.05,1.03,0.93
1992,Montreal Expos,Olympic Stadium,1.02,1.12,0.95,0.95,0.97,1.04,1.06,0.92,0.99,1.07,1,0.93
1993,Montreal Expos,Olympic Stadium,1.03,1.1,1.01,1.02,1,1.1,1,0.93,1.01,1.1,1.01,0.96
1994,Montreal Expos,Olympic Stadium,1.02,1.13,1.04,0.96,1,1.05,0.97,0.87,1.01,1.07,1,0.9
1995,Montreal Expos,Olympic Stadium,1.03,1.06,1.16,1.02,1.01,1.05,1.09,0.9,1.01,1.06,1.12,0.94
1996,Montreal Expos,Olympic Stadium,1.02,1.05,1.17,1,1,1.05,1.17,0.9,1.01,1.05,1.17,0.94
1997,Montreal Expos,Olympic Stadium,1.02,1.03,1,0.97,0.98,1.02,1.23,0.94,0.99,1.03,1.13,0.95
1998,Montreal Expos,Olympic Stadium,1.02,1.04,1.11,0.87,0.99,1.04,1.01,0.96,1,1.04,1.04,0.93
1999,Montreal Expos,Olympic Stadium,1.01,1.02,1.11,0.94,0.98,1.03,0.94,0.98,0.99,1.03,0.99,0.97
2000,Montreal Expos,Olympic Stadium,1.01,1.06,1.02,0.97,0.99,1.08,0.85,1.07,1,1.07,0.91,1.03
2001,Montreal Expos,Olympic Stadium,1.01,1.06,0.9,1.03,1,1.07,0.89,1.04,1,1.07,0.9,1.04
2002,Montreal Expos,Olympic Stadium,1.01,1.15,0.92,1.02,1.02,1.09,0.95,1.08,1.02,1.12,0.96,1.02
2003,Montreal Expos,Olympic Stadium,1,1.14,1.08,1.04,1.01,1.11,1.03,1.02,1.01,1.13,1.1,1.01
2004,Montreal Expos,Olympic Stadium,0.99,1.18,1.17,1.04,1.02,1.12,1.02,1.04,1.01,1.15,1.16,1.03
2005,Washington Nationals,RFK Stadium,0.97,0.91,1.22,0.94,0.96,1.05,1.08,0.91,0.97,0.98,1.16,0.92
2006,Washington Nationals,RFK Stadium,0.99,0.92,1.12,0.91,0.97,1.07,1,0.88,0.98,1,1.06,0.89
2007,Washington Nationals,RFK Stadium,1,0.92,1.12,0.88,0.98,1.03,0.97,0.88,0.99,0.98,1.04,0.88
2008,Washington Nationals,Nationals Park,1,1.07,1.26,0.98,0.97,0.97,0.92,0.96,0.98,1.01,1.07,0.96
2009,Washington Nationals,Nationals Park,1,1.06,1.13,0.96,0.98,0.98,0.88,0.99,0.99,1.01,0.99,0.97
2010,Washington Nationals,Nationals Park,1,1.07,0.96,1.01,0.99,0.97,0.92,1,0.99,1.01,0.94,1
2011,Washington Nationals,Nationals Park,1.02,1.01,0.84,0.97,1,0.98,1.01,1.04,1,0.99,0.92,1.01
2012,Washington Nationals,Nationals Park,1.02,1,0.83,0.96,1.01,0.96,0.96,0.98,1.02,0.97,0.88,0.97
2013,Washington Nationals,Nationals Park,1.04,0.98,0.81,0.89,1.03,0.98,0.78,0.92,1.03,0.98,0.8,0.91
2014,Washington Nationals,Nationals Park,1.01,0.99,0.81,0.89,1.04,1.01,0.64,0.93,1.03,1,0.72,0.92
2015,Washington Nationals,Nationals Park,1,1,0.8,0.91,1.01,0.99,0.74,1,1.01,1,0.77,0.96
2016,Washington Nationals,Nationals Park,0.98,1,0.85,0.94,1.02,0.98,0.79,1.07,1.01,0.99,0.82,1.01
2017,Washington Nationals,Nationals Park,1.02,1.04,0.82,0.99,1.02,0.97,0.9,1.07,1.02,1,0.86,1.03
2018,Washington Nationals,Nationals Park,1.05,1.05,0.84,1.06,1.02,1.02,0.88,1.07,1.03,1.03,0.86,1.07
2019,Washington Nationals,Nationals Park,1.05,1.1,0.9,1.12,1,1.03,0.92,1.07,1.02,1.06,0.91,1.09
2020,Washington Nationals,Nationals Park,1,1.02,0.89,1.03,1,1.02,0.89,1.03,1,1.02,0.89,1.03
2021,Washington Nationals,Nationals Park,0.97,1.04,0.92,1.01,0.97,1.04,0.92,1.01,0.97,1.04,0.92,1.01
2022,Washington Nationals,Nationals Park,0.99,1.03,0.95,1,0.99,1.03,0.95,1,0.99,1.03,0.95,1
1884,Washington Nationals,Athletic Park,1,1,1,1,1,1,1,1,1,1,1,1
2023,Los Angeles Angels of Anaheim,Angel Stadium of Anaheim,1,0.96,1.08,1.07,1,0.96,1.08,1.07,1,0.96,1.08,1.07
2023,Arizona Diamondbacks,Chase Field,1.03,1,1.16,0.87,1.03,1,1.16,0.87,1.03,1,1.16,0.87
2023,Atlanta Braves,Truist Park,1.02,0.97,0.99,1.02,1.02,0.97,0.99,1.02,1.02,0.97,0.99,1.02
2023,Baltimore Orioles,Oriole Park at Camden Yards,1,0.9,0.92,0.93,1,0.9,0.92,0.93,1,0.9,0.92,0.93
2023,Boston Red Sox,Fenway Park,1.04,1.01,1.45,1,1.04,1.01,1.45,1,1.04,1.01,1.45,1
2023,Chicago Cubs,Wrigley Field,1.01,0.96,1.11,0.98,1.01,0.96,1.11,0.98,1.01,0.96,1.11,0.98
2023,Chicago White Sox,Guaranteed Rate Field,0.99,0.96,0.76,1.04,0.99,0.96,0.76,1.04,0.99,0.96,0.76,1.04
2023,Cincinnati Reds,Great American Ball Park,0.99,0.98,0.85,1.2,0.99,0.98,0.85,1.2,0.99,0.98,0.85,1.2
2023,Cleveland Indians,Progressive Field,0.99,1.01,0.94,0.94,0.99,1.01,0.94,0.94,0.99,1.01,0.94,0.94
2023,Colorado Rockies,Coors Field,1.05,1.03,1.22,1.07,1.05,1.03,1.22,1.07,1.05,1.03,1.22,1.07
2023,Detroit Tigers,Comerica Park,1.01,0.98,1.25,0.94,1.01,0.98,1.25,0.94,1.01,0.98,1.25,0.94
2023,Miami Marlins,LoanDepot Park,1.02,1.02,1,0.96,1.02,1.02,1,0.96,1.02,1.02,1,0.96
2023,Houston Astros,Minute Maid Park,1.01,1,1.11,1,1.01,1,1.11,1,1.01,1,1.11,1
2023,Kansas City Royals,Kauffman Stadium,1.02,1.03,1.05,0.93,1.02,1.03,1.05,0.93,1.02,1.03,1.05,0.93
2023,Los Angeles Dodgers,Dodger Stadium,0.98,1.02,0.87,1.09,0.98,1.02,0.87,1.09,0.98,1.02,0.87,1.09
2023,Milwaukee Brewers,American Family Field,0.99,1.05,0.99,1.1,0.99,1.05,0.99,1.1,0.99,1.05,0.99,1.1
2023,Minnesota Twins,Target Field,1.01,1.07,0.95,0.97,1.01,1.07,0.95,0.97,1.01,1.07,0.95,0.97
2023,New York Mets,Citi Field,0.97,0.96,0.88,0.98,0.97,0.96,0.88,0.98,0.97,0.96,0.88,0.98
2023,New York Yankees,Yankee Stadium,0.98,1.02,0.87,1.07,0.98,1.02,0.87,1.07,0.98,1.02,0.87,1.07
2023,Oakland Athletics,RingCentral Coliseum,0.98,1.02,1.08,0.89,0.98,1.02,1.08,0.89,0.98,1.02,1.08,0.89
2023,Philadelphia Phillies,Citizens Bank Park,0.98,1.02,1.1,1.08,0.98,1.02,1.1,1.08,0.98,1.02,1.1,1.08
2023,Pittsburgh Pirates,PNC Park,1.01,0.98,0.95,0.9,1.01,0.98,0.95,0.9,1.01,0.98,0.95,0.9
2023,San Diego Padres,Petco Park,0.97,0.98,0.83,1.01,0.97,0.98,0.83,1.01,0.97,0.98,0.83,1.01
2023,Seattle Mariners,T-Mobile Park,0.97,1,0.8,1,0.97,1,0.8,1,0.97,1,0.8,1
2023,San Francisco Giants,Oracle Park,1,0.96,1.09,0.9,1,0.96,1.09,0.9,1,0.96,1.09,0.9
2023,St. Louis Cardinals,Busch Stadium,1,0.97,0.88,0.98,1,0.97,0.88,0.98,1,0.97,0.88,0.98
2023,Tampa Bay Rays,Tropicana Field,0.98,1.05,1.07,1.02,0.98,1.05,1.07,1.02,0.98,1.05,1.07,1.02
2023,Texas Rangers,Globe Life Field,1,1.04,0.94,1.16,1,1.04,0.94,1.16,1,1.04,0.94,1.16
2023,Toronto Blue Jays,Rogers Centre,0.98,1.04,0.81,1.03,0.98,1.04,0.81,1.03,0.98,1.04,0.81,1.03
2023,Washington Nationals,Nationals Park,0.98,1.04,1,1,0.98,1.04,1,1,0.98,1.04,1,1
